2023-07-04 09:25:33,346:WARNING:
'cuml' is a soft dependency and not included in the pycaret installation. Please run: `pip install cuml` to install.
2023-07-04 09:25:33,346:WARNING:
'cuml' is a soft dependency and not included in the pycaret installation. Please run: `pip install cuml` to install.
2023-07-04 09:25:33,346:WARNING:
'cuml' is a soft dependency and not included in the pycaret installation. Please run: `pip install cuml` to install.
2023-07-04 09:25:33,346:WARNING:
'cuml' is a soft dependency and not included in the pycaret installation. Please run: `pip install cuml` to install.
2023-07-04 09:25:33,618:WARNING:
'prophet' is a soft dependency and not included in the pycaret installation. Please run: `pip install prophet` to install.
2023-07-04 09:26:27,839:WARNING:/tmp/ipykernel_12917/4076199752.py:1: FutureWarning: Passing a set as an indexer is deprecated and will raise in a future version. Use a list instead.
  df_test = df.loc[not_picked_indices, :]

2023-07-04 09:26:36,509:INFO:PyCaret RegressionExperiment
2023-07-04 09:26:36,509:INFO:Logging name: ws_from_meta
2023-07-04 09:26:36,509:INFO:ML Usecase: MLUsecase.REGRESSION
2023-07-04 09:26:36,509:INFO:version 3.0.3
2023-07-04 09:26:36,509:INFO:Initializing setup()
2023-07-04 09:26:36,509:INFO:self.USI: 27ff
2023-07-04 09:26:36,510:INFO:self._variable_keys: {'gpu_n_jobs_param', 'data', 'gpu_param', 'y', 'fold_generator', 'memory', 'fold_shuffle_param', 'pipeline', 'exp_id', 'html_param', 'X_test', 'exp_name_log', '_available_plots', 'X_train', 'X', 'USI', 'n_jobs_param', 'idx', 'fold_groups_param', 'logging_param', 'seed', 'target_param', 'y_test', 'transform_target_param', 'y_train', 'log_plots_param', '_ml_usecase'}
2023-07-04 09:26:36,510:INFO:Checking environment
2023-07-04 09:26:36,510:INFO:python_version: 3.9.5
2023-07-04 09:26:36,510:INFO:python_build: ('default', 'Nov 23 2021 15:27:38')
2023-07-04 09:26:36,510:INFO:machine: x86_64
2023-07-04 09:26:36,510:INFO:platform: Linux-5.4.0-153-generic-x86_64-with-glibc2.31
2023-07-04 09:26:36,510:INFO:Memory: svmem(total=8140615680, available=3783356416, percent=53.5, used=3583823872, free=664969216, active=4629323776, inactive=2088955904, buffers=286408704, cached=3605413888, shared=466317312, slab=356716544)
2023-07-04 09:26:36,511:INFO:Physical Core: 2
2023-07-04 09:26:36,512:INFO:Logical Core: 4
2023-07-04 09:26:36,512:INFO:Checking libraries
2023-07-04 09:26:36,512:INFO:System:
2023-07-04 09:26:36,512:INFO:    python: 3.9.5 (default, Nov 23 2021, 15:27:38)  [GCC 9.3.0]
2023-07-04 09:26:36,512:INFO:executable: /home/thom/venvs/fairlearn/bin/python
2023-07-04 09:26:36,512:INFO:   machine: Linux-5.4.0-153-generic-x86_64-with-glibc2.31
2023-07-04 09:26:36,512:INFO:PyCaret required dependencies:
2023-07-04 09:26:36,515:INFO:                 pip: 21.3.1
2023-07-04 09:26:36,515:INFO:          setuptools: 60.2.0
2023-07-04 09:26:36,515:INFO:             pycaret: 3.0.3
2023-07-04 09:26:36,515:INFO:             IPython: 8.14.0
2023-07-04 09:26:36,515:INFO:          ipywidgets: 8.0.6
2023-07-04 09:26:36,515:INFO:                tqdm: 4.65.0
2023-07-04 09:26:36,515:INFO:               numpy: 1.23.4
2023-07-04 09:26:36,515:INFO:              pandas: 1.5.1
2023-07-04 09:26:36,515:INFO:              jinja2: 3.1.2
2023-07-04 09:26:36,516:INFO:               scipy: 1.9.3
2023-07-04 09:26:36,516:INFO:              joblib: 1.2.0
2023-07-04 09:26:36,516:INFO:             sklearn: 1.1.3
2023-07-04 09:26:36,516:INFO:                pyod: 1.1.0
2023-07-04 09:26:36,516:INFO:            imblearn: 0.10.1
2023-07-04 09:26:36,516:INFO:   category_encoders: 2.6.1
2023-07-04 09:26:36,516:INFO:            lightgbm: 3.3.5
2023-07-04 09:26:36,516:INFO:               numba: 0.57.1
2023-07-04 09:26:36,516:INFO:            requests: 2.31.0
2023-07-04 09:26:36,516:INFO:          matplotlib: 3.7.1
2023-07-04 09:26:36,516:INFO:          scikitplot: 0.3.7
2023-07-04 09:26:36,516:INFO:         yellowbrick: 1.5
2023-07-04 09:26:36,516:INFO:              plotly: 5.15.0
2023-07-04 09:26:36,516:INFO:    plotly-resampler: Not installed
2023-07-04 09:26:36,517:INFO:             kaleido: 0.2.1
2023-07-04 09:26:36,517:INFO:           schemdraw: 0.15
2023-07-04 09:26:36,517:INFO:         statsmodels: 0.14.0
2023-07-04 09:26:36,517:INFO:              sktime: 0.20.0
2023-07-04 09:26:36,517:INFO:               tbats: 1.1.3
2023-07-04 09:26:36,517:INFO:            pmdarima: 2.0.3
2023-07-04 09:26:36,517:INFO:              psutil: 5.9.5
2023-07-04 09:26:36,517:INFO:          markupsafe: 2.1.3
2023-07-04 09:26:36,517:INFO:             pickle5: Not installed
2023-07-04 09:26:36,517:INFO:         cloudpickle: 2.2.1
2023-07-04 09:26:36,517:INFO:         deprecation: 2.1.0
2023-07-04 09:26:36,517:INFO:              xxhash: 3.2.0
2023-07-04 09:26:36,517:INFO:           wurlitzer: 3.0.3
2023-07-04 09:26:36,518:INFO:PyCaret optional dependencies:
2023-07-04 09:26:36,743:INFO:                shap: 0.41.0
2023-07-04 09:26:36,743:INFO:           interpret: Not installed
2023-07-04 09:26:36,743:INFO:                umap: Not installed
2023-07-04 09:26:36,743:INFO:    pandas_profiling: Not installed
2023-07-04 09:26:36,743:INFO:  explainerdashboard: Not installed
2023-07-04 09:26:36,743:INFO:             autoviz: Not installed
2023-07-04 09:26:36,743:INFO:           fairlearn: Not installed
2023-07-04 09:26:36,744:INFO:          deepchecks: Not installed
2023-07-04 09:26:36,744:INFO:             xgboost: Not installed
2023-07-04 09:26:36,744:INFO:            catboost: Not installed
2023-07-04 09:26:36,744:INFO:              kmodes: Not installed
2023-07-04 09:26:36,744:INFO:             mlxtend: Not installed
2023-07-04 09:26:36,744:INFO:       statsforecast: Not installed
2023-07-04 09:26:36,744:INFO:        tune_sklearn: Not installed
2023-07-04 09:26:36,744:INFO:                 ray: Not installed
2023-07-04 09:26:36,744:INFO:            hyperopt: Not installed
2023-07-04 09:26:36,744:INFO:              optuna: Not installed
2023-07-04 09:26:36,744:INFO:               skopt: Not installed
2023-07-04 09:26:36,744:INFO:              mlflow: Not installed
2023-07-04 09:26:36,744:INFO:              gradio: Not installed
2023-07-04 09:26:36,744:INFO:             fastapi: 0.99.1
2023-07-04 09:26:36,744:INFO:             uvicorn: Not installed
2023-07-04 09:26:36,744:INFO:              m2cgen: 0.10.0
2023-07-04 09:26:36,744:INFO:           evidently: Not installed
2023-07-04 09:26:36,744:INFO:               fugue: Not installed
2023-07-04 09:26:36,744:INFO:           streamlit: Not installed
2023-07-04 09:26:36,744:INFO:             prophet: Not installed
2023-07-04 09:26:36,744:INFO:None
2023-07-04 09:26:36,744:INFO:Set up data.
2023-07-04 09:26:36,755:INFO:Set up train/test split.
2023-07-04 09:26:36,758:INFO:Set up index.
2023-07-04 09:26:36,758:INFO:Set up folding strategy.
2023-07-04 09:26:36,759:INFO:Assigning column types.
2023-07-04 09:26:36,762:INFO:Engine successfully changes for model 'lr' to 'sklearn'.
2023-07-04 09:26:36,762:INFO:Engine for model 'lasso' has not been set explicitly, hence returning None.
2023-07-04 09:26:36,772:INFO:Engine for model 'ridge' has not been set explicitly, hence returning None.
2023-07-04 09:26:36,782:INFO:Engine for model 'en' has not been set explicitly, hence returning None.
2023-07-04 09:26:36,903:INFO:Engine for model 'svm' has not been set explicitly, hence returning None.
2023-07-04 09:26:36,998:INFO:Engine for model 'knn' has not been set explicitly, hence returning None.
2023-07-04 09:26:37,001:WARNING:
'xgboost' is a soft dependency and not included in the pycaret installation. Please run: `pip install xgboost` to install.
Alternately, you can install this by running `pip install pycaret[models]`
2023-07-04 09:26:37,011:WARNING:
'catboost' is a soft dependency and not included in the pycaret installation. Please run: `pip install catboost` to install.
Alternately, you can install this by running `pip install pycaret[models]`
2023-07-04 09:26:37,011:INFO:Engine for model 'lasso' has not been set explicitly, hence returning None.
2023-07-04 09:26:37,021:INFO:Engine for model 'ridge' has not been set explicitly, hence returning None.
2023-07-04 09:26:37,030:INFO:Engine for model 'en' has not been set explicitly, hence returning None.
2023-07-04 09:26:37,149:INFO:Engine for model 'svm' has not been set explicitly, hence returning None.
2023-07-04 09:26:37,243:INFO:Engine for model 'knn' has not been set explicitly, hence returning None.
2023-07-04 09:26:37,244:WARNING:
'xgboost' is a soft dependency and not included in the pycaret installation. Please run: `pip install xgboost` to install.
Alternately, you can install this by running `pip install pycaret[models]`
2023-07-04 09:26:37,245:WARNING:
'catboost' is a soft dependency and not included in the pycaret installation. Please run: `pip install catboost` to install.
Alternately, you can install this by running `pip install pycaret[models]`
2023-07-04 09:26:37,245:INFO:Engine successfully changes for model 'lasso' to 'sklearn'.
2023-07-04 09:26:37,255:INFO:Engine for model 'ridge' has not been set explicitly, hence returning None.
2023-07-04 09:26:37,265:INFO:Engine for model 'en' has not been set explicitly, hence returning None.
2023-07-04 09:26:37,382:INFO:Engine for model 'svm' has not been set explicitly, hence returning None.
2023-07-04 09:26:37,476:INFO:Engine for model 'knn' has not been set explicitly, hence returning None.
2023-07-04 09:26:37,477:WARNING:
'xgboost' is a soft dependency and not included in the pycaret installation. Please run: `pip install xgboost` to install.
Alternately, you can install this by running `pip install pycaret[models]`
2023-07-04 09:26:37,477:WARNING:
'catboost' is a soft dependency and not included in the pycaret installation. Please run: `pip install catboost` to install.
Alternately, you can install this by running `pip install pycaret[models]`
2023-07-04 09:26:37,487:INFO:Engine for model 'ridge' has not been set explicitly, hence returning None.
2023-07-04 09:26:37,497:INFO:Engine for model 'en' has not been set explicitly, hence returning None.
2023-07-04 09:26:37,618:INFO:Engine for model 'svm' has not been set explicitly, hence returning None.
2023-07-04 09:26:37,718:INFO:Engine for model 'knn' has not been set explicitly, hence returning None.
2023-07-04 09:26:37,719:WARNING:
'xgboost' is a soft dependency and not included in the pycaret installation. Please run: `pip install xgboost` to install.
Alternately, you can install this by running `pip install pycaret[models]`
2023-07-04 09:26:37,719:WARNING:
'catboost' is a soft dependency and not included in the pycaret installation. Please run: `pip install catboost` to install.
Alternately, you can install this by running `pip install pycaret[models]`
2023-07-04 09:26:37,719:INFO:Engine successfully changes for model 'ridge' to 'sklearn'.
2023-07-04 09:26:37,741:INFO:Engine for model 'en' has not been set explicitly, hence returning None.
2023-07-04 09:26:37,869:INFO:Engine for model 'svm' has not been set explicitly, hence returning None.
2023-07-04 09:26:37,964:INFO:Engine for model 'knn' has not been set explicitly, hence returning None.
2023-07-04 09:26:37,965:WARNING:
'xgboost' is a soft dependency and not included in the pycaret installation. Please run: `pip install xgboost` to install.
Alternately, you can install this by running `pip install pycaret[models]`
2023-07-04 09:26:37,965:WARNING:
'catboost' is a soft dependency and not included in the pycaret installation. Please run: `pip install catboost` to install.
Alternately, you can install this by running `pip install pycaret[models]`
2023-07-04 09:26:37,985:INFO:Engine for model 'en' has not been set explicitly, hence returning None.
2023-07-04 09:26:38,104:INFO:Engine for model 'svm' has not been set explicitly, hence returning None.
2023-07-04 09:26:38,203:INFO:Engine for model 'knn' has not been set explicitly, hence returning None.
2023-07-04 09:26:38,204:WARNING:
'xgboost' is a soft dependency and not included in the pycaret installation. Please run: `pip install xgboost` to install.
Alternately, you can install this by running `pip install pycaret[models]`
2023-07-04 09:26:38,204:WARNING:
'catboost' is a soft dependency and not included in the pycaret installation. Please run: `pip install catboost` to install.
Alternately, you can install this by running `pip install pycaret[models]`
2023-07-04 09:26:38,205:INFO:Engine successfully changes for model 'en' to 'sklearn'.
2023-07-04 09:26:38,353:INFO:Engine for model 'svm' has not been set explicitly, hence returning None.
2023-07-04 09:26:38,449:INFO:Engine for model 'knn' has not been set explicitly, hence returning None.
2023-07-04 09:26:38,450:WARNING:
'xgboost' is a soft dependency and not included in the pycaret installation. Please run: `pip install xgboost` to install.
Alternately, you can install this by running `pip install pycaret[models]`
2023-07-04 09:26:38,450:WARNING:
'catboost' is a soft dependency and not included in the pycaret installation. Please run: `pip install catboost` to install.
Alternately, you can install this by running `pip install pycaret[models]`
2023-07-04 09:26:38,594:INFO:Engine for model 'svm' has not been set explicitly, hence returning None.
2023-07-04 09:26:38,699:INFO:Engine for model 'knn' has not been set explicitly, hence returning None.
2023-07-04 09:26:38,700:WARNING:
'xgboost' is a soft dependency and not included in the pycaret installation. Please run: `pip install xgboost` to install.
Alternately, you can install this by running `pip install pycaret[models]`
2023-07-04 09:26:38,700:WARNING:
'catboost' is a soft dependency and not included in the pycaret installation. Please run: `pip install catboost` to install.
Alternately, you can install this by running `pip install pycaret[models]`
2023-07-04 09:26:38,701:INFO:Engine successfully changes for model 'knn' to 'sklearn'.
2023-07-04 09:26:38,843:INFO:Engine for model 'svm' has not been set explicitly, hence returning None.
2023-07-04 09:26:38,939:WARNING:
'xgboost' is a soft dependency and not included in the pycaret installation. Please run: `pip install xgboost` to install.
Alternately, you can install this by running `pip install pycaret[models]`
2023-07-04 09:26:38,939:WARNING:
'catboost' is a soft dependency and not included in the pycaret installation. Please run: `pip install catboost` to install.
Alternately, you can install this by running `pip install pycaret[models]`
2023-07-04 09:26:39,079:INFO:Engine for model 'svm' has not been set explicitly, hence returning None.
2023-07-04 09:26:39,182:WARNING:
'xgboost' is a soft dependency and not included in the pycaret installation. Please run: `pip install xgboost` to install.
Alternately, you can install this by running `pip install pycaret[models]`
2023-07-04 09:26:39,183:WARNING:
'catboost' is a soft dependency and not included in the pycaret installation. Please run: `pip install catboost` to install.
Alternately, you can install this by running `pip install pycaret[models]`
2023-07-04 09:26:39,183:INFO:Engine successfully changes for model 'svm' to 'sklearn'.
2023-07-04 09:26:39,519:WARNING:
'xgboost' is a soft dependency and not included in the pycaret installation. Please run: `pip install xgboost` to install.
Alternately, you can install this by running `pip install pycaret[models]`
2023-07-04 09:26:39,520:WARNING:
'catboost' is a soft dependency and not included in the pycaret installation. Please run: `pip install catboost` to install.
Alternately, you can install this by running `pip install pycaret[models]`
2023-07-04 09:26:39,877:WARNING:
'xgboost' is a soft dependency and not included in the pycaret installation. Please run: `pip install xgboost` to install.
Alternately, you can install this by running `pip install pycaret[models]`
2023-07-04 09:26:39,878:WARNING:
'catboost' is a soft dependency and not included in the pycaret installation. Please run: `pip install catboost` to install.
Alternately, you can install this by running `pip install pycaret[models]`
2023-07-04 09:26:39,882:INFO:Preparing preprocessing pipeline...
2023-07-04 09:26:39,882:INFO:Set up iterative imputation.
2023-07-04 09:26:40,163:WARNING:
'xgboost' is a soft dependency and not included in the pycaret installation. Please run: `pip install xgboost` to install.
Alternately, you can install this by running `pip install pycaret[models]`
2023-07-04 09:26:40,164:WARNING:
'catboost' is a soft dependency and not included in the pycaret installation. Please run: `pip install catboost` to install.
Alternately, you can install this by running `pip install pycaret[models]`
2023-07-04 09:26:40,265:INFO:Engine for model 'rbfsvm' has not been set explicitly, hence returning None.
2023-07-04 09:26:40,332:WARNING:
'xgboost' is a soft dependency and not included in the pycaret installation. Please run: `pip install xgboost` to install.
Alternately, you can install this by running `pip install pycaret[models]`
2023-07-04 09:26:40,333:WARNING:
'catboost' is a soft dependency and not included in the pycaret installation. Please run: `pip install catboost` to install.
Alternately, you can install this by running `pip install pycaret[models]`
2023-07-04 09:26:40,351:INFO:Set up column name cleaning.
2023-07-04 09:26:42,730:WARNING:/home/thom/venvs/fairlearn/lib/python3.9/site-packages/pycaret/internal/preprocess/iterative_imputer.py:402: ConvergenceWarning: [IterativeImputer] Early stopping criterion not reached.
  warnings.warn(

2023-07-04 09:26:44,009:INFO:Finished creating preprocessing pipeline.
2023-07-04 09:26:44,049:INFO:Pipeline: Pipeline(memory=FastMemory(location=/tmp/joblib),
         steps=[('iterative_imputer',
                 TransformerWrapper(transformer=IterativeImputer(cat_estimator=LGBMClassifier(random_state=6297),
                                                                 cat_estimator_prepare_for_categoricals_type=(LGBMClassifier(random_state=6297),
                                                                                                              {}),
                                                                 categorical_indices=[],
                                                                 max_iter=5,
                                                                 num_estimator=LGBMRegressor(random_state=6297),
                                                                 num_estimator_prepare_for_categoricals_type=(LGBMRegressor(random_state=6297),
                                                                                                              {}),
                                                                 random_state=6297,
                                                                 skip_complete=True))),
                ('clean_column_names',
                 TransformerWrapper(transformer=CleanColumnNames()))])
2023-07-04 09:26:44,049:INFO:Creating final display dataframe.
2023-07-04 09:26:46,821:INFO:Setup _display_container:                         Description         Value
0                        Session id          6297
1                            Target            WS
2                       Target type    Regression
3               Original data shape    (1665, 13)
4            Transformed data shape    (1665, 13)
5       Transformed train set shape    (1165, 13)
6        Transformed test set shape     (500, 13)
7                  Numeric features            12
8          Rows with missing values        100.0%
9                        Preprocess          True
10                  Imputation type     iterative
11  Iterative imputation iterations             5
12        Numeric iterative imputer      lightgbm
13    Categorical iterative imputer      lightgbm
14                   Fold Generator         KFold
15                      Fold Number            10
16                         CPU Jobs            -1
17                          Use GPU         False
18                   Log Experiment         False
19                  Experiment Name  ws_from_meta
20                              USI          27ff
2023-07-04 09:26:47,125:WARNING:
'xgboost' is a soft dependency and not included in the pycaret installation. Please run: `pip install xgboost` to install.
Alternately, you can install this by running `pip install pycaret[models]`
2023-07-04 09:26:47,126:WARNING:
'catboost' is a soft dependency and not included in the pycaret installation. Please run: `pip install catboost` to install.
Alternately, you can install this by running `pip install pycaret[models]`
2023-07-04 09:26:47,437:WARNING:
'xgboost' is a soft dependency and not included in the pycaret installation. Please run: `pip install xgboost` to install.
Alternately, you can install this by running `pip install pycaret[models]`
2023-07-04 09:26:47,438:WARNING:
'catboost' is a soft dependency and not included in the pycaret installation. Please run: `pip install catboost` to install.
Alternately, you can install this by running `pip install pycaret[models]`
2023-07-04 09:26:47,438:INFO:setup() successfully completed in 10.94s...............
2023-07-04 09:26:49,348:INFO:PyCaret RegressionExperiment
2023-07-04 09:26:49,348:INFO:Logging name: ws_from_other
2023-07-04 09:26:49,349:INFO:ML Usecase: MLUsecase.REGRESSION
2023-07-04 09:26:49,349:INFO:version 3.0.3
2023-07-04 09:26:49,349:INFO:Initializing setup()
2023-07-04 09:26:49,349:INFO:self.USI: 6a78
2023-07-04 09:26:49,349:INFO:self._variable_keys: {'gpu_n_jobs_param', 'data', 'gpu_param', 'y', 'fold_generator', 'memory', 'fold_shuffle_param', 'pipeline', 'exp_id', 'html_param', 'X_test', 'exp_name_log', '_available_plots', 'X_train', 'X', 'USI', 'n_jobs_param', 'idx', 'fold_groups_param', 'logging_param', 'seed', 'target_param', 'y_test', 'transform_target_param', 'y_train', 'log_plots_param', '_ml_usecase'}
2023-07-04 09:26:49,349:INFO:Checking environment
2023-07-04 09:26:49,349:INFO:python_version: 3.9.5
2023-07-04 09:26:49,349:INFO:python_build: ('default', 'Nov 23 2021 15:27:38')
2023-07-04 09:26:49,349:INFO:machine: x86_64
2023-07-04 09:26:49,349:INFO:platform: Linux-5.4.0-153-generic-x86_64-with-glibc2.31
2023-07-04 09:26:49,349:INFO:Memory: svmem(total=8140615680, available=3741409280, percent=54.0, used=3625570304, free=609230848, active=4672303104, inactive=2102210560, buffers=286453760, cached=3619360768, shared=466530304, slab=356839424)
2023-07-04 09:26:49,350:INFO:Physical Core: 2
2023-07-04 09:26:49,350:INFO:Logical Core: 4
2023-07-04 09:26:49,350:INFO:Checking libraries
2023-07-04 09:26:49,350:INFO:System:
2023-07-04 09:26:49,350:INFO:    python: 3.9.5 (default, Nov 23 2021, 15:27:38)  [GCC 9.3.0]
2023-07-04 09:26:49,350:INFO:executable: /home/thom/venvs/fairlearn/bin/python
2023-07-04 09:26:49,350:INFO:   machine: Linux-5.4.0-153-generic-x86_64-with-glibc2.31
2023-07-04 09:26:49,350:INFO:PyCaret required dependencies:
2023-07-04 09:26:49,350:INFO:                 pip: 21.3.1
2023-07-04 09:26:49,350:INFO:          setuptools: 60.2.0
2023-07-04 09:26:49,350:INFO:             pycaret: 3.0.3
2023-07-04 09:26:49,350:INFO:             IPython: 8.14.0
2023-07-04 09:26:49,350:INFO:          ipywidgets: 8.0.6
2023-07-04 09:26:49,350:INFO:                tqdm: 4.65.0
2023-07-04 09:26:49,351:INFO:               numpy: 1.23.4
2023-07-04 09:26:49,351:INFO:              pandas: 1.5.1
2023-07-04 09:26:49,351:INFO:              jinja2: 3.1.2
2023-07-04 09:26:49,351:INFO:               scipy: 1.9.3
2023-07-04 09:26:49,351:INFO:              joblib: 1.2.0
2023-07-04 09:26:49,351:INFO:             sklearn: 1.1.3
2023-07-04 09:26:49,351:INFO:                pyod: 1.1.0
2023-07-04 09:26:49,351:INFO:            imblearn: 0.10.1
2023-07-04 09:26:49,351:INFO:   category_encoders: 2.6.1
2023-07-04 09:26:49,351:INFO:            lightgbm: 3.3.5
2023-07-04 09:26:49,351:INFO:               numba: 0.57.1
2023-07-04 09:26:49,351:INFO:            requests: 2.31.0
2023-07-04 09:26:49,351:INFO:          matplotlib: 3.7.1
2023-07-04 09:26:49,351:INFO:          scikitplot: 0.3.7
2023-07-04 09:26:49,351:INFO:         yellowbrick: 1.5
2023-07-04 09:26:49,351:INFO:              plotly: 5.15.0
2023-07-04 09:26:49,351:INFO:    plotly-resampler: Not installed
2023-07-04 09:26:49,352:INFO:             kaleido: 0.2.1
2023-07-04 09:26:49,352:INFO:           schemdraw: 0.15
2023-07-04 09:26:49,352:INFO:         statsmodels: 0.14.0
2023-07-04 09:26:49,352:INFO:              sktime: 0.20.0
2023-07-04 09:26:49,352:INFO:               tbats: 1.1.3
2023-07-04 09:26:49,352:INFO:            pmdarima: 2.0.3
2023-07-04 09:26:49,352:INFO:              psutil: 5.9.5
2023-07-04 09:26:49,352:INFO:          markupsafe: 2.1.3
2023-07-04 09:26:49,352:INFO:             pickle5: Not installed
2023-07-04 09:26:49,352:INFO:         cloudpickle: 2.2.1
2023-07-04 09:26:49,352:INFO:         deprecation: 2.1.0
2023-07-04 09:26:49,352:INFO:              xxhash: 3.2.0
2023-07-04 09:26:49,352:INFO:           wurlitzer: 3.0.3
2023-07-04 09:26:49,352:INFO:PyCaret optional dependencies:
2023-07-04 09:26:49,352:INFO:                shap: 0.41.0
2023-07-04 09:26:49,352:INFO:           interpret: Not installed
2023-07-04 09:26:49,352:INFO:                umap: Not installed
2023-07-04 09:26:49,352:INFO:    pandas_profiling: Not installed
2023-07-04 09:26:49,352:INFO:  explainerdashboard: Not installed
2023-07-04 09:26:49,352:INFO:             autoviz: Not installed
2023-07-04 09:26:49,352:INFO:           fairlearn: Not installed
2023-07-04 09:26:49,353:INFO:          deepchecks: Not installed
2023-07-04 09:26:49,353:INFO:             xgboost: Not installed
2023-07-04 09:26:49,353:INFO:            catboost: Not installed
2023-07-04 09:26:49,353:INFO:              kmodes: Not installed
2023-07-04 09:26:49,353:INFO:             mlxtend: Not installed
2023-07-04 09:26:49,353:INFO:       statsforecast: Not installed
2023-07-04 09:26:49,353:INFO:        tune_sklearn: Not installed
2023-07-04 09:26:49,353:INFO:                 ray: Not installed
2023-07-04 09:26:49,353:INFO:            hyperopt: Not installed
2023-07-04 09:26:49,353:INFO:              optuna: Not installed
2023-07-04 09:26:49,353:INFO:               skopt: Not installed
2023-07-04 09:26:49,353:INFO:              mlflow: Not installed
2023-07-04 09:26:49,353:INFO:              gradio: Not installed
2023-07-04 09:26:49,353:INFO:             fastapi: 0.99.1
2023-07-04 09:26:49,353:INFO:             uvicorn: Not installed
2023-07-04 09:26:49,353:INFO:              m2cgen: 0.10.0
2023-07-04 09:26:49,353:INFO:           evidently: Not installed
2023-07-04 09:26:49,353:INFO:               fugue: Not installed
2023-07-04 09:26:49,353:INFO:           streamlit: Not installed
2023-07-04 09:26:49,353:INFO:             prophet: Not installed
2023-07-04 09:26:49,353:INFO:None
2023-07-04 09:26:49,353:INFO:Set up data.
2023-07-04 09:26:49,364:INFO:Set up train/test split.
2023-07-04 09:26:49,369:INFO:Set up index.
2023-07-04 09:26:49,369:INFO:Set up folding strategy.
2023-07-04 09:26:49,369:INFO:Assigning column types.
2023-07-04 09:26:49,374:INFO:Engine successfully changes for model 'lr' to 'sklearn'.
2023-07-04 09:26:49,374:INFO:Engine for model 'lasso' has not been set explicitly, hence returning None.
2023-07-04 09:26:49,387:INFO:Engine for model 'ridge' has not been set explicitly, hence returning None.
2023-07-04 09:26:49,404:INFO:Engine for model 'en' has not been set explicitly, hence returning None.
2023-07-04 09:26:49,539:INFO:Engine for model 'svm' has not been set explicitly, hence returning None.
2023-07-04 09:26:49,647:INFO:Engine for model 'knn' has not been set explicitly, hence returning None.
2023-07-04 09:26:49,647:WARNING:
'xgboost' is a soft dependency and not included in the pycaret installation. Please run: `pip install xgboost` to install.
Alternately, you can install this by running `pip install pycaret[models]`
2023-07-04 09:26:49,648:WARNING:
'catboost' is a soft dependency and not included in the pycaret installation. Please run: `pip install catboost` to install.
Alternately, you can install this by running `pip install pycaret[models]`
2023-07-04 09:26:49,648:INFO:Engine for model 'lasso' has not been set explicitly, hence returning None.
2023-07-04 09:26:49,658:INFO:Engine for model 'ridge' has not been set explicitly, hence returning None.
2023-07-04 09:26:49,667:INFO:Engine for model 'en' has not been set explicitly, hence returning None.
2023-07-04 09:26:49,788:INFO:Engine for model 'svm' has not been set explicitly, hence returning None.
2023-07-04 09:26:49,887:INFO:Engine for model 'knn' has not been set explicitly, hence returning None.
2023-07-04 09:26:49,887:WARNING:
'xgboost' is a soft dependency and not included in the pycaret installation. Please run: `pip install xgboost` to install.
Alternately, you can install this by running `pip install pycaret[models]`
2023-07-04 09:26:49,888:WARNING:
'catboost' is a soft dependency and not included in the pycaret installation. Please run: `pip install catboost` to install.
Alternately, you can install this by running `pip install pycaret[models]`
2023-07-04 09:26:49,888:INFO:Engine successfully changes for model 'lasso' to 'sklearn'.
2023-07-04 09:26:49,898:INFO:Engine for model 'ridge' has not been set explicitly, hence returning None.
2023-07-04 09:26:49,907:INFO:Engine for model 'en' has not been set explicitly, hence returning None.
2023-07-04 09:26:50,028:INFO:Engine for model 'svm' has not been set explicitly, hence returning None.
2023-07-04 09:26:50,126:INFO:Engine for model 'knn' has not been set explicitly, hence returning None.
2023-07-04 09:26:50,127:WARNING:
'xgboost' is a soft dependency and not included in the pycaret installation. Please run: `pip install xgboost` to install.
Alternately, you can install this by running `pip install pycaret[models]`
2023-07-04 09:26:50,127:WARNING:
'catboost' is a soft dependency and not included in the pycaret installation. Please run: `pip install catboost` to install.
Alternately, you can install this by running `pip install pycaret[models]`
2023-07-04 09:26:50,137:INFO:Engine for model 'ridge' has not been set explicitly, hence returning None.
2023-07-04 09:26:50,146:INFO:Engine for model 'en' has not been set explicitly, hence returning None.
2023-07-04 09:26:50,269:INFO:Engine for model 'svm' has not been set explicitly, hence returning None.
2023-07-04 09:26:50,413:INFO:Engine for model 'knn' has not been set explicitly, hence returning None.
2023-07-04 09:26:50,415:WARNING:
'xgboost' is a soft dependency and not included in the pycaret installation. Please run: `pip install xgboost` to install.
Alternately, you can install this by running `pip install pycaret[models]`
2023-07-04 09:26:50,416:WARNING:
'catboost' is a soft dependency and not included in the pycaret installation. Please run: `pip install catboost` to install.
Alternately, you can install this by running `pip install pycaret[models]`
2023-07-04 09:26:50,417:INFO:Engine successfully changes for model 'ridge' to 'sklearn'.
2023-07-04 09:26:50,457:INFO:Engine for model 'en' has not been set explicitly, hence returning None.
2023-07-04 09:26:50,585:INFO:Engine for model 'svm' has not been set explicitly, hence returning None.
2023-07-04 09:26:50,687:INFO:Engine for model 'knn' has not been set explicitly, hence returning None.
2023-07-04 09:26:50,687:WARNING:
'xgboost' is a soft dependency and not included in the pycaret installation. Please run: `pip install xgboost` to install.
Alternately, you can install this by running `pip install pycaret[models]`
2023-07-04 09:26:50,688:WARNING:
'catboost' is a soft dependency and not included in the pycaret installation. Please run: `pip install catboost` to install.
Alternately, you can install this by running `pip install pycaret[models]`
2023-07-04 09:26:50,709:INFO:Engine for model 'en' has not been set explicitly, hence returning None.
2023-07-04 09:26:50,840:INFO:Engine for model 'svm' has not been set explicitly, hence returning None.
2023-07-04 09:26:50,937:INFO:Engine for model 'knn' has not been set explicitly, hence returning None.
2023-07-04 09:26:50,937:WARNING:
'xgboost' is a soft dependency and not included in the pycaret installation. Please run: `pip install xgboost` to install.
Alternately, you can install this by running `pip install pycaret[models]`
2023-07-04 09:26:50,938:WARNING:
'catboost' is a soft dependency and not included in the pycaret installation. Please run: `pip install catboost` to install.
Alternately, you can install this by running `pip install pycaret[models]`
2023-07-04 09:26:50,938:INFO:Engine successfully changes for model 'en' to 'sklearn'.
2023-07-04 09:26:51,086:INFO:Engine for model 'svm' has not been set explicitly, hence returning None.
2023-07-04 09:26:51,189:INFO:Engine for model 'knn' has not been set explicitly, hence returning None.
2023-07-04 09:26:51,189:WARNING:
'xgboost' is a soft dependency and not included in the pycaret installation. Please run: `pip install xgboost` to install.
Alternately, you can install this by running `pip install pycaret[models]`
2023-07-04 09:26:51,190:WARNING:
'catboost' is a soft dependency and not included in the pycaret installation. Please run: `pip install catboost` to install.
Alternately, you can install this by running `pip install pycaret[models]`
2023-07-04 09:26:51,335:INFO:Engine for model 'svm' has not been set explicitly, hence returning None.
2023-07-04 09:26:51,452:INFO:Engine for model 'knn' has not been set explicitly, hence returning None.
2023-07-04 09:26:51,452:WARNING:
'xgboost' is a soft dependency and not included in the pycaret installation. Please run: `pip install xgboost` to install.
Alternately, you can install this by running `pip install pycaret[models]`
2023-07-04 09:26:51,453:WARNING:
'catboost' is a soft dependency and not included in the pycaret installation. Please run: `pip install catboost` to install.
Alternately, you can install this by running `pip install pycaret[models]`
2023-07-04 09:26:51,453:INFO:Engine successfully changes for model 'knn' to 'sklearn'.
2023-07-04 09:26:51,643:INFO:Engine for model 'svm' has not been set explicitly, hence returning None.
2023-07-04 09:26:51,774:WARNING:
'xgboost' is a soft dependency and not included in the pycaret installation. Please run: `pip install xgboost` to install.
Alternately, you can install this by running `pip install pycaret[models]`
2023-07-04 09:26:51,775:WARNING:
'catboost' is a soft dependency and not included in the pycaret installation. Please run: `pip install catboost` to install.
Alternately, you can install this by running `pip install pycaret[models]`
2023-07-04 09:26:51,944:INFO:Engine for model 'svm' has not been set explicitly, hence returning None.
2023-07-04 09:26:52,064:WARNING:
'xgboost' is a soft dependency and not included in the pycaret installation. Please run: `pip install xgboost` to install.
Alternately, you can install this by running `pip install pycaret[models]`
2023-07-04 09:26:52,064:WARNING:
'catboost' is a soft dependency and not included in the pycaret installation. Please run: `pip install catboost` to install.
Alternately, you can install this by running `pip install pycaret[models]`
2023-07-04 09:26:52,065:INFO:Engine successfully changes for model 'svm' to 'sklearn'.
2023-07-04 09:26:52,409:WARNING:
'xgboost' is a soft dependency and not included in the pycaret installation. Please run: `pip install xgboost` to install.
Alternately, you can install this by running `pip install pycaret[models]`
2023-07-04 09:26:52,409:WARNING:
'catboost' is a soft dependency and not included in the pycaret installation. Please run: `pip install catboost` to install.
Alternately, you can install this by running `pip install pycaret[models]`
2023-07-04 09:26:52,657:WARNING:
'xgboost' is a soft dependency and not included in the pycaret installation. Please run: `pip install xgboost` to install.
Alternately, you can install this by running `pip install pycaret[models]`
2023-07-04 09:26:52,657:WARNING:
'catboost' is a soft dependency and not included in the pycaret installation. Please run: `pip install catboost` to install.
Alternately, you can install this by running `pip install pycaret[models]`
2023-07-04 09:26:52,658:INFO:Preparing preprocessing pipeline...
2023-07-04 09:26:52,658:INFO:Set up iterative imputation.
2023-07-04 09:26:52,919:WARNING:
'xgboost' is a soft dependency and not included in the pycaret installation. Please run: `pip install xgboost` to install.
Alternately, you can install this by running `pip install pycaret[models]`
2023-07-04 09:26:52,920:WARNING:
'catboost' is a soft dependency and not included in the pycaret installation. Please run: `pip install catboost` to install.
Alternately, you can install this by running `pip install pycaret[models]`
2023-07-04 09:26:53,040:INFO:Engine for model 'rbfsvm' has not been set explicitly, hence returning None.
2023-07-04 09:26:53,150:WARNING:
'xgboost' is a soft dependency and not included in the pycaret installation. Please run: `pip install xgboost` to install.
Alternately, you can install this by running `pip install pycaret[models]`
2023-07-04 09:26:53,151:WARNING:
'catboost' is a soft dependency and not included in the pycaret installation. Please run: `pip install catboost` to install.
Alternately, you can install this by running `pip install pycaret[models]`
2023-07-04 09:26:53,180:INFO:Set up column name cleaning.
2023-07-04 09:26:54,917:WARNING:/home/thom/venvs/fairlearn/lib/python3.9/site-packages/pycaret/internal/preprocess/iterative_imputer.py:402: ConvergenceWarning: [IterativeImputer] Early stopping criterion not reached.
  warnings.warn(

2023-07-04 09:26:56,065:INFO:Finished creating preprocessing pipeline.
2023-07-04 09:26:56,111:INFO:Pipeline: Pipeline(memory=FastMemory(location=/tmp/joblib),
         steps=[('iterative_imputer',
                 TransformerWrapper(transformer=IterativeImputer(cat_estimator=LGBMClassifier(random_state=2584),
                                                                 cat_estimator_prepare_for_categoricals_type=(LGBMClassifier(random_state=2584),
                                                                                                              {}),
                                                                 categorical_indices=[],
                                                                 max_iter=5,
                                                                 num_estimator=LGBMRegressor(random_state=2584),
                                                                 num_estimator_prepare_for_categoricals_type=(LGBMRegressor(random_state=2584),
                                                                                                              {}),
                                                                 random_state=2584,
                                                                 skip_complete=True))),
                ('clean_column_names',
                 TransformerWrapper(transformer=CleanColumnNames()))])
2023-07-04 09:26:56,111:INFO:Creating final display dataframe.
2023-07-04 09:26:58,879:INFO:Setup _display_container:                         Description          Value
0                        Session id           2584
1                            Target             WS
2                       Target type     Regression
3               Original data shape     (1665, 13)
4            Transformed data shape     (1665, 13)
5       Transformed train set shape     (1165, 13)
6        Transformed test set shape      (500, 13)
7                  Numeric features             12
8          Rows with missing values         100.0%
9                        Preprocess           True
10                  Imputation type      iterative
11  Iterative imputation iterations              5
12        Numeric iterative imputer       lightgbm
13    Categorical iterative imputer       lightgbm
14                   Fold Generator          KFold
15                      Fold Number             10
16                         CPU Jobs             -1
17                          Use GPU          False
18                   Log Experiment          False
19                  Experiment Name  ws_from_other
20                              USI           6a78
2023-07-04 09:26:59,176:WARNING:
'xgboost' is a soft dependency and not included in the pycaret installation. Please run: `pip install xgboost` to install.
Alternately, you can install this by running `pip install pycaret[models]`
2023-07-04 09:26:59,177:WARNING:
'catboost' is a soft dependency and not included in the pycaret installation. Please run: `pip install catboost` to install.
Alternately, you can install this by running `pip install pycaret[models]`
2023-07-04 09:26:59,414:WARNING:
'xgboost' is a soft dependency and not included in the pycaret installation. Please run: `pip install xgboost` to install.
Alternately, you can install this by running `pip install pycaret[models]`
2023-07-04 09:26:59,415:WARNING:
'catboost' is a soft dependency and not included in the pycaret installation. Please run: `pip install catboost` to install.
Alternately, you can install this by running `pip install pycaret[models]`
2023-07-04 09:26:59,415:INFO:setup() successfully completed in 10.07s...............
2023-07-04 09:26:59,430:INFO:Initializing compare_models()
2023-07-04 09:26:59,431:INFO:compare_models(self=<pycaret.regression.oop.RegressionExperiment object at 0x7f854a8330d0>, include=None, fold=5, round=4, cross_validation=True, sort=R2, n_select=1, budget_time=None, turbo=True, errors=ignore, fit_kwargs=None, groups=None, experiment_custom_tags=None, probability_threshold=None, verbose=True, parallel=None, caller_params={'self': <pycaret.regression.oop.RegressionExperiment object at 0x7f854a8330d0>, 'include': None, 'exclude': None, 'fold': 5, 'round': 4, 'cross_validation': True, 'sort': 'R2', 'n_select': 1, 'budget_time': None, 'turbo': True, 'errors': 'ignore', 'fit_kwargs': None, 'groups': None, 'experiment_custom_tags': None, 'engine': None, 'verbose': True, 'parallel': None, '__class__': <class 'pycaret.regression.oop.RegressionExperiment'>}, exclude=None)
2023-07-04 09:26:59,431:INFO:Checking exceptions
2023-07-04 09:26:59,434:INFO:Preparing display monitor
2023-07-04 09:26:59,481:INFO:Initializing Linear Regression
2023-07-04 09:26:59,481:INFO:Total runtime is 3.874301910400391e-06 minutes
2023-07-04 09:26:59,487:INFO:SubProcess create_model() called ==================================
2023-07-04 09:26:59,488:INFO:Initializing create_model()
2023-07-04 09:26:59,488:INFO:create_model(self=<pycaret.regression.oop.RegressionExperiment object at 0x7f854a8330d0>, estimator=lr, fold=KFold(n_splits=5, random_state=None, shuffle=False), round=4, cross_validation=True, predict=True, fit_kwargs={}, groups=None, refit=False, probability_threshold=None, experiment_custom_tags=None, verbose=False, system=False, add_to_model_list=True, metrics=None, display=<pycaret.internal.display.display.CommonDisplay object at 0x7f859830b910>, model_only=True, return_train_score=False, kwargs={})
2023-07-04 09:26:59,488:INFO:Checking exceptions
2023-07-04 09:26:59,488:INFO:Importing libraries
2023-07-04 09:26:59,488:INFO:Copying training dataset
2023-07-04 09:26:59,495:INFO:Defining folds
2023-07-04 09:26:59,495:INFO:Declaring metric variables
2023-07-04 09:26:59,500:INFO:Importing untrained model
2023-07-04 09:26:59,522:INFO:Linear Regression Imported successfully
2023-07-04 09:26:59,540:INFO:Starting cross validation
2023-07-04 09:26:59,847:INFO:Cross validating with KFold(n_splits=5, random_state=None, shuffle=False), n_jobs=-1
2023-07-04 09:27:05,519:WARNING:/home/thom/venvs/fairlearn/lib/python3.9/site-packages/pycaret/internal/preprocess/iterative_imputer.py:402: ConvergenceWarning: [IterativeImputer] Early stopping criterion not reached.
  warnings.warn(

2023-07-04 09:27:05,547:WARNING:/home/thom/venvs/fairlearn/lib/python3.9/site-packages/pycaret/internal/preprocess/iterative_imputer.py:402: ConvergenceWarning: [IterativeImputer] Early stopping criterion not reached.
  warnings.warn(

2023-07-04 09:27:05,585:WARNING:/home/thom/venvs/fairlearn/lib/python3.9/site-packages/pycaret/internal/preprocess/iterative_imputer.py:402: ConvergenceWarning: [IterativeImputer] Early stopping criterion not reached.
  warnings.warn(

2023-07-04 09:27:05,767:WARNING:/home/thom/venvs/fairlearn/lib/python3.9/site-packages/pycaret/internal/preprocess/iterative_imputer.py:402: ConvergenceWarning: [IterativeImputer] Early stopping criterion not reached.
  warnings.warn(

2023-07-04 09:27:06,518:WARNING:/home/thom/venvs/fairlearn/lib/python3.9/site-packages/pycaret/internal/pipeline.py:231: UserWarning: Persisting input arguments took 0.54s to run.
If this happens often in your code, it can cause performance problems 
(results will be correct in all cases). 
The reason for this is probably some large input arguments for a wrapped
 function (e.g. large strings).
THIS IS A JOBLIB ISSUE. If you can, kindly provide the joblib's team with an
 example so that they can fix the problem.
  fitted_transformer = self._memory_fit(

2023-07-04 09:27:06,580:WARNING:/home/thom/venvs/fairlearn/lib/python3.9/site-packages/pycaret/internal/pipeline.py:231: UserWarning: Persisting input arguments took 0.60s to run.
If this happens often in your code, it can cause performance problems 
(results will be correct in all cases). 
The reason for this is probably some large input arguments for a wrapped
 function (e.g. large strings).
THIS IS A JOBLIB ISSUE. If you can, kindly provide the joblib's team with an
 example so that they can fix the problem.
  fitted_transformer = self._memory_fit(

2023-07-04 09:27:06,597:WARNING:/home/thom/venvs/fairlearn/lib/python3.9/site-packages/pycaret/internal/pipeline.py:231: UserWarning: Persisting input arguments took 0.58s to run.
If this happens often in your code, it can cause performance problems 
(results will be correct in all cases). 
The reason for this is probably some large input arguments for a wrapped
 function (e.g. large strings).
THIS IS A JOBLIB ISSUE. If you can, kindly provide the joblib's team with an
 example so that they can fix the problem.
  fitted_transformer = self._memory_fit(

2023-07-04 09:27:06,872:WARNING:/home/thom/venvs/fairlearn/lib/python3.9/site-packages/pycaret/internal/pipeline.py:231: UserWarning: Persisting input arguments took 0.61s to run.
If this happens often in your code, it can cause performance problems 
(results will be correct in all cases). 
The reason for this is probably some large input arguments for a wrapped
 function (e.g. large strings).
THIS IS A JOBLIB ISSUE. If you can, kindly provide the joblib's team with an
 example so that they can fix the problem.
  fitted_transformer = self._memory_fit(

2023-07-04 09:27:08,121:WARNING:/home/thom/venvs/fairlearn/lib/python3.9/site-packages/pycaret/internal/pipeline.py:238: UserWarning: Persisting input arguments took 0.56s to run.
If this happens often in your code, it can cause performance problems 
(results will be correct in all cases). 
The reason for this is probably some large input arguments for a wrapped
 function (e.g. large strings).
THIS IS A JOBLIB ISSUE. If you can, kindly provide the joblib's team with an
 example so that they can fix the problem.
  X, y = self._memory_transform(

2023-07-04 09:27:08,265:WARNING:/home/thom/venvs/fairlearn/lib/python3.9/site-packages/pycaret/internal/pipeline.py:238: UserWarning: Persisting input arguments took 0.60s to run.
If this happens often in your code, it can cause performance problems 
(results will be correct in all cases). 
The reason for this is probably some large input arguments for a wrapped
 function (e.g. large strings).
THIS IS A JOBLIB ISSUE. If you can, kindly provide the joblib's team with an
 example so that they can fix the problem.
  X, y = self._memory_transform(

2023-07-04 09:27:08,555:WARNING:/home/thom/venvs/fairlearn/lib/python3.9/site-packages/pycaret/internal/pipeline.py:238: UserWarning: Persisting input arguments took 0.72s to run.
If this happens often in your code, it can cause performance problems 
(results will be correct in all cases). 
The reason for this is probably some large input arguments for a wrapped
 function (e.g. large strings).
THIS IS A JOBLIB ISSUE. If you can, kindly provide the joblib's team with an
 example so that they can fix the problem.
  X, y = self._memory_transform(

2023-07-04 09:27:08,659:WARNING:/home/thom/venvs/fairlearn/lib/python3.9/site-packages/pycaret/internal/pipeline.py:238: UserWarning: Persisting input arguments took 0.65s to run.
If this happens often in your code, it can cause performance problems 
(results will be correct in all cases). 
The reason for this is probably some large input arguments for a wrapped
 function (e.g. large strings).
THIS IS A JOBLIB ISSUE. If you can, kindly provide the joblib's team with an
 example so that they can fix the problem.
  X, y = self._memory_transform(

2023-07-04 09:27:10,440:WARNING:/home/thom/venvs/fairlearn/lib/python3.9/site-packages/pycaret/internal/pipeline.py:108: UserWarning: Persisting input arguments took 0.71s to run.
If this happens often in your code, it can cause performance problems 
(results will be correct in all cases). 
The reason for this is probably some large input arguments for a wrapped
 function (e.g. large strings).
THIS IS A JOBLIB ISSUE. If you can, kindly provide the joblib's team with an
 example so that they can fix the problem.
  X, y = pipeline._memory_transform(transformer, X, y)

2023-07-04 09:27:10,590:WARNING:/home/thom/venvs/fairlearn/lib/python3.9/site-packages/pycaret/internal/pipeline.py:108: UserWarning: Persisting input arguments took 0.89s to run.
If this happens often in your code, it can cause performance problems 
(results will be correct in all cases). 
The reason for this is probably some large input arguments for a wrapped
 function (e.g. large strings).
THIS IS A JOBLIB ISSUE. If you can, kindly provide the joblib's team with an
 example so that they can fix the problem.
  X, y = pipeline._memory_transform(transformer, X, y)

2023-07-04 09:27:10,766:WARNING:/home/thom/venvs/fairlearn/lib/python3.9/site-packages/pycaret/internal/pipeline.py:108: UserWarning: Persisting input arguments took 0.67s to run.
If this happens often in your code, it can cause performance problems 
(results will be correct in all cases). 
The reason for this is probably some large input arguments for a wrapped
 function (e.g. large strings).
THIS IS A JOBLIB ISSUE. If you can, kindly provide the joblib's team with an
 example so that they can fix the problem.
  X, y = pipeline._memory_transform(transformer, X, y)

2023-07-04 09:27:10,916:WARNING:/home/thom/venvs/fairlearn/lib/python3.9/site-packages/pycaret/internal/pipeline.py:108: UserWarning: Persisting input arguments took 0.56s to run.
If this happens often in your code, it can cause performance problems 
(results will be correct in all cases). 
The reason for this is probably some large input arguments for a wrapped
 function (e.g. large strings).
THIS IS A JOBLIB ISSUE. If you can, kindly provide the joblib's team with an
 example so that they can fix the problem.
  X, y = pipeline._memory_transform(transformer, X, y)

2023-07-04 09:27:11,137:WARNING:/home/thom/venvs/fairlearn/lib/python3.9/site-packages/pycaret/internal/pipeline.py:310: UserWarning: Persisting input arguments took 0.68s to run.
If this happens often in your code, it can cause performance problems 
(results will be correct in all cases). 
The reason for this is probably some large input arguments for a wrapped
 function (e.g. large strings).
THIS IS A JOBLIB ISSUE. If you can, kindly provide the joblib's team with an
 example so that they can fix the problem.
  X, _ = self._memory_full_transform(self, X, None, with_final=False)

2023-07-04 09:27:11,254:WARNING:/home/thom/venvs/fairlearn/lib/python3.9/site-packages/pycaret/internal/pipeline.py:310: UserWarning: Persisting input arguments took 0.65s to run.
If this happens often in your code, it can cause performance problems 
(results will be correct in all cases). 
The reason for this is probably some large input arguments for a wrapped
 function (e.g. large strings).
THIS IS A JOBLIB ISSUE. If you can, kindly provide the joblib's team with an
 example so that they can fix the problem.
  X, _ = self._memory_full_transform(self, X, None, with_final=False)

2023-07-04 09:27:11,373:WARNING:/home/thom/venvs/fairlearn/lib/python3.9/site-packages/pycaret/internal/pipeline.py:310: UserWarning: Persisting input arguments took 0.60s to run.
If this happens often in your code, it can cause performance problems 
(results will be correct in all cases). 
The reason for this is probably some large input arguments for a wrapped
 function (e.g. large strings).
THIS IS A JOBLIB ISSUE. If you can, kindly provide the joblib's team with an
 example so that they can fix the problem.
  X, _ = self._memory_full_transform(self, X, None, with_final=False)

2023-07-04 09:27:11,485:WARNING:/home/thom/venvs/fairlearn/lib/python3.9/site-packages/pycaret/internal/pipeline.py:310: UserWarning: Persisting input arguments took 0.56s to run.
If this happens often in your code, it can cause performance problems 
(results will be correct in all cases). 
The reason for this is probably some large input arguments for a wrapped
 function (e.g. large strings).
THIS IS A JOBLIB ISSUE. If you can, kindly provide the joblib's team with an
 example so that they can fix the problem.
  X, _ = self._memory_full_transform(self, X, None, with_final=False)

2023-07-04 09:27:12,787:WARNING:/home/thom/venvs/fairlearn/lib/python3.9/site-packages/pycaret/internal/preprocess/iterative_imputer.py:402: ConvergenceWarning: [IterativeImputer] Early stopping criterion not reached.
  warnings.warn(

2023-07-04 09:27:15,481:INFO:Calculating mean and std
2023-07-04 09:27:15,489:INFO:Creating metrics dataframe
2023-07-04 09:27:15,507:INFO:Uploading results into container
2023-07-04 09:27:15,508:INFO:Uploading model into container now
2023-07-04 09:27:15,509:INFO:_master_model_container: 1
2023-07-04 09:27:15,509:INFO:_display_container: 2
2023-07-04 09:27:15,509:INFO:LinearRegression(n_jobs=-1)
2023-07-04 09:27:15,509:INFO:create_model() successfully completed......................................
2023-07-04 09:27:15,687:INFO:SubProcess create_model() end ==================================
2023-07-04 09:27:15,687:INFO:Creating metrics dataframe
2023-07-04 09:27:15,702:INFO:Initializing Lasso Regression
2023-07-04 09:27:15,703:INFO:Total runtime is 0.2703585267066956 minutes
2023-07-04 09:27:15,708:INFO:SubProcess create_model() called ==================================
2023-07-04 09:27:15,709:INFO:Initializing create_model()
2023-07-04 09:27:15,709:INFO:create_model(self=<pycaret.regression.oop.RegressionExperiment object at 0x7f854a8330d0>, estimator=lasso, fold=KFold(n_splits=5, random_state=None, shuffle=False), round=4, cross_validation=True, predict=True, fit_kwargs={}, groups=None, refit=False, probability_threshold=None, experiment_custom_tags=None, verbose=False, system=False, add_to_model_list=True, metrics=None, display=<pycaret.internal.display.display.CommonDisplay object at 0x7f859830b910>, model_only=True, return_train_score=False, kwargs={})
2023-07-04 09:27:15,709:INFO:Checking exceptions
2023-07-04 09:27:15,709:INFO:Importing libraries
2023-07-04 09:27:15,709:INFO:Copying training dataset
2023-07-04 09:27:15,715:INFO:Defining folds
2023-07-04 09:27:15,716:INFO:Declaring metric variables
2023-07-04 09:27:15,724:INFO:Importing untrained model
2023-07-04 09:27:15,729:INFO:Lasso Regression Imported successfully
2023-07-04 09:27:15,743:INFO:Starting cross validation
2023-07-04 09:27:16,033:INFO:Cross validating with KFold(n_splits=5, random_state=None, shuffle=False), n_jobs=-1
2023-07-04 09:27:18,361:WARNING:/home/thom/venvs/fairlearn/lib/python3.9/site-packages/pycaret/internal/pipeline.py:310: UserWarning: Persisting input arguments took 0.64s to run.
If this happens often in your code, it can cause performance problems 
(results will be correct in all cases). 
The reason for this is probably some large input arguments for a wrapped
 function (e.g. large strings).
THIS IS A JOBLIB ISSUE. If you can, kindly provide the joblib's team with an
 example so that they can fix the problem.
  X, _ = self._memory_full_transform(self, X, None, with_final=False)

2023-07-04 09:27:18,388:WARNING:/home/thom/venvs/fairlearn/lib/python3.9/site-packages/pycaret/internal/pipeline.py:310: UserWarning: Persisting input arguments took 0.67s to run.
If this happens often in your code, it can cause performance problems 
(results will be correct in all cases). 
The reason for this is probably some large input arguments for a wrapped
 function (e.g. large strings).
THIS IS A JOBLIB ISSUE. If you can, kindly provide the joblib's team with an
 example so that they can fix the problem.
  X, _ = self._memory_full_transform(self, X, None, with_final=False)

2023-07-04 09:27:18,399:WARNING:/home/thom/venvs/fairlearn/lib/python3.9/site-packages/pycaret/internal/pipeline.py:310: UserWarning: Persisting input arguments took 0.64s to run.
If this happens often in your code, it can cause performance problems 
(results will be correct in all cases). 
The reason for this is probably some large input arguments for a wrapped
 function (e.g. large strings).
THIS IS A JOBLIB ISSUE. If you can, kindly provide the joblib's team with an
 example so that they can fix the problem.
  X, _ = self._memory_full_transform(self, X, None, with_final=False)

2023-07-04 09:27:18,424:WARNING:/home/thom/venvs/fairlearn/lib/python3.9/site-packages/pycaret/internal/pipeline.py:310: UserWarning: Persisting input arguments took 0.65s to run.
If this happens often in your code, it can cause performance problems 
(results will be correct in all cases). 
The reason for this is probably some large input arguments for a wrapped
 function (e.g. large strings).
THIS IS A JOBLIB ISSUE. If you can, kindly provide the joblib's team with an
 example so that they can fix the problem.
  X, _ = self._memory_full_transform(self, X, None, with_final=False)

2023-07-04 09:27:19,749:INFO:Calculating mean and std
2023-07-04 09:27:19,752:INFO:Creating metrics dataframe
2023-07-04 09:27:19,776:INFO:Uploading results into container
2023-07-04 09:27:19,777:INFO:Uploading model into container now
2023-07-04 09:27:19,778:INFO:_master_model_container: 2
2023-07-04 09:27:19,778:INFO:_display_container: 2
2023-07-04 09:27:19,779:INFO:Lasso(random_state=2584)
2023-07-04 09:27:19,779:INFO:create_model() successfully completed......................................
2023-07-04 09:27:19,941:INFO:SubProcess create_model() end ==================================
2023-07-04 09:27:19,941:INFO:Creating metrics dataframe
2023-07-04 09:27:19,959:INFO:Initializing Ridge Regression
2023-07-04 09:27:19,959:INFO:Total runtime is 0.34129903316497806 minutes
2023-07-04 09:27:19,965:INFO:SubProcess create_model() called ==================================
2023-07-04 09:27:19,966:INFO:Initializing create_model()
2023-07-04 09:27:19,966:INFO:create_model(self=<pycaret.regression.oop.RegressionExperiment object at 0x7f854a8330d0>, estimator=ridge, fold=KFold(n_splits=5, random_state=None, shuffle=False), round=4, cross_validation=True, predict=True, fit_kwargs={}, groups=None, refit=False, probability_threshold=None, experiment_custom_tags=None, verbose=False, system=False, add_to_model_list=True, metrics=None, display=<pycaret.internal.display.display.CommonDisplay object at 0x7f859830b910>, model_only=True, return_train_score=False, kwargs={})
2023-07-04 09:27:19,966:INFO:Checking exceptions
2023-07-04 09:27:19,966:INFO:Importing libraries
2023-07-04 09:27:19,966:INFO:Copying training dataset
2023-07-04 09:27:19,974:INFO:Defining folds
2023-07-04 09:27:19,974:INFO:Declaring metric variables
2023-07-04 09:27:19,982:INFO:Importing untrained model
2023-07-04 09:27:19,990:INFO:Ridge Regression Imported successfully
2023-07-04 09:27:20,007:INFO:Starting cross validation
2023-07-04 09:27:20,536:INFO:Cross validating with KFold(n_splits=5, random_state=None, shuffle=False), n_jobs=-1
2023-07-04 09:27:22,866:WARNING:/home/thom/venvs/fairlearn/lib/python3.9/site-packages/pycaret/internal/pipeline.py:310: UserWarning: Persisting input arguments took 0.60s to run.
If this happens often in your code, it can cause performance problems 
(results will be correct in all cases). 
The reason for this is probably some large input arguments for a wrapped
 function (e.g. large strings).
THIS IS A JOBLIB ISSUE. If you can, kindly provide the joblib's team with an
 example so that they can fix the problem.
  X, _ = self._memory_full_transform(self, X, None, with_final=False)

2023-07-04 09:27:22,940:WARNING:/home/thom/venvs/fairlearn/lib/python3.9/site-packages/pycaret/internal/pipeline.py:310: UserWarning: Persisting input arguments took 0.66s to run.
If this happens often in your code, it can cause performance problems 
(results will be correct in all cases). 
The reason for this is probably some large input arguments for a wrapped
 function (e.g. large strings).
THIS IS A JOBLIB ISSUE. If you can, kindly provide the joblib's team with an
 example so that they can fix the problem.
  X, _ = self._memory_full_transform(self, X, None, with_final=False)

2023-07-04 09:27:22,975:WARNING:/home/thom/venvs/fairlearn/lib/python3.9/site-packages/pycaret/internal/pipeline.py:310: UserWarning: Persisting input arguments took 0.67s to run.
If this happens often in your code, it can cause performance problems 
(results will be correct in all cases). 
The reason for this is probably some large input arguments for a wrapped
 function (e.g. large strings).
THIS IS A JOBLIB ISSUE. If you can, kindly provide the joblib's team with an
 example so that they can fix the problem.
  X, _ = self._memory_full_transform(self, X, None, with_final=False)

2023-07-04 09:27:23,073:WARNING:/home/thom/venvs/fairlearn/lib/python3.9/site-packages/pycaret/internal/pipeline.py:310: UserWarning: Persisting input arguments took 0.62s to run.
If this happens often in your code, it can cause performance problems 
(results will be correct in all cases). 
The reason for this is probably some large input arguments for a wrapped
 function (e.g. large strings).
THIS IS A JOBLIB ISSUE. If you can, kindly provide the joblib's team with an
 example so that they can fix the problem.
  X, _ = self._memory_full_transform(self, X, None, with_final=False)

2023-07-04 09:27:24,131:INFO:Calculating mean and std
2023-07-04 09:27:24,133:INFO:Creating metrics dataframe
2023-07-04 09:27:24,151:INFO:Uploading results into container
2023-07-04 09:27:24,152:INFO:Uploading model into container now
2023-07-04 09:27:24,153:INFO:_master_model_container: 3
2023-07-04 09:27:24,153:INFO:_display_container: 2
2023-07-04 09:27:24,153:INFO:Ridge(random_state=2584)
2023-07-04 09:27:24,153:INFO:create_model() successfully completed......................................
2023-07-04 09:27:24,285:INFO:SubProcess create_model() end ==================================
2023-07-04 09:27:24,285:INFO:Creating metrics dataframe
2023-07-04 09:27:24,298:INFO:Initializing Elastic Net
2023-07-04 09:27:24,299:INFO:Total runtime is 0.41362479527791346 minutes
2023-07-04 09:27:24,304:INFO:SubProcess create_model() called ==================================
2023-07-04 09:27:24,304:INFO:Initializing create_model()
2023-07-04 09:27:24,305:INFO:create_model(self=<pycaret.regression.oop.RegressionExperiment object at 0x7f854a8330d0>, estimator=en, fold=KFold(n_splits=5, random_state=None, shuffle=False), round=4, cross_validation=True, predict=True, fit_kwargs={}, groups=None, refit=False, probability_threshold=None, experiment_custom_tags=None, verbose=False, system=False, add_to_model_list=True, metrics=None, display=<pycaret.internal.display.display.CommonDisplay object at 0x7f859830b910>, model_only=True, return_train_score=False, kwargs={})
2023-07-04 09:27:24,305:INFO:Checking exceptions
2023-07-04 09:27:24,305:INFO:Importing libraries
2023-07-04 09:27:24,305:INFO:Copying training dataset
2023-07-04 09:27:24,313:INFO:Defining folds
2023-07-04 09:27:24,314:INFO:Declaring metric variables
2023-07-04 09:27:24,321:INFO:Importing untrained model
2023-07-04 09:27:24,327:INFO:Elastic Net Imported successfully
2023-07-04 09:27:24,341:INFO:Starting cross validation
2023-07-04 09:27:24,631:INFO:Cross validating with KFold(n_splits=5, random_state=None, shuffle=False), n_jobs=-1
2023-07-04 09:27:26,998:WARNING:/home/thom/venvs/fairlearn/lib/python3.9/site-packages/pycaret/internal/pipeline.py:310: UserWarning: Persisting input arguments took 0.63s to run.
If this happens often in your code, it can cause performance problems 
(results will be correct in all cases). 
The reason for this is probably some large input arguments for a wrapped
 function (e.g. large strings).
THIS IS A JOBLIB ISSUE. If you can, kindly provide the joblib's team with an
 example so that they can fix the problem.
  X, _ = self._memory_full_transform(self, X, None, with_final=False)

2023-07-04 09:27:27,018:WARNING:/home/thom/venvs/fairlearn/lib/python3.9/site-packages/pycaret/internal/pipeline.py:310: UserWarning: Persisting input arguments took 0.58s to run.
If this happens often in your code, it can cause performance problems 
(results will be correct in all cases). 
The reason for this is probably some large input arguments for a wrapped
 function (e.g. large strings).
THIS IS A JOBLIB ISSUE. If you can, kindly provide the joblib's team with an
 example so that they can fix the problem.
  X, _ = self._memory_full_transform(self, X, None, with_final=False)

2023-07-04 09:27:27,050:WARNING:/home/thom/venvs/fairlearn/lib/python3.9/site-packages/pycaret/internal/pipeline.py:310: UserWarning: Persisting input arguments took 0.72s to run.
If this happens often in your code, it can cause performance problems 
(results will be correct in all cases). 
The reason for this is probably some large input arguments for a wrapped
 function (e.g. large strings).
THIS IS A JOBLIB ISSUE. If you can, kindly provide the joblib's team with an
 example so that they can fix the problem.
  X, _ = self._memory_full_transform(self, X, None, with_final=False)

2023-07-04 09:27:27,095:WARNING:/home/thom/venvs/fairlearn/lib/python3.9/site-packages/pycaret/internal/pipeline.py:310: UserWarning: Persisting input arguments took 0.60s to run.
If this happens often in your code, it can cause performance problems 
(results will be correct in all cases). 
The reason for this is probably some large input arguments for a wrapped
 function (e.g. large strings).
THIS IS A JOBLIB ISSUE. If you can, kindly provide the joblib's team with an
 example so that they can fix the problem.
  X, _ = self._memory_full_transform(self, X, None, with_final=False)

2023-07-04 09:27:28,197:INFO:Calculating mean and std
2023-07-04 09:27:28,199:INFO:Creating metrics dataframe
2023-07-04 09:27:28,222:INFO:Uploading results into container
2023-07-04 09:27:28,223:INFO:Uploading model into container now
2023-07-04 09:27:28,223:INFO:_master_model_container: 4
2023-07-04 09:27:28,223:INFO:_display_container: 2
2023-07-04 09:27:28,223:INFO:ElasticNet(random_state=2584)
2023-07-04 09:27:28,224:INFO:create_model() successfully completed......................................
2023-07-04 09:27:28,357:INFO:SubProcess create_model() end ==================================
2023-07-04 09:27:28,357:INFO:Creating metrics dataframe
2023-07-04 09:27:28,371:INFO:Initializing Least Angle Regression
2023-07-04 09:27:28,372:INFO:Total runtime is 0.48150775432586673 minutes
2023-07-04 09:27:28,379:INFO:SubProcess create_model() called ==================================
2023-07-04 09:27:28,379:INFO:Initializing create_model()
2023-07-04 09:27:28,380:INFO:create_model(self=<pycaret.regression.oop.RegressionExperiment object at 0x7f854a8330d0>, estimator=lar, fold=KFold(n_splits=5, random_state=None, shuffle=False), round=4, cross_validation=True, predict=True, fit_kwargs={}, groups=None, refit=False, probability_threshold=None, experiment_custom_tags=None, verbose=False, system=False, add_to_model_list=True, metrics=None, display=<pycaret.internal.display.display.CommonDisplay object at 0x7f859830b910>, model_only=True, return_train_score=False, kwargs={})
2023-07-04 09:27:28,380:INFO:Checking exceptions
2023-07-04 09:27:28,380:INFO:Importing libraries
2023-07-04 09:27:28,380:INFO:Copying training dataset
2023-07-04 09:27:28,389:INFO:Defining folds
2023-07-04 09:27:28,390:INFO:Declaring metric variables
2023-07-04 09:27:28,397:INFO:Importing untrained model
2023-07-04 09:27:28,405:INFO:Least Angle Regression Imported successfully
2023-07-04 09:27:28,421:INFO:Starting cross validation
2023-07-04 09:27:28,681:INFO:Cross validating with KFold(n_splits=5, random_state=None, shuffle=False), n_jobs=-1
2023-07-04 09:27:29,348:WARNING:/home/thom/venvs/fairlearn/lib/python3.9/site-packages/sklearn/linear_model/_base.py:133: FutureWarning: The default of 'normalize' will be set to False in version 1.2 and deprecated in version 1.4.
If you wish to scale the data, use Pipeline with a StandardScaler in a preprocessing stage. To reproduce the previous behavior:

from sklearn.pipeline import make_pipeline

model = make_pipeline(StandardScaler(with_mean=False), Lars())

If you wish to pass a sample_weight parameter, you need to pass it as a fit parameter to each step of the pipeline as follows:

kwargs = {s[0] + '__sample_weight': sample_weight for s in model.steps}
model.fit(X, y, **kwargs)


  warnings.warn(

2023-07-04 09:27:29,381:WARNING:/home/thom/venvs/fairlearn/lib/python3.9/site-packages/sklearn/linear_model/_base.py:133: FutureWarning: The default of 'normalize' will be set to False in version 1.2 and deprecated in version 1.4.
If you wish to scale the data, use Pipeline with a StandardScaler in a preprocessing stage. To reproduce the previous behavior:

from sklearn.pipeline import make_pipeline

model = make_pipeline(StandardScaler(with_mean=False), Lars())

If you wish to pass a sample_weight parameter, you need to pass it as a fit parameter to each step of the pipeline as follows:

kwargs = {s[0] + '__sample_weight': sample_weight for s in model.steps}
model.fit(X, y, **kwargs)


  warnings.warn(

2023-07-04 09:27:29,412:WARNING:/home/thom/venvs/fairlearn/lib/python3.9/site-packages/sklearn/linear_model/_base.py:133: FutureWarning: The default of 'normalize' will be set to False in version 1.2 and deprecated in version 1.4.
If you wish to scale the data, use Pipeline with a StandardScaler in a preprocessing stage. To reproduce the previous behavior:

from sklearn.pipeline import make_pipeline

model = make_pipeline(StandardScaler(with_mean=False), Lars())

If you wish to pass a sample_weight parameter, you need to pass it as a fit parameter to each step of the pipeline as follows:

kwargs = {s[0] + '__sample_weight': sample_weight for s in model.steps}
model.fit(X, y, **kwargs)


  warnings.warn(

2023-07-04 09:27:29,414:WARNING:/home/thom/venvs/fairlearn/lib/python3.9/site-packages/sklearn/linear_model/_base.py:133: FutureWarning: The default of 'normalize' will be set to False in version 1.2 and deprecated in version 1.4.
If you wish to scale the data, use Pipeline with a StandardScaler in a preprocessing stage. To reproduce the previous behavior:

from sklearn.pipeline import make_pipeline

model = make_pipeline(StandardScaler(with_mean=False), Lars())

If you wish to pass a sample_weight parameter, you need to pass it as a fit parameter to each step of the pipeline as follows:

kwargs = {s[0] + '__sample_weight': sample_weight for s in model.steps}
model.fit(X, y, **kwargs)


  warnings.warn(

2023-07-04 09:27:31,031:WARNING:/home/thom/venvs/fairlearn/lib/python3.9/site-packages/pycaret/internal/pipeline.py:310: UserWarning: Persisting input arguments took 0.64s to run.
If this happens often in your code, it can cause performance problems 
(results will be correct in all cases). 
The reason for this is probably some large input arguments for a wrapped
 function (e.g. large strings).
THIS IS A JOBLIB ISSUE. If you can, kindly provide the joblib's team with an
 example so that they can fix the problem.
  X, _ = self._memory_full_transform(self, X, None, with_final=False)

2023-07-04 09:27:31,076:WARNING:/home/thom/venvs/fairlearn/lib/python3.9/site-packages/pycaret/internal/pipeline.py:310: UserWarning: Persisting input arguments took 0.78s to run.
If this happens often in your code, it can cause performance problems 
(results will be correct in all cases). 
The reason for this is probably some large input arguments for a wrapped
 function (e.g. large strings).
THIS IS A JOBLIB ISSUE. If you can, kindly provide the joblib's team with an
 example so that they can fix the problem.
  X, _ = self._memory_full_transform(self, X, None, with_final=False)

2023-07-04 09:27:31,107:WARNING:/home/thom/venvs/fairlearn/lib/python3.9/site-packages/pycaret/internal/pipeline.py:310: UserWarning: Persisting input arguments took 0.62s to run.
If this happens often in your code, it can cause performance problems 
(results will be correct in all cases). 
The reason for this is probably some large input arguments for a wrapped
 function (e.g. large strings).
THIS IS A JOBLIB ISSUE. If you can, kindly provide the joblib's team with an
 example so that they can fix the problem.
  X, _ = self._memory_full_transform(self, X, None, with_final=False)

2023-07-04 09:27:31,149:WARNING:/home/thom/venvs/fairlearn/lib/python3.9/site-packages/pycaret/internal/pipeline.py:310: UserWarning: Persisting input arguments took 0.68s to run.
If this happens often in your code, it can cause performance problems 
(results will be correct in all cases). 
The reason for this is probably some large input arguments for a wrapped
 function (e.g. large strings).
THIS IS A JOBLIB ISSUE. If you can, kindly provide the joblib's team with an
 example so that they can fix the problem.
  X, _ = self._memory_full_transform(self, X, None, with_final=False)

2023-07-04 09:27:31,465:WARNING:/home/thom/venvs/fairlearn/lib/python3.9/site-packages/sklearn/linear_model/_base.py:133: FutureWarning: The default of 'normalize' will be set to False in version 1.2 and deprecated in version 1.4.
If you wish to scale the data, use Pipeline with a StandardScaler in a preprocessing stage. To reproduce the previous behavior:

from sklearn.pipeline import make_pipeline

model = make_pipeline(StandardScaler(with_mean=False), Lars())

If you wish to pass a sample_weight parameter, you need to pass it as a fit parameter to each step of the pipeline as follows:

kwargs = {s[0] + '__sample_weight': sample_weight for s in model.steps}
model.fit(X, y, **kwargs)


  warnings.warn(

2023-07-04 09:27:32,223:INFO:Calculating mean and std
2023-07-04 09:27:32,225:INFO:Creating metrics dataframe
2023-07-04 09:27:32,242:INFO:Uploading results into container
2023-07-04 09:27:32,243:INFO:Uploading model into container now
2023-07-04 09:27:32,244:INFO:_master_model_container: 5
2023-07-04 09:27:32,244:INFO:_display_container: 2
2023-07-04 09:27:32,245:INFO:Lars(random_state=2584)
2023-07-04 09:27:32,245:INFO:create_model() successfully completed......................................
2023-07-04 09:27:32,397:INFO:SubProcess create_model() end ==================================
2023-07-04 09:27:32,398:INFO:Creating metrics dataframe
2023-07-04 09:27:32,412:INFO:Initializing Lasso Least Angle Regression
2023-07-04 09:27:32,412:INFO:Total runtime is 0.5488518595695496 minutes
2023-07-04 09:27:32,419:INFO:SubProcess create_model() called ==================================
2023-07-04 09:27:32,420:INFO:Initializing create_model()
2023-07-04 09:27:32,420:INFO:create_model(self=<pycaret.regression.oop.RegressionExperiment object at 0x7f854a8330d0>, estimator=llar, fold=KFold(n_splits=5, random_state=None, shuffle=False), round=4, cross_validation=True, predict=True, fit_kwargs={}, groups=None, refit=False, probability_threshold=None, experiment_custom_tags=None, verbose=False, system=False, add_to_model_list=True, metrics=None, display=<pycaret.internal.display.display.CommonDisplay object at 0x7f859830b910>, model_only=True, return_train_score=False, kwargs={})
2023-07-04 09:27:32,420:INFO:Checking exceptions
2023-07-04 09:27:32,420:INFO:Importing libraries
2023-07-04 09:27:32,420:INFO:Copying training dataset
2023-07-04 09:27:32,426:INFO:Defining folds
2023-07-04 09:27:32,426:INFO:Declaring metric variables
2023-07-04 09:27:32,432:INFO:Importing untrained model
2023-07-04 09:27:32,439:INFO:Lasso Least Angle Regression Imported successfully
2023-07-04 09:27:32,452:INFO:Starting cross validation
2023-07-04 09:27:32,763:INFO:Cross validating with KFold(n_splits=5, random_state=None, shuffle=False), n_jobs=-1
2023-07-04 09:27:33,451:WARNING:/home/thom/venvs/fairlearn/lib/python3.9/site-packages/sklearn/linear_model/_base.py:133: FutureWarning: The default of 'normalize' will be set to False in version 1.2 and deprecated in version 1.4.
If you wish to scale the data, use Pipeline with a StandardScaler in a preprocessing stage. To reproduce the previous behavior:

from sklearn.pipeline import make_pipeline

model = make_pipeline(StandardScaler(with_mean=False), LassoLars())

If you wish to pass a sample_weight parameter, you need to pass it as a fit parameter to each step of the pipeline as follows:

kwargs = {s[0] + '__sample_weight': sample_weight for s in model.steps}
model.fit(X, y, **kwargs)

Set parameter alpha to: original_alpha * np.sqrt(n_samples). 
  warnings.warn(

2023-07-04 09:27:33,451:WARNING:/home/thom/venvs/fairlearn/lib/python3.9/site-packages/sklearn/linear_model/_base.py:133: FutureWarning: The default of 'normalize' will be set to False in version 1.2 and deprecated in version 1.4.
If you wish to scale the data, use Pipeline with a StandardScaler in a preprocessing stage. To reproduce the previous behavior:

from sklearn.pipeline import make_pipeline

model = make_pipeline(StandardScaler(with_mean=False), LassoLars())

If you wish to pass a sample_weight parameter, you need to pass it as a fit parameter to each step of the pipeline as follows:

kwargs = {s[0] + '__sample_weight': sample_weight for s in model.steps}
model.fit(X, y, **kwargs)

Set parameter alpha to: original_alpha * np.sqrt(n_samples). 
  warnings.warn(

2023-07-04 09:27:33,536:WARNING:/home/thom/venvs/fairlearn/lib/python3.9/site-packages/sklearn/linear_model/_base.py:133: FutureWarning: The default of 'normalize' will be set to False in version 1.2 and deprecated in version 1.4.
If you wish to scale the data, use Pipeline with a StandardScaler in a preprocessing stage. To reproduce the previous behavior:

from sklearn.pipeline import make_pipeline

model = make_pipeline(StandardScaler(with_mean=False), LassoLars())

If you wish to pass a sample_weight parameter, you need to pass it as a fit parameter to each step of the pipeline as follows:

kwargs = {s[0] + '__sample_weight': sample_weight for s in model.steps}
model.fit(X, y, **kwargs)

Set parameter alpha to: original_alpha * np.sqrt(n_samples). 
  warnings.warn(

2023-07-04 09:27:33,587:WARNING:/home/thom/venvs/fairlearn/lib/python3.9/site-packages/sklearn/linear_model/_base.py:133: FutureWarning: The default of 'normalize' will be set to False in version 1.2 and deprecated in version 1.4.
If you wish to scale the data, use Pipeline with a StandardScaler in a preprocessing stage. To reproduce the previous behavior:

from sklearn.pipeline import make_pipeline

model = make_pipeline(StandardScaler(with_mean=False), LassoLars())

If you wish to pass a sample_weight parameter, you need to pass it as a fit parameter to each step of the pipeline as follows:

kwargs = {s[0] + '__sample_weight': sample_weight for s in model.steps}
model.fit(X, y, **kwargs)

Set parameter alpha to: original_alpha * np.sqrt(n_samples). 
  warnings.warn(

2023-07-04 09:27:35,030:WARNING:/home/thom/venvs/fairlearn/lib/python3.9/site-packages/pycaret/internal/pipeline.py:310: UserWarning: Persisting input arguments took 0.57s to run.
If this happens often in your code, it can cause performance problems 
(results will be correct in all cases). 
The reason for this is probably some large input arguments for a wrapped
 function (e.g. large strings).
THIS IS A JOBLIB ISSUE. If you can, kindly provide the joblib's team with an
 example so that they can fix the problem.
  X, _ = self._memory_full_transform(self, X, None, with_final=False)

2023-07-04 09:27:35,065:WARNING:/home/thom/venvs/fairlearn/lib/python3.9/site-packages/pycaret/internal/pipeline.py:310: UserWarning: Persisting input arguments took 0.59s to run.
If this happens often in your code, it can cause performance problems 
(results will be correct in all cases). 
The reason for this is probably some large input arguments for a wrapped
 function (e.g. large strings).
THIS IS A JOBLIB ISSUE. If you can, kindly provide the joblib's team with an
 example so that they can fix the problem.
  X, _ = self._memory_full_transform(self, X, None, with_final=False)

2023-07-04 09:27:35,095:WARNING:/home/thom/venvs/fairlearn/lib/python3.9/site-packages/pycaret/internal/pipeline.py:310: UserWarning: Persisting input arguments took 0.59s to run.
If this happens often in your code, it can cause performance problems 
(results will be correct in all cases). 
The reason for this is probably some large input arguments for a wrapped
 function (e.g. large strings).
THIS IS A JOBLIB ISSUE. If you can, kindly provide the joblib's team with an
 example so that they can fix the problem.
  X, _ = self._memory_full_transform(self, X, None, with_final=False)

2023-07-04 09:27:35,146:WARNING:/home/thom/venvs/fairlearn/lib/python3.9/site-packages/pycaret/internal/pipeline.py:310: UserWarning: Persisting input arguments took 0.54s to run.
If this happens often in your code, it can cause performance problems 
(results will be correct in all cases). 
The reason for this is probably some large input arguments for a wrapped
 function (e.g. large strings).
THIS IS A JOBLIB ISSUE. If you can, kindly provide the joblib's team with an
 example so that they can fix the problem.
  X, _ = self._memory_full_transform(self, X, None, with_final=False)

2023-07-04 09:27:35,404:WARNING:/home/thom/venvs/fairlearn/lib/python3.9/site-packages/sklearn/linear_model/_base.py:133: FutureWarning: The default of 'normalize' will be set to False in version 1.2 and deprecated in version 1.4.
If you wish to scale the data, use Pipeline with a StandardScaler in a preprocessing stage. To reproduce the previous behavior:

from sklearn.pipeline import make_pipeline

model = make_pipeline(StandardScaler(with_mean=False), LassoLars())

If you wish to pass a sample_weight parameter, you need to pass it as a fit parameter to each step of the pipeline as follows:

kwargs = {s[0] + '__sample_weight': sample_weight for s in model.steps}
model.fit(X, y, **kwargs)

Set parameter alpha to: original_alpha * np.sqrt(n_samples). 
  warnings.warn(

2023-07-04 09:27:36,171:INFO:Calculating mean and std
2023-07-04 09:27:36,173:INFO:Creating metrics dataframe
2023-07-04 09:27:36,194:INFO:Uploading results into container
2023-07-04 09:27:36,195:INFO:Uploading model into container now
2023-07-04 09:27:36,196:INFO:_master_model_container: 6
2023-07-04 09:27:36,196:INFO:_display_container: 2
2023-07-04 09:27:36,197:INFO:LassoLars(random_state=2584)
2023-07-04 09:27:36,197:INFO:create_model() successfully completed......................................
2023-07-04 09:27:36,335:INFO:SubProcess create_model() end ==================================
2023-07-04 09:27:36,335:INFO:Creating metrics dataframe
2023-07-04 09:27:36,351:INFO:Initializing Orthogonal Matching Pursuit
2023-07-04 09:27:36,351:INFO:Total runtime is 0.6145030498504639 minutes
2023-07-04 09:27:36,356:INFO:SubProcess create_model() called ==================================
2023-07-04 09:27:36,356:INFO:Initializing create_model()
2023-07-04 09:27:36,356:INFO:create_model(self=<pycaret.regression.oop.RegressionExperiment object at 0x7f854a8330d0>, estimator=omp, fold=KFold(n_splits=5, random_state=None, shuffle=False), round=4, cross_validation=True, predict=True, fit_kwargs={}, groups=None, refit=False, probability_threshold=None, experiment_custom_tags=None, verbose=False, system=False, add_to_model_list=True, metrics=None, display=<pycaret.internal.display.display.CommonDisplay object at 0x7f859830b910>, model_only=True, return_train_score=False, kwargs={})
2023-07-04 09:27:36,356:INFO:Checking exceptions
2023-07-04 09:27:36,356:INFO:Importing libraries
2023-07-04 09:27:36,357:INFO:Copying training dataset
2023-07-04 09:27:36,363:INFO:Defining folds
2023-07-04 09:27:36,363:INFO:Declaring metric variables
2023-07-04 09:27:36,372:INFO:Importing untrained model
2023-07-04 09:27:36,379:INFO:Orthogonal Matching Pursuit Imported successfully
2023-07-04 09:27:36,392:INFO:Starting cross validation
2023-07-04 09:27:36,737:INFO:Cross validating with KFold(n_splits=5, random_state=None, shuffle=False), n_jobs=-1
2023-07-04 09:27:37,399:WARNING:/home/thom/venvs/fairlearn/lib/python3.9/site-packages/sklearn/linear_model/_base.py:133: FutureWarning: The default of 'normalize' will be set to False in version 1.2 and deprecated in version 1.4.
If you wish to scale the data, use Pipeline with a StandardScaler in a preprocessing stage. To reproduce the previous behavior:

from sklearn.pipeline import make_pipeline

model = make_pipeline(StandardScaler(with_mean=False), OrthogonalMatchingPursuit())

If you wish to pass a sample_weight parameter, you need to pass it as a fit parameter to each step of the pipeline as follows:

kwargs = {s[0] + '__sample_weight': sample_weight for s in model.steps}
model.fit(X, y, **kwargs)


  warnings.warn(

2023-07-04 09:27:37,464:WARNING:/home/thom/venvs/fairlearn/lib/python3.9/site-packages/sklearn/linear_model/_base.py:133: FutureWarning: The default of 'normalize' will be set to False in version 1.2 and deprecated in version 1.4.
If you wish to scale the data, use Pipeline with a StandardScaler in a preprocessing stage. To reproduce the previous behavior:

from sklearn.pipeline import make_pipeline

model = make_pipeline(StandardScaler(with_mean=False), OrthogonalMatchingPursuit())

If you wish to pass a sample_weight parameter, you need to pass it as a fit parameter to each step of the pipeline as follows:

kwargs = {s[0] + '__sample_weight': sample_weight for s in model.steps}
model.fit(X, y, **kwargs)


  warnings.warn(

2023-07-04 09:27:37,473:WARNING:/home/thom/venvs/fairlearn/lib/python3.9/site-packages/sklearn/linear_model/_base.py:133: FutureWarning: The default of 'normalize' will be set to False in version 1.2 and deprecated in version 1.4.
If you wish to scale the data, use Pipeline with a StandardScaler in a preprocessing stage. To reproduce the previous behavior:

from sklearn.pipeline import make_pipeline

model = make_pipeline(StandardScaler(with_mean=False), OrthogonalMatchingPursuit())

If you wish to pass a sample_weight parameter, you need to pass it as a fit parameter to each step of the pipeline as follows:

kwargs = {s[0] + '__sample_weight': sample_weight for s in model.steps}
model.fit(X, y, **kwargs)


  warnings.warn(

2023-07-04 09:27:37,611:WARNING:/home/thom/venvs/fairlearn/lib/python3.9/site-packages/sklearn/linear_model/_base.py:133: FutureWarning: The default of 'normalize' will be set to False in version 1.2 and deprecated in version 1.4.
If you wish to scale the data, use Pipeline with a StandardScaler in a preprocessing stage. To reproduce the previous behavior:

from sklearn.pipeline import make_pipeline

model = make_pipeline(StandardScaler(with_mean=False), OrthogonalMatchingPursuit())

If you wish to pass a sample_weight parameter, you need to pass it as a fit parameter to each step of the pipeline as follows:

kwargs = {s[0] + '__sample_weight': sample_weight for s in model.steps}
model.fit(X, y, **kwargs)


  warnings.warn(

2023-07-04 09:27:38,944:WARNING:/home/thom/venvs/fairlearn/lib/python3.9/site-packages/pycaret/internal/pipeline.py:310: UserWarning: Persisting input arguments took 0.58s to run.
If this happens often in your code, it can cause performance problems 
(results will be correct in all cases). 
The reason for this is probably some large input arguments for a wrapped
 function (e.g. large strings).
THIS IS A JOBLIB ISSUE. If you can, kindly provide the joblib's team with an
 example so that they can fix the problem.
  X, _ = self._memory_full_transform(self, X, None, with_final=False)

2023-07-04 09:27:39,095:WARNING:/home/thom/venvs/fairlearn/lib/python3.9/site-packages/pycaret/internal/pipeline.py:310: UserWarning: Persisting input arguments took 0.57s to run.
If this happens often in your code, it can cause performance problems 
(results will be correct in all cases). 
The reason for this is probably some large input arguments for a wrapped
 function (e.g. large strings).
THIS IS A JOBLIB ISSUE. If you can, kindly provide the joblib's team with an
 example so that they can fix the problem.
  X, _ = self._memory_full_transform(self, X, None, with_final=False)

2023-07-04 09:27:39,107:WARNING:/home/thom/venvs/fairlearn/lib/python3.9/site-packages/pycaret/internal/pipeline.py:310: UserWarning: Persisting input arguments took 0.59s to run.
If this happens often in your code, it can cause performance problems 
(results will be correct in all cases). 
The reason for this is probably some large input arguments for a wrapped
 function (e.g. large strings).
THIS IS A JOBLIB ISSUE. If you can, kindly provide the joblib's team with an
 example so that they can fix the problem.
  X, _ = self._memory_full_transform(self, X, None, with_final=False)

2023-07-04 09:27:39,166:WARNING:/home/thom/venvs/fairlearn/lib/python3.9/site-packages/pycaret/internal/pipeline.py:310: UserWarning: Persisting input arguments took 0.54s to run.
If this happens often in your code, it can cause performance problems 
(results will be correct in all cases). 
The reason for this is probably some large input arguments for a wrapped
 function (e.g. large strings).
THIS IS A JOBLIB ISSUE. If you can, kindly provide the joblib's team with an
 example so that they can fix the problem.
  X, _ = self._memory_full_transform(self, X, None, with_final=False)

2023-07-04 09:27:39,366:WARNING:/home/thom/venvs/fairlearn/lib/python3.9/site-packages/sklearn/linear_model/_base.py:133: FutureWarning: The default of 'normalize' will be set to False in version 1.2 and deprecated in version 1.4.
If you wish to scale the data, use Pipeline with a StandardScaler in a preprocessing stage. To reproduce the previous behavior:

from sklearn.pipeline import make_pipeline

model = make_pipeline(StandardScaler(with_mean=False), OrthogonalMatchingPursuit())

If you wish to pass a sample_weight parameter, you need to pass it as a fit parameter to each step of the pipeline as follows:

kwargs = {s[0] + '__sample_weight': sample_weight for s in model.steps}
model.fit(X, y, **kwargs)


  warnings.warn(

2023-07-04 09:27:40,091:INFO:Calculating mean and std
2023-07-04 09:27:40,093:INFO:Creating metrics dataframe
2023-07-04 09:27:40,115:INFO:Uploading results into container
2023-07-04 09:27:40,117:INFO:Uploading model into container now
2023-07-04 09:27:40,118:INFO:_master_model_container: 7
2023-07-04 09:27:40,118:INFO:_display_container: 2
2023-07-04 09:27:40,118:INFO:OrthogonalMatchingPursuit()
2023-07-04 09:27:40,118:INFO:create_model() successfully completed......................................
2023-07-04 09:27:40,247:INFO:SubProcess create_model() end ==================================
2023-07-04 09:27:40,248:INFO:Creating metrics dataframe
2023-07-04 09:27:40,262:INFO:Initializing Bayesian Ridge
2023-07-04 09:27:40,262:INFO:Total runtime is 0.6796882112820943 minutes
2023-07-04 09:27:40,267:INFO:SubProcess create_model() called ==================================
2023-07-04 09:27:40,267:INFO:Initializing create_model()
2023-07-04 09:27:40,267:INFO:create_model(self=<pycaret.regression.oop.RegressionExperiment object at 0x7f854a8330d0>, estimator=br, fold=KFold(n_splits=5, random_state=None, shuffle=False), round=4, cross_validation=True, predict=True, fit_kwargs={}, groups=None, refit=False, probability_threshold=None, experiment_custom_tags=None, verbose=False, system=False, add_to_model_list=True, metrics=None, display=<pycaret.internal.display.display.CommonDisplay object at 0x7f859830b910>, model_only=True, return_train_score=False, kwargs={})
2023-07-04 09:27:40,267:INFO:Checking exceptions
2023-07-04 09:27:40,268:INFO:Importing libraries
2023-07-04 09:27:40,268:INFO:Copying training dataset
2023-07-04 09:27:40,278:INFO:Defining folds
2023-07-04 09:27:40,278:INFO:Declaring metric variables
2023-07-04 09:27:40,284:INFO:Importing untrained model
2023-07-04 09:27:40,290:INFO:Bayesian Ridge Imported successfully
2023-07-04 09:27:40,302:INFO:Starting cross validation
2023-07-04 09:27:40,562:INFO:Cross validating with KFold(n_splits=5, random_state=None, shuffle=False), n_jobs=-1
2023-07-04 09:27:42,796:WARNING:/home/thom/venvs/fairlearn/lib/python3.9/site-packages/pycaret/internal/pipeline.py:310: UserWarning: Persisting input arguments took 0.58s to run.
If this happens often in your code, it can cause performance problems 
(results will be correct in all cases). 
The reason for this is probably some large input arguments for a wrapped
 function (e.g. large strings).
THIS IS A JOBLIB ISSUE. If you can, kindly provide the joblib's team with an
 example so that they can fix the problem.
  X, _ = self._memory_full_transform(self, X, None, with_final=False)

2023-07-04 09:27:42,811:WARNING:/home/thom/venvs/fairlearn/lib/python3.9/site-packages/pycaret/internal/pipeline.py:310: UserWarning: Persisting input arguments took 0.58s to run.
If this happens often in your code, it can cause performance problems 
(results will be correct in all cases). 
The reason for this is probably some large input arguments for a wrapped
 function (e.g. large strings).
THIS IS A JOBLIB ISSUE. If you can, kindly provide the joblib's team with an
 example so that they can fix the problem.
  X, _ = self._memory_full_transform(self, X, None, with_final=False)

2023-07-04 09:27:42,862:WARNING:/home/thom/venvs/fairlearn/lib/python3.9/site-packages/pycaret/internal/pipeline.py:310: UserWarning: Persisting input arguments took 0.56s to run.
If this happens often in your code, it can cause performance problems 
(results will be correct in all cases). 
The reason for this is probably some large input arguments for a wrapped
 function (e.g. large strings).
THIS IS A JOBLIB ISSUE. If you can, kindly provide the joblib's team with an
 example so that they can fix the problem.
  X, _ = self._memory_full_transform(self, X, None, with_final=False)

2023-07-04 09:27:42,878:WARNING:/home/thom/venvs/fairlearn/lib/python3.9/site-packages/pycaret/internal/pipeline.py:310: UserWarning: Persisting input arguments took 0.57s to run.
If this happens often in your code, it can cause performance problems 
(results will be correct in all cases). 
The reason for this is probably some large input arguments for a wrapped
 function (e.g. large strings).
THIS IS A JOBLIB ISSUE. If you can, kindly provide the joblib's team with an
 example so that they can fix the problem.
  X, _ = self._memory_full_transform(self, X, None, with_final=False)

2023-07-04 09:27:43,887:INFO:Calculating mean and std
2023-07-04 09:27:43,889:INFO:Creating metrics dataframe
2023-07-04 09:27:43,912:INFO:Uploading results into container
2023-07-04 09:27:43,913:INFO:Uploading model into container now
2023-07-04 09:27:43,914:INFO:_master_model_container: 8
2023-07-04 09:27:43,915:INFO:_display_container: 2
2023-07-04 09:27:43,915:INFO:BayesianRidge()
2023-07-04 09:27:43,915:INFO:create_model() successfully completed......................................
2023-07-04 09:27:44,044:INFO:SubProcess create_model() end ==================================
2023-07-04 09:27:44,044:INFO:Creating metrics dataframe
2023-07-04 09:27:44,058:INFO:Initializing Passive Aggressive Regressor
2023-07-04 09:27:44,058:INFO:Total runtime is 0.7429568926493327 minutes
2023-07-04 09:27:44,063:INFO:SubProcess create_model() called ==================================
2023-07-04 09:27:44,064:INFO:Initializing create_model()
2023-07-04 09:27:44,064:INFO:create_model(self=<pycaret.regression.oop.RegressionExperiment object at 0x7f854a8330d0>, estimator=par, fold=KFold(n_splits=5, random_state=None, shuffle=False), round=4, cross_validation=True, predict=True, fit_kwargs={}, groups=None, refit=False, probability_threshold=None, experiment_custom_tags=None, verbose=False, system=False, add_to_model_list=True, metrics=None, display=<pycaret.internal.display.display.CommonDisplay object at 0x7f859830b910>, model_only=True, return_train_score=False, kwargs={})
2023-07-04 09:27:44,064:INFO:Checking exceptions
2023-07-04 09:27:44,064:INFO:Importing libraries
2023-07-04 09:27:44,064:INFO:Copying training dataset
2023-07-04 09:27:44,070:INFO:Defining folds
2023-07-04 09:27:44,070:INFO:Declaring metric variables
2023-07-04 09:27:44,078:INFO:Importing untrained model
2023-07-04 09:27:44,085:INFO:Passive Aggressive Regressor Imported successfully
2023-07-04 09:27:44,098:INFO:Starting cross validation
2023-07-04 09:27:44,342:INFO:Cross validating with KFold(n_splits=5, random_state=None, shuffle=False), n_jobs=-1
2023-07-04 09:27:46,601:WARNING:/home/thom/venvs/fairlearn/lib/python3.9/site-packages/pycaret/internal/pipeline.py:310: UserWarning: Persisting input arguments took 0.57s to run.
If this happens often in your code, it can cause performance problems 
(results will be correct in all cases). 
The reason for this is probably some large input arguments for a wrapped
 function (e.g. large strings).
THIS IS A JOBLIB ISSUE. If you can, kindly provide the joblib's team with an
 example so that they can fix the problem.
  X, _ = self._memory_full_transform(self, X, None, with_final=False)

2023-07-04 09:27:46,604:WARNING:/home/thom/venvs/fairlearn/lib/python3.9/site-packages/pycaret/internal/pipeline.py:310: UserWarning: Persisting input arguments took 0.57s to run.
If this happens often in your code, it can cause performance problems 
(results will be correct in all cases). 
The reason for this is probably some large input arguments for a wrapped
 function (e.g. large strings).
THIS IS A JOBLIB ISSUE. If you can, kindly provide the joblib's team with an
 example so that they can fix the problem.
  X, _ = self._memory_full_transform(self, X, None, with_final=False)

2023-07-04 09:27:46,640:WARNING:/home/thom/venvs/fairlearn/lib/python3.9/site-packages/pycaret/internal/pipeline.py:310: UserWarning: Persisting input arguments took 0.58s to run.
If this happens often in your code, it can cause performance problems 
(results will be correct in all cases). 
The reason for this is probably some large input arguments for a wrapped
 function (e.g. large strings).
THIS IS A JOBLIB ISSUE. If you can, kindly provide the joblib's team with an
 example so that they can fix the problem.
  X, _ = self._memory_full_transform(self, X, None, with_final=False)

2023-07-04 09:27:46,705:WARNING:/home/thom/venvs/fairlearn/lib/python3.9/site-packages/pycaret/internal/pipeline.py:310: UserWarning: Persisting input arguments took 0.53s to run.
If this happens often in your code, it can cause performance problems 
(results will be correct in all cases). 
The reason for this is probably some large input arguments for a wrapped
 function (e.g. large strings).
THIS IS A JOBLIB ISSUE. If you can, kindly provide the joblib's team with an
 example so that they can fix the problem.
  X, _ = self._memory_full_transform(self, X, None, with_final=False)

2023-07-04 09:27:47,674:INFO:Calculating mean and std
2023-07-04 09:27:47,675:INFO:Creating metrics dataframe
2023-07-04 09:27:47,697:INFO:Uploading results into container
2023-07-04 09:27:47,698:INFO:Uploading model into container now
2023-07-04 09:27:47,698:INFO:_master_model_container: 9
2023-07-04 09:27:47,698:INFO:_display_container: 2
2023-07-04 09:27:47,699:INFO:PassiveAggressiveRegressor(random_state=2584)
2023-07-04 09:27:47,699:INFO:create_model() successfully completed......................................
2023-07-04 09:27:47,836:INFO:SubProcess create_model() end ==================================
2023-07-04 09:27:47,836:INFO:Creating metrics dataframe
2023-07-04 09:27:47,851:INFO:Initializing Huber Regressor
2023-07-04 09:27:47,851:INFO:Total runtime is 0.8061726331710816 minutes
2023-07-04 09:27:47,856:INFO:SubProcess create_model() called ==================================
2023-07-04 09:27:47,856:INFO:Initializing create_model()
2023-07-04 09:27:47,857:INFO:create_model(self=<pycaret.regression.oop.RegressionExperiment object at 0x7f854a8330d0>, estimator=huber, fold=KFold(n_splits=5, random_state=None, shuffle=False), round=4, cross_validation=True, predict=True, fit_kwargs={}, groups=None, refit=False, probability_threshold=None, experiment_custom_tags=None, verbose=False, system=False, add_to_model_list=True, metrics=None, display=<pycaret.internal.display.display.CommonDisplay object at 0x7f859830b910>, model_only=True, return_train_score=False, kwargs={})
2023-07-04 09:27:47,857:INFO:Checking exceptions
2023-07-04 09:27:47,857:INFO:Importing libraries
2023-07-04 09:27:47,857:INFO:Copying training dataset
2023-07-04 09:27:47,863:INFO:Defining folds
2023-07-04 09:27:47,863:INFO:Declaring metric variables
2023-07-04 09:27:47,868:INFO:Importing untrained model
2023-07-04 09:27:47,877:INFO:Huber Regressor Imported successfully
2023-07-04 09:27:47,891:INFO:Starting cross validation
2023-07-04 09:27:48,157:INFO:Cross validating with KFold(n_splits=5, random_state=None, shuffle=False), n_jobs=-1
2023-07-04 09:27:48,916:WARNING:/home/thom/venvs/fairlearn/lib/python3.9/site-packages/sklearn/linear_model/_huber.py:335: ConvergenceWarning: lbfgs failed to converge (status=1):
STOP: TOTAL NO. of ITERATIONS REACHED LIMIT.

Increase the number of iterations (max_iter) or scale the data as shown in:
    https://scikit-learn.org/stable/modules/preprocessing.html
  self.n_iter_ = _check_optimize_result("lbfgs", opt_res, self.max_iter)

2023-07-04 09:27:48,964:WARNING:/home/thom/venvs/fairlearn/lib/python3.9/site-packages/sklearn/linear_model/_huber.py:335: ConvergenceWarning: lbfgs failed to converge (status=1):
STOP: TOTAL NO. of ITERATIONS REACHED LIMIT.

Increase the number of iterations (max_iter) or scale the data as shown in:
    https://scikit-learn.org/stable/modules/preprocessing.html
  self.n_iter_ = _check_optimize_result("lbfgs", opt_res, self.max_iter)

2023-07-04 09:27:48,990:WARNING:/home/thom/venvs/fairlearn/lib/python3.9/site-packages/sklearn/linear_model/_huber.py:335: ConvergenceWarning: lbfgs failed to converge (status=1):
STOP: TOTAL NO. of ITERATIONS REACHED LIMIT.

Increase the number of iterations (max_iter) or scale the data as shown in:
    https://scikit-learn.org/stable/modules/preprocessing.html
  self.n_iter_ = _check_optimize_result("lbfgs", opt_res, self.max_iter)

2023-07-04 09:27:50,473:WARNING:/home/thom/venvs/fairlearn/lib/python3.9/site-packages/pycaret/internal/pipeline.py:310: UserWarning: Persisting input arguments took 0.62s to run.
If this happens often in your code, it can cause performance problems 
(results will be correct in all cases). 
The reason for this is probably some large input arguments for a wrapped
 function (e.g. large strings).
THIS IS A JOBLIB ISSUE. If you can, kindly provide the joblib's team with an
 example so that they can fix the problem.
  X, _ = self._memory_full_transform(self, X, None, with_final=False)

2023-07-04 09:27:50,561:WARNING:/home/thom/venvs/fairlearn/lib/python3.9/site-packages/pycaret/internal/pipeline.py:310: UserWarning: Persisting input arguments took 0.59s to run.
If this happens often in your code, it can cause performance problems 
(results will be correct in all cases). 
The reason for this is probably some large input arguments for a wrapped
 function (e.g. large strings).
THIS IS A JOBLIB ISSUE. If you can, kindly provide the joblib's team with an
 example so that they can fix the problem.
  X, _ = self._memory_full_transform(self, X, None, with_final=False)

2023-07-04 09:27:50,568:WARNING:/home/thom/venvs/fairlearn/lib/python3.9/site-packages/pycaret/internal/pipeline.py:310: UserWarning: Persisting input arguments took 0.59s to run.
If this happens often in your code, it can cause performance problems 
(results will be correct in all cases). 
The reason for this is probably some large input arguments for a wrapped
 function (e.g. large strings).
THIS IS A JOBLIB ISSUE. If you can, kindly provide the joblib's team with an
 example so that they can fix the problem.
  X, _ = self._memory_full_transform(self, X, None, with_final=False)

2023-07-04 09:27:50,614:WARNING:/home/thom/venvs/fairlearn/lib/python3.9/site-packages/pycaret/internal/pipeline.py:310: UserWarning: Persisting input arguments took 0.55s to run.
If this happens often in your code, it can cause performance problems 
(results will be correct in all cases). 
The reason for this is probably some large input arguments for a wrapped
 function (e.g. large strings).
THIS IS A JOBLIB ISSUE. If you can, kindly provide the joblib's team with an
 example so that they can fix the problem.
  X, _ = self._memory_full_transform(self, X, None, with_final=False)

2023-07-04 09:27:50,922:WARNING:/home/thom/venvs/fairlearn/lib/python3.9/site-packages/sklearn/linear_model/_huber.py:335: ConvergenceWarning: lbfgs failed to converge (status=1):
STOP: TOTAL NO. of ITERATIONS REACHED LIMIT.

Increase the number of iterations (max_iter) or scale the data as shown in:
    https://scikit-learn.org/stable/modules/preprocessing.html
  self.n_iter_ = _check_optimize_result("lbfgs", opt_res, self.max_iter)

2023-07-04 09:27:51,646:INFO:Calculating mean and std
2023-07-04 09:27:51,648:INFO:Creating metrics dataframe
2023-07-04 09:27:51,668:INFO:Uploading results into container
2023-07-04 09:27:51,669:INFO:Uploading model into container now
2023-07-04 09:27:51,670:INFO:_master_model_container: 10
2023-07-04 09:27:51,670:INFO:_display_container: 2
2023-07-04 09:27:51,670:INFO:HuberRegressor()
2023-07-04 09:27:51,670:INFO:create_model() successfully completed......................................
2023-07-04 09:27:51,804:INFO:SubProcess create_model() end ==================================
2023-07-04 09:27:51,804:INFO:Creating metrics dataframe
2023-07-04 09:27:51,819:INFO:Initializing K Neighbors Regressor
2023-07-04 09:27:51,819:INFO:Total runtime is 0.8723004221916199 minutes
2023-07-04 09:27:51,824:INFO:SubProcess create_model() called ==================================
2023-07-04 09:27:51,825:INFO:Initializing create_model()
2023-07-04 09:27:51,825:INFO:create_model(self=<pycaret.regression.oop.RegressionExperiment object at 0x7f854a8330d0>, estimator=knn, fold=KFold(n_splits=5, random_state=None, shuffle=False), round=4, cross_validation=True, predict=True, fit_kwargs={}, groups=None, refit=False, probability_threshold=None, experiment_custom_tags=None, verbose=False, system=False, add_to_model_list=True, metrics=None, display=<pycaret.internal.display.display.CommonDisplay object at 0x7f859830b910>, model_only=True, return_train_score=False, kwargs={})
2023-07-04 09:27:51,825:INFO:Checking exceptions
2023-07-04 09:27:51,825:INFO:Importing libraries
2023-07-04 09:27:51,825:INFO:Copying training dataset
2023-07-04 09:27:51,834:INFO:Defining folds
2023-07-04 09:27:51,834:INFO:Declaring metric variables
2023-07-04 09:27:51,841:INFO:Importing untrained model
2023-07-04 09:27:51,849:INFO:K Neighbors Regressor Imported successfully
2023-07-04 09:27:51,859:INFO:Starting cross validation
2023-07-04 09:27:52,103:INFO:Cross validating with KFold(n_splits=5, random_state=None, shuffle=False), n_jobs=-1
2023-07-04 09:27:54,311:WARNING:/home/thom/venvs/fairlearn/lib/python3.9/site-packages/pycaret/internal/pipeline.py:310: UserWarning: Persisting input arguments took 0.58s to run.
If this happens often in your code, it can cause performance problems 
(results will be correct in all cases). 
The reason for this is probably some large input arguments for a wrapped
 function (e.g. large strings).
THIS IS A JOBLIB ISSUE. If you can, kindly provide the joblib's team with an
 example so that they can fix the problem.
  X, _ = self._memory_full_transform(self, X, None, with_final=False)

2023-07-04 09:27:54,347:WARNING:/home/thom/venvs/fairlearn/lib/python3.9/site-packages/pycaret/internal/pipeline.py:310: UserWarning: Persisting input arguments took 0.57s to run.
If this happens often in your code, it can cause performance problems 
(results will be correct in all cases). 
The reason for this is probably some large input arguments for a wrapped
 function (e.g. large strings).
THIS IS A JOBLIB ISSUE. If you can, kindly provide the joblib's team with an
 example so that they can fix the problem.
  X, _ = self._memory_full_transform(self, X, None, with_final=False)

2023-07-04 09:27:54,416:WARNING:/home/thom/venvs/fairlearn/lib/python3.9/site-packages/pycaret/internal/pipeline.py:310: UserWarning: Persisting input arguments took 0.56s to run.
If this happens often in your code, it can cause performance problems 
(results will be correct in all cases). 
The reason for this is probably some large input arguments for a wrapped
 function (e.g. large strings).
THIS IS A JOBLIB ISSUE. If you can, kindly provide the joblib's team with an
 example so that they can fix the problem.
  X, _ = self._memory_full_transform(self, X, None, with_final=False)

2023-07-04 09:27:54,433:WARNING:/home/thom/venvs/fairlearn/lib/python3.9/site-packages/pycaret/internal/pipeline.py:310: UserWarning: Persisting input arguments took 0.57s to run.
If this happens often in your code, it can cause performance problems 
(results will be correct in all cases). 
The reason for this is probably some large input arguments for a wrapped
 function (e.g. large strings).
THIS IS A JOBLIB ISSUE. If you can, kindly provide the joblib's team with an
 example so that they can fix the problem.
  X, _ = self._memory_full_transform(self, X, None, with_final=False)

2023-07-04 09:27:55,451:INFO:Calculating mean and std
2023-07-04 09:27:55,453:INFO:Creating metrics dataframe
2023-07-04 09:27:55,474:INFO:Uploading results into container
2023-07-04 09:27:55,475:INFO:Uploading model into container now
2023-07-04 09:27:55,476:INFO:_master_model_container: 11
2023-07-04 09:27:55,476:INFO:_display_container: 2
2023-07-04 09:27:55,477:INFO:KNeighborsRegressor(n_jobs=-1)
2023-07-04 09:27:55,477:INFO:create_model() successfully completed......................................
2023-07-04 09:27:55,631:INFO:SubProcess create_model() end ==================================
2023-07-04 09:27:55,631:INFO:Creating metrics dataframe
2023-07-04 09:27:55,646:INFO:Initializing Decision Tree Regressor
2023-07-04 09:27:55,646:INFO:Total runtime is 0.936090624332428 minutes
2023-07-04 09:27:55,651:INFO:SubProcess create_model() called ==================================
2023-07-04 09:27:55,652:INFO:Initializing create_model()
2023-07-04 09:27:55,652:INFO:create_model(self=<pycaret.regression.oop.RegressionExperiment object at 0x7f854a8330d0>, estimator=dt, fold=KFold(n_splits=5, random_state=None, shuffle=False), round=4, cross_validation=True, predict=True, fit_kwargs={}, groups=None, refit=False, probability_threshold=None, experiment_custom_tags=None, verbose=False, system=False, add_to_model_list=True, metrics=None, display=<pycaret.internal.display.display.CommonDisplay object at 0x7f859830b910>, model_only=True, return_train_score=False, kwargs={})
2023-07-04 09:27:55,652:INFO:Checking exceptions
2023-07-04 09:27:55,652:INFO:Importing libraries
2023-07-04 09:27:55,653:INFO:Copying training dataset
2023-07-04 09:27:55,659:INFO:Defining folds
2023-07-04 09:27:55,659:INFO:Declaring metric variables
2023-07-04 09:27:55,666:INFO:Importing untrained model
2023-07-04 09:27:55,672:INFO:Decision Tree Regressor Imported successfully
2023-07-04 09:27:55,682:INFO:Starting cross validation
2023-07-04 09:27:55,925:INFO:Cross validating with KFold(n_splits=5, random_state=None, shuffle=False), n_jobs=-1
2023-07-04 09:27:58,170:WARNING:/home/thom/venvs/fairlearn/lib/python3.9/site-packages/pycaret/internal/pipeline.py:310: UserWarning: Persisting input arguments took 0.59s to run.
If this happens often in your code, it can cause performance problems 
(results will be correct in all cases). 
The reason for this is probably some large input arguments for a wrapped
 function (e.g. large strings).
THIS IS A JOBLIB ISSUE. If you can, kindly provide the joblib's team with an
 example so that they can fix the problem.
  X, _ = self._memory_full_transform(self, X, None, with_final=False)

2023-07-04 09:27:58,214:WARNING:/home/thom/venvs/fairlearn/lib/python3.9/site-packages/pycaret/internal/pipeline.py:310: UserWarning: Persisting input arguments took 0.58s to run.
If this happens often in your code, it can cause performance problems 
(results will be correct in all cases). 
The reason for this is probably some large input arguments for a wrapped
 function (e.g. large strings).
THIS IS A JOBLIB ISSUE. If you can, kindly provide the joblib's team with an
 example so that they can fix the problem.
  X, _ = self._memory_full_transform(self, X, None, with_final=False)

2023-07-04 09:27:58,241:WARNING:/home/thom/venvs/fairlearn/lib/python3.9/site-packages/pycaret/internal/pipeline.py:310: UserWarning: Persisting input arguments took 0.60s to run.
If this happens often in your code, it can cause performance problems 
(results will be correct in all cases). 
The reason for this is probably some large input arguments for a wrapped
 function (e.g. large strings).
THIS IS A JOBLIB ISSUE. If you can, kindly provide the joblib's team with an
 example so that they can fix the problem.
  X, _ = self._memory_full_transform(self, X, None, with_final=False)

2023-07-04 09:27:58,298:WARNING:/home/thom/venvs/fairlearn/lib/python3.9/site-packages/pycaret/internal/pipeline.py:310: UserWarning: Persisting input arguments took 0.60s to run.
If this happens often in your code, it can cause performance problems 
(results will be correct in all cases). 
The reason for this is probably some large input arguments for a wrapped
 function (e.g. large strings).
THIS IS A JOBLIB ISSUE. If you can, kindly provide the joblib's team with an
 example so that they can fix the problem.
  X, _ = self._memory_full_transform(self, X, None, with_final=False)

2023-07-04 09:27:59,297:INFO:Calculating mean and std
2023-07-04 09:27:59,298:INFO:Creating metrics dataframe
2023-07-04 09:27:59,321:INFO:Uploading results into container
2023-07-04 09:27:59,323:INFO:Uploading model into container now
2023-07-04 09:27:59,323:INFO:_master_model_container: 12
2023-07-04 09:27:59,323:INFO:_display_container: 2
2023-07-04 09:27:59,324:INFO:DecisionTreeRegressor(random_state=2584)
2023-07-04 09:27:59,324:INFO:create_model() successfully completed......................................
2023-07-04 09:27:59,448:INFO:SubProcess create_model() end ==================================
2023-07-04 09:27:59,449:INFO:Creating metrics dataframe
2023-07-04 09:27:59,464:INFO:Initializing Random Forest Regressor
2023-07-04 09:27:59,465:INFO:Total runtime is 0.999724801381429 minutes
2023-07-04 09:27:59,469:INFO:SubProcess create_model() called ==================================
2023-07-04 09:27:59,470:INFO:Initializing create_model()
2023-07-04 09:27:59,470:INFO:create_model(self=<pycaret.regression.oop.RegressionExperiment object at 0x7f854a8330d0>, estimator=rf, fold=KFold(n_splits=5, random_state=None, shuffle=False), round=4, cross_validation=True, predict=True, fit_kwargs={}, groups=None, refit=False, probability_threshold=None, experiment_custom_tags=None, verbose=False, system=False, add_to_model_list=True, metrics=None, display=<pycaret.internal.display.display.CommonDisplay object at 0x7f859830b910>, model_only=True, return_train_score=False, kwargs={})
2023-07-04 09:27:59,470:INFO:Checking exceptions
2023-07-04 09:27:59,471:INFO:Importing libraries
2023-07-04 09:27:59,471:INFO:Copying training dataset
2023-07-04 09:27:59,476:INFO:Defining folds
2023-07-04 09:27:59,476:INFO:Declaring metric variables
2023-07-04 09:27:59,482:INFO:Importing untrained model
2023-07-04 09:27:59,488:INFO:Random Forest Regressor Imported successfully
2023-07-04 09:27:59,499:INFO:Starting cross validation
2023-07-04 09:27:59,777:INFO:Cross validating with KFold(n_splits=5, random_state=None, shuffle=False), n_jobs=-1
2023-07-04 09:28:02,972:WARNING:/home/thom/venvs/fairlearn/lib/python3.9/site-packages/pycaret/internal/pipeline.py:310: UserWarning: Persisting input arguments took 0.66s to run.
If this happens often in your code, it can cause performance problems 
(results will be correct in all cases). 
The reason for this is probably some large input arguments for a wrapped
 function (e.g. large strings).
THIS IS A JOBLIB ISSUE. If you can, kindly provide the joblib's team with an
 example so that they can fix the problem.
  X, _ = self._memory_full_transform(self, X, None, with_final=False)

2023-07-04 09:28:03,030:WARNING:/home/thom/venvs/fairlearn/lib/python3.9/site-packages/pycaret/internal/pipeline.py:310: UserWarning: Persisting input arguments took 0.69s to run.
If this happens often in your code, it can cause performance problems 
(results will be correct in all cases). 
The reason for this is probably some large input arguments for a wrapped
 function (e.g. large strings).
THIS IS A JOBLIB ISSUE. If you can, kindly provide the joblib's team with an
 example so that they can fix the problem.
  X, _ = self._memory_full_transform(self, X, None, with_final=False)

2023-07-04 09:28:03,062:WARNING:/home/thom/venvs/fairlearn/lib/python3.9/site-packages/pycaret/internal/pipeline.py:310: UserWarning: Persisting input arguments took 0.68s to run.
If this happens often in your code, it can cause performance problems 
(results will be correct in all cases). 
The reason for this is probably some large input arguments for a wrapped
 function (e.g. large strings).
THIS IS A JOBLIB ISSUE. If you can, kindly provide the joblib's team with an
 example so that they can fix the problem.
  X, _ = self._memory_full_transform(self, X, None, with_final=False)

2023-07-04 09:28:03,085:WARNING:/home/thom/venvs/fairlearn/lib/python3.9/site-packages/pycaret/internal/pipeline.py:310: UserWarning: Persisting input arguments took 0.67s to run.
If this happens often in your code, it can cause performance problems 
(results will be correct in all cases). 
The reason for this is probably some large input arguments for a wrapped
 function (e.g. large strings).
THIS IS A JOBLIB ISSUE. If you can, kindly provide the joblib's team with an
 example so that they can fix the problem.
  X, _ = self._memory_full_transform(self, X, None, with_final=False)

2023-07-04 09:28:04,560:INFO:Calculating mean and std
2023-07-04 09:28:04,564:INFO:Creating metrics dataframe
2023-07-04 09:28:04,591:INFO:Uploading results into container
2023-07-04 09:28:04,592:INFO:Uploading model into container now
2023-07-04 09:28:04,593:INFO:_master_model_container: 13
2023-07-04 09:28:04,593:INFO:_display_container: 2
2023-07-04 09:28:04,593:INFO:RandomForestRegressor(n_jobs=-1, random_state=2584)
2023-07-04 09:28:04,593:INFO:create_model() successfully completed......................................
2023-07-04 09:28:04,722:INFO:SubProcess create_model() end ==================================
2023-07-04 09:28:04,723:INFO:Creating metrics dataframe
2023-07-04 09:28:04,738:INFO:Initializing Extra Trees Regressor
2023-07-04 09:28:04,738:INFO:Total runtime is 1.08761914173762 minutes
2023-07-04 09:28:04,743:INFO:SubProcess create_model() called ==================================
2023-07-04 09:28:04,743:INFO:Initializing create_model()
2023-07-04 09:28:04,744:INFO:create_model(self=<pycaret.regression.oop.RegressionExperiment object at 0x7f854a8330d0>, estimator=et, fold=KFold(n_splits=5, random_state=None, shuffle=False), round=4, cross_validation=True, predict=True, fit_kwargs={}, groups=None, refit=False, probability_threshold=None, experiment_custom_tags=None, verbose=False, system=False, add_to_model_list=True, metrics=None, display=<pycaret.internal.display.display.CommonDisplay object at 0x7f859830b910>, model_only=True, return_train_score=False, kwargs={})
2023-07-04 09:28:04,744:INFO:Checking exceptions
2023-07-04 09:28:04,744:INFO:Importing libraries
2023-07-04 09:28:04,744:INFO:Copying training dataset
2023-07-04 09:28:04,753:INFO:Defining folds
2023-07-04 09:28:04,753:INFO:Declaring metric variables
2023-07-04 09:28:04,761:INFO:Importing untrained model
2023-07-04 09:28:04,769:INFO:Extra Trees Regressor Imported successfully
2023-07-04 09:28:04,784:INFO:Starting cross validation
2023-07-04 09:28:05,034:INFO:Cross validating with KFold(n_splits=5, random_state=None, shuffle=False), n_jobs=-1
2023-07-04 09:28:07,984:WARNING:/home/thom/venvs/fairlearn/lib/python3.9/site-packages/pycaret/internal/pipeline.py:310: UserWarning: Persisting input arguments took 0.68s to run.
If this happens often in your code, it can cause performance problems 
(results will be correct in all cases). 
The reason for this is probably some large input arguments for a wrapped
 function (e.g. large strings).
THIS IS A JOBLIB ISSUE. If you can, kindly provide the joblib's team with an
 example so that they can fix the problem.
  X, _ = self._memory_full_transform(self, X, None, with_final=False)

2023-07-04 09:28:08,114:WARNING:/home/thom/venvs/fairlearn/lib/python3.9/site-packages/pycaret/internal/pipeline.py:310: UserWarning: Persisting input arguments took 0.69s to run.
If this happens often in your code, it can cause performance problems 
(results will be correct in all cases). 
The reason for this is probably some large input arguments for a wrapped
 function (e.g. large strings).
THIS IS A JOBLIB ISSUE. If you can, kindly provide the joblib's team with an
 example so that they can fix the problem.
  X, _ = self._memory_full_transform(self, X, None, with_final=False)

2023-07-04 09:28:08,116:WARNING:/home/thom/venvs/fairlearn/lib/python3.9/site-packages/pycaret/internal/pipeline.py:310: UserWarning: Persisting input arguments took 0.69s to run.
If this happens often in your code, it can cause performance problems 
(results will be correct in all cases). 
The reason for this is probably some large input arguments for a wrapped
 function (e.g. large strings).
THIS IS A JOBLIB ISSUE. If you can, kindly provide the joblib's team with an
 example so that they can fix the problem.
  X, _ = self._memory_full_transform(self, X, None, with_final=False)

2023-07-04 09:28:08,135:WARNING:/home/thom/venvs/fairlearn/lib/python3.9/site-packages/pycaret/internal/pipeline.py:310: UserWarning: Persisting input arguments took 0.69s to run.
If this happens often in your code, it can cause performance problems 
(results will be correct in all cases). 
The reason for this is probably some large input arguments for a wrapped
 function (e.g. large strings).
THIS IS A JOBLIB ISSUE. If you can, kindly provide the joblib's team with an
 example so that they can fix the problem.
  X, _ = self._memory_full_transform(self, X, None, with_final=False)

2023-07-04 09:28:09,606:INFO:Calculating mean and std
2023-07-04 09:28:09,607:INFO:Creating metrics dataframe
2023-07-04 09:28:09,635:INFO:Uploading results into container
2023-07-04 09:28:09,636:INFO:Uploading model into container now
2023-07-04 09:28:09,636:INFO:_master_model_container: 14
2023-07-04 09:28:09,636:INFO:_display_container: 2
2023-07-04 09:28:09,637:INFO:ExtraTreesRegressor(n_jobs=-1, random_state=2584)
2023-07-04 09:28:09,637:INFO:create_model() successfully completed......................................
2023-07-04 09:28:09,762:INFO:SubProcess create_model() end ==================================
2023-07-04 09:28:09,762:INFO:Creating metrics dataframe
2023-07-04 09:28:09,779:INFO:Initializing AdaBoost Regressor
2023-07-04 09:28:09,779:INFO:Total runtime is 1.1716351946194965 minutes
2023-07-04 09:28:09,785:INFO:SubProcess create_model() called ==================================
2023-07-04 09:28:09,786:INFO:Initializing create_model()
2023-07-04 09:28:09,786:INFO:create_model(self=<pycaret.regression.oop.RegressionExperiment object at 0x7f854a8330d0>, estimator=ada, fold=KFold(n_splits=5, random_state=None, shuffle=False), round=4, cross_validation=True, predict=True, fit_kwargs={}, groups=None, refit=False, probability_threshold=None, experiment_custom_tags=None, verbose=False, system=False, add_to_model_list=True, metrics=None, display=<pycaret.internal.display.display.CommonDisplay object at 0x7f859830b910>, model_only=True, return_train_score=False, kwargs={})
2023-07-04 09:28:09,786:INFO:Checking exceptions
2023-07-04 09:28:09,786:INFO:Importing libraries
2023-07-04 09:28:09,786:INFO:Copying training dataset
2023-07-04 09:28:09,793:INFO:Defining folds
2023-07-04 09:28:09,794:INFO:Declaring metric variables
2023-07-04 09:28:09,799:INFO:Importing untrained model
2023-07-04 09:28:09,805:INFO:AdaBoost Regressor Imported successfully
2023-07-04 09:28:09,816:INFO:Starting cross validation
2023-07-04 09:28:10,111:INFO:Cross validating with KFold(n_splits=5, random_state=None, shuffle=False), n_jobs=-1
2023-07-04 09:28:12,638:WARNING:/home/thom/venvs/fairlearn/lib/python3.9/site-packages/pycaret/internal/pipeline.py:310: UserWarning: Persisting input arguments took 0.59s to run.
If this happens often in your code, it can cause performance problems 
(results will be correct in all cases). 
The reason for this is probably some large input arguments for a wrapped
 function (e.g. large strings).
THIS IS A JOBLIB ISSUE. If you can, kindly provide the joblib's team with an
 example so that they can fix the problem.
  X, _ = self._memory_full_transform(self, X, None, with_final=False)

2023-07-04 09:28:12,679:WARNING:/home/thom/venvs/fairlearn/lib/python3.9/site-packages/pycaret/internal/pipeline.py:310: UserWarning: Persisting input arguments took 0.58s to run.
If this happens often in your code, it can cause performance problems 
(results will be correct in all cases). 
The reason for this is probably some large input arguments for a wrapped
 function (e.g. large strings).
THIS IS A JOBLIB ISSUE. If you can, kindly provide the joblib's team with an
 example so that they can fix the problem.
  X, _ = self._memory_full_transform(self, X, None, with_final=False)

2023-07-04 09:28:12,735:WARNING:/home/thom/venvs/fairlearn/lib/python3.9/site-packages/pycaret/internal/pipeline.py:310: UserWarning: Persisting input arguments took 0.64s to run.
If this happens often in your code, it can cause performance problems 
(results will be correct in all cases). 
The reason for this is probably some large input arguments for a wrapped
 function (e.g. large strings).
THIS IS A JOBLIB ISSUE. If you can, kindly provide the joblib's team with an
 example so that they can fix the problem.
  X, _ = self._memory_full_transform(self, X, None, with_final=False)

2023-07-04 09:28:12,750:WARNING:/home/thom/venvs/fairlearn/lib/python3.9/site-packages/pycaret/internal/pipeline.py:310: UserWarning: Persisting input arguments took 0.67s to run.
If this happens often in your code, it can cause performance problems 
(results will be correct in all cases). 
The reason for this is probably some large input arguments for a wrapped
 function (e.g. large strings).
THIS IS A JOBLIB ISSUE. If you can, kindly provide the joblib's team with an
 example so that they can fix the problem.
  X, _ = self._memory_full_transform(self, X, None, with_final=False)

2023-07-04 09:28:13,808:INFO:Calculating mean and std
2023-07-04 09:28:13,810:INFO:Creating metrics dataframe
2023-07-04 09:28:13,840:INFO:Uploading results into container
2023-07-04 09:28:13,841:INFO:Uploading model into container now
2023-07-04 09:28:13,842:INFO:_master_model_container: 15
2023-07-04 09:28:13,842:INFO:_display_container: 2
2023-07-04 09:28:13,842:INFO:AdaBoostRegressor(random_state=2584)
2023-07-04 09:28:13,842:INFO:create_model() successfully completed......................................
2023-07-04 09:28:13,993:INFO:SubProcess create_model() end ==================================
2023-07-04 09:28:13,993:INFO:Creating metrics dataframe
2023-07-04 09:28:14,010:INFO:Initializing Gradient Boosting Regressor
2023-07-04 09:28:14,010:INFO:Total runtime is 1.2421458363533018 minutes
2023-07-04 09:28:14,014:INFO:SubProcess create_model() called ==================================
2023-07-04 09:28:14,015:INFO:Initializing create_model()
2023-07-04 09:28:14,015:INFO:create_model(self=<pycaret.regression.oop.RegressionExperiment object at 0x7f854a8330d0>, estimator=gbr, fold=KFold(n_splits=5, random_state=None, shuffle=False), round=4, cross_validation=True, predict=True, fit_kwargs={}, groups=None, refit=False, probability_threshold=None, experiment_custom_tags=None, verbose=False, system=False, add_to_model_list=True, metrics=None, display=<pycaret.internal.display.display.CommonDisplay object at 0x7f859830b910>, model_only=True, return_train_score=False, kwargs={})
2023-07-04 09:28:14,015:INFO:Checking exceptions
2023-07-04 09:28:14,015:INFO:Importing libraries
2023-07-04 09:28:14,015:INFO:Copying training dataset
2023-07-04 09:28:14,022:INFO:Defining folds
2023-07-04 09:28:14,022:INFO:Declaring metric variables
2023-07-04 09:28:14,027:INFO:Importing untrained model
2023-07-04 09:28:14,036:INFO:Gradient Boosting Regressor Imported successfully
2023-07-04 09:28:14,049:INFO:Starting cross validation
2023-07-04 09:28:14,343:INFO:Cross validating with KFold(n_splits=5, random_state=None, shuffle=False), n_jobs=-1
2023-07-04 09:28:17,119:WARNING:/home/thom/venvs/fairlearn/lib/python3.9/site-packages/pycaret/internal/pipeline.py:310: UserWarning: Persisting input arguments took 0.68s to run.
If this happens often in your code, it can cause performance problems 
(results will be correct in all cases). 
The reason for this is probably some large input arguments for a wrapped
 function (e.g. large strings).
THIS IS A JOBLIB ISSUE. If you can, kindly provide the joblib's team with an
 example so that they can fix the problem.
  X, _ = self._memory_full_transform(self, X, None, with_final=False)

2023-07-04 09:28:17,310:WARNING:/home/thom/venvs/fairlearn/lib/python3.9/site-packages/pycaret/internal/pipeline.py:310: UserWarning: Persisting input arguments took 0.70s to run.
If this happens often in your code, it can cause performance problems 
(results will be correct in all cases). 
The reason for this is probably some large input arguments for a wrapped
 function (e.g. large strings).
THIS IS A JOBLIB ISSUE. If you can, kindly provide the joblib's team with an
 example so that they can fix the problem.
  X, _ = self._memory_full_transform(self, X, None, with_final=False)

2023-07-04 09:28:17,377:WARNING:/home/thom/venvs/fairlearn/lib/python3.9/site-packages/pycaret/internal/pipeline.py:310: UserWarning: Persisting input arguments took 0.77s to run.
If this happens often in your code, it can cause performance problems 
(results will be correct in all cases). 
The reason for this is probably some large input arguments for a wrapped
 function (e.g. large strings).
THIS IS A JOBLIB ISSUE. If you can, kindly provide the joblib's team with an
 example so that they can fix the problem.
  X, _ = self._memory_full_transform(self, X, None, with_final=False)

2023-07-04 09:28:17,421:WARNING:/home/thom/venvs/fairlearn/lib/python3.9/site-packages/pycaret/internal/pipeline.py:310: UserWarning: Persisting input arguments took 0.72s to run.
If this happens often in your code, it can cause performance problems 
(results will be correct in all cases). 
The reason for this is probably some large input arguments for a wrapped
 function (e.g. large strings).
THIS IS A JOBLIB ISSUE. If you can, kindly provide the joblib's team with an
 example so that they can fix the problem.
  X, _ = self._memory_full_transform(self, X, None, with_final=False)

2023-07-04 09:28:18,713:INFO:Calculating mean and std
2023-07-04 09:28:18,715:INFO:Creating metrics dataframe
2023-07-04 09:28:18,746:INFO:Uploading results into container
2023-07-04 09:28:18,747:INFO:Uploading model into container now
2023-07-04 09:28:18,748:INFO:_master_model_container: 16
2023-07-04 09:28:18,748:INFO:_display_container: 2
2023-07-04 09:28:18,748:INFO:GradientBoostingRegressor(random_state=2584)
2023-07-04 09:28:18,748:INFO:create_model() successfully completed......................................
2023-07-04 09:28:18,885:INFO:SubProcess create_model() end ==================================
2023-07-04 09:28:18,885:INFO:Creating metrics dataframe
2023-07-04 09:28:18,905:INFO:Initializing Light Gradient Boosting Machine
2023-07-04 09:28:18,905:INFO:Total runtime is 1.3237343390782672 minutes
2023-07-04 09:28:18,911:INFO:SubProcess create_model() called ==================================
2023-07-04 09:28:18,911:INFO:Initializing create_model()
2023-07-04 09:28:18,914:INFO:create_model(self=<pycaret.regression.oop.RegressionExperiment object at 0x7f854a8330d0>, estimator=lightgbm, fold=KFold(n_splits=5, random_state=None, shuffle=False), round=4, cross_validation=True, predict=True, fit_kwargs={}, groups=None, refit=False, probability_threshold=None, experiment_custom_tags=None, verbose=False, system=False, add_to_model_list=True, metrics=None, display=<pycaret.internal.display.display.CommonDisplay object at 0x7f859830b910>, model_only=True, return_train_score=False, kwargs={})
2023-07-04 09:28:18,914:INFO:Checking exceptions
2023-07-04 09:28:18,914:INFO:Importing libraries
2023-07-04 09:28:18,914:INFO:Copying training dataset
2023-07-04 09:28:18,926:INFO:Defining folds
2023-07-04 09:28:18,926:INFO:Declaring metric variables
2023-07-04 09:28:18,935:INFO:Importing untrained model
2023-07-04 09:28:18,944:INFO:Light Gradient Boosting Machine Imported successfully
2023-07-04 09:28:18,960:INFO:Starting cross validation
2023-07-04 09:28:19,296:INFO:Cross validating with KFold(n_splits=5, random_state=None, shuffle=False), n_jobs=-1
2023-07-04 09:28:21,773:WARNING:/home/thom/venvs/fairlearn/lib/python3.9/site-packages/pycaret/internal/pipeline.py:310: UserWarning: Persisting input arguments took 0.63s to run.
If this happens often in your code, it can cause performance problems 
(results will be correct in all cases). 
The reason for this is probably some large input arguments for a wrapped
 function (e.g. large strings).
THIS IS A JOBLIB ISSUE. If you can, kindly provide the joblib's team with an
 example so that they can fix the problem.
  X, _ = self._memory_full_transform(self, X, None, with_final=False)

2023-07-04 09:28:21,884:WARNING:/home/thom/venvs/fairlearn/lib/python3.9/site-packages/pycaret/internal/pipeline.py:310: UserWarning: Persisting input arguments took 0.61s to run.
If this happens often in your code, it can cause performance problems 
(results will be correct in all cases). 
The reason for this is probably some large input arguments for a wrapped
 function (e.g. large strings).
THIS IS A JOBLIB ISSUE. If you can, kindly provide the joblib's team with an
 example so that they can fix the problem.
  X, _ = self._memory_full_transform(self, X, None, with_final=False)

2023-07-04 09:28:21,908:WARNING:/home/thom/venvs/fairlearn/lib/python3.9/site-packages/pycaret/internal/pipeline.py:310: UserWarning: Persisting input arguments took 0.63s to run.
If this happens often in your code, it can cause performance problems 
(results will be correct in all cases). 
The reason for this is probably some large input arguments for a wrapped
 function (e.g. large strings).
THIS IS A JOBLIB ISSUE. If you can, kindly provide the joblib's team with an
 example so that they can fix the problem.
  X, _ = self._memory_full_transform(self, X, None, with_final=False)

2023-07-04 09:28:21,912:WARNING:/home/thom/venvs/fairlearn/lib/python3.9/site-packages/pycaret/internal/pipeline.py:310: UserWarning: Persisting input arguments took 0.62s to run.
If this happens often in your code, it can cause performance problems 
(results will be correct in all cases). 
The reason for this is probably some large input arguments for a wrapped
 function (e.g. large strings).
THIS IS A JOBLIB ISSUE. If you can, kindly provide the joblib's team with an
 example so that they can fix the problem.
  X, _ = self._memory_full_transform(self, X, None, with_final=False)

2023-07-04 09:28:23,109:INFO:Calculating mean and std
2023-07-04 09:28:23,112:INFO:Creating metrics dataframe
2023-07-04 09:28:23,156:INFO:Uploading results into container
2023-07-04 09:28:23,158:INFO:Uploading model into container now
2023-07-04 09:28:23,158:INFO:_master_model_container: 17
2023-07-04 09:28:23,158:INFO:_display_container: 2
2023-07-04 09:28:23,159:INFO:LGBMRegressor(random_state=2584)
2023-07-04 09:28:23,159:INFO:create_model() successfully completed......................................
2023-07-04 09:28:23,325:INFO:SubProcess create_model() end ==================================
2023-07-04 09:28:23,325:INFO:Creating metrics dataframe
2023-07-04 09:28:23,343:INFO:Initializing Dummy Regressor
2023-07-04 09:28:23,343:INFO:Total runtime is 1.3977001905441282 minutes
2023-07-04 09:28:23,348:INFO:SubProcess create_model() called ==================================
2023-07-04 09:28:23,348:INFO:Initializing create_model()
2023-07-04 09:28:23,348:INFO:create_model(self=<pycaret.regression.oop.RegressionExperiment object at 0x7f854a8330d0>, estimator=dummy, fold=KFold(n_splits=5, random_state=None, shuffle=False), round=4, cross_validation=True, predict=True, fit_kwargs={}, groups=None, refit=False, probability_threshold=None, experiment_custom_tags=None, verbose=False, system=False, add_to_model_list=True, metrics=None, display=<pycaret.internal.display.display.CommonDisplay object at 0x7f859830b910>, model_only=True, return_train_score=False, kwargs={})
2023-07-04 09:28:23,348:INFO:Checking exceptions
2023-07-04 09:28:23,349:INFO:Importing libraries
2023-07-04 09:28:23,349:INFO:Copying training dataset
2023-07-04 09:28:23,357:INFO:Defining folds
2023-07-04 09:28:23,357:INFO:Declaring metric variables
2023-07-04 09:28:23,363:INFO:Importing untrained model
2023-07-04 09:28:23,370:INFO:Dummy Regressor Imported successfully
2023-07-04 09:28:23,384:INFO:Starting cross validation
2023-07-04 09:28:23,638:INFO:Cross validating with KFold(n_splits=5, random_state=None, shuffle=False), n_jobs=-1
2023-07-04 09:28:25,955:WARNING:/home/thom/venvs/fairlearn/lib/python3.9/site-packages/pycaret/internal/pipeline.py:310: UserWarning: Persisting input arguments took 0.59s to run.
If this happens often in your code, it can cause performance problems 
(results will be correct in all cases). 
The reason for this is probably some large input arguments for a wrapped
 function (e.g. large strings).
THIS IS A JOBLIB ISSUE. If you can, kindly provide the joblib's team with an
 example so that they can fix the problem.
  X, _ = self._memory_full_transform(self, X, None, with_final=False)

2023-07-04 09:28:26,007:WARNING:/home/thom/venvs/fairlearn/lib/python3.9/site-packages/pycaret/internal/pipeline.py:310: UserWarning: Persisting input arguments took 0.61s to run.
If this happens often in your code, it can cause performance problems 
(results will be correct in all cases). 
The reason for this is probably some large input arguments for a wrapped
 function (e.g. large strings).
THIS IS A JOBLIB ISSUE. If you can, kindly provide the joblib's team with an
 example so that they can fix the problem.
  X, _ = self._memory_full_transform(self, X, None, with_final=False)

2023-07-04 09:28:26,014:WARNING:/home/thom/venvs/fairlearn/lib/python3.9/site-packages/pycaret/internal/pipeline.py:310: UserWarning: Persisting input arguments took 0.62s to run.
If this happens often in your code, it can cause performance problems 
(results will be correct in all cases). 
The reason for this is probably some large input arguments for a wrapped
 function (e.g. large strings).
THIS IS A JOBLIB ISSUE. If you can, kindly provide the joblib's team with an
 example so that they can fix the problem.
  X, _ = self._memory_full_transform(self, X, None, with_final=False)

2023-07-04 09:28:26,132:WARNING:/home/thom/venvs/fairlearn/lib/python3.9/site-packages/pycaret/internal/pipeline.py:310: UserWarning: Persisting input arguments took 0.62s to run.
If this happens often in your code, it can cause performance problems 
(results will be correct in all cases). 
The reason for this is probably some large input arguments for a wrapped
 function (e.g. large strings).
THIS IS A JOBLIB ISSUE. If you can, kindly provide the joblib's team with an
 example so that they can fix the problem.
  X, _ = self._memory_full_transform(self, X, None, with_final=False)

2023-07-04 09:28:27,169:INFO:Calculating mean and std
2023-07-04 09:28:27,171:INFO:Creating metrics dataframe
2023-07-04 09:28:27,196:INFO:Uploading results into container
2023-07-04 09:28:27,198:INFO:Uploading model into container now
2023-07-04 09:28:27,199:INFO:_master_model_container: 18
2023-07-04 09:28:27,199:INFO:_display_container: 2
2023-07-04 09:28:27,199:INFO:DummyRegressor()
2023-07-04 09:28:27,199:INFO:create_model() successfully completed......................................
2023-07-04 09:28:27,338:INFO:SubProcess create_model() end ==================================
2023-07-04 09:28:27,338:INFO:Creating metrics dataframe
2023-07-04 09:28:27,369:INFO:Initializing create_model()
2023-07-04 09:28:27,370:INFO:create_model(self=<pycaret.regression.oop.RegressionExperiment object at 0x7f854a8330d0>, estimator=GradientBoostingRegressor(random_state=2584), fold=KFold(n_splits=5, random_state=None, shuffle=False), round=4, cross_validation=False, predict=False, fit_kwargs={}, groups=None, refit=True, probability_threshold=None, experiment_custom_tags=None, verbose=False, system=False, add_to_model_list=True, metrics=None, display=None, model_only=True, return_train_score=False, kwargs={})
2023-07-04 09:28:27,370:INFO:Checking exceptions
2023-07-04 09:28:27,372:INFO:Importing libraries
2023-07-04 09:28:27,372:INFO:Copying training dataset
2023-07-04 09:28:27,377:INFO:Defining folds
2023-07-04 09:28:27,377:INFO:Declaring metric variables
2023-07-04 09:28:27,377:INFO:Importing untrained model
2023-07-04 09:28:27,377:INFO:Declaring custom model
2023-07-04 09:28:27,378:INFO:Gradient Boosting Regressor Imported successfully
2023-07-04 09:28:27,632:INFO:Cross validation set to False
2023-07-04 09:28:27,633:INFO:Fitting Model
2023-07-04 09:28:28,219:INFO:GradientBoostingRegressor(random_state=2584)
2023-07-04 09:28:28,219:INFO:create_model() successfully completed......................................
2023-07-04 09:28:28,435:INFO:_master_model_container: 18
2023-07-04 09:28:28,436:INFO:_display_container: 2
2023-07-04 09:28:28,436:INFO:GradientBoostingRegressor(random_state=2584)
2023-07-04 09:28:28,436:INFO:compare_models() successfully completed......................................
2023-07-04 09:29:01,424:INFO:Initializing create_model()
2023-07-04 09:29:01,425:INFO:create_model(self=<pycaret.regression.oop.RegressionExperiment object at 0x7f854a8330d0>, estimator=lr, fold=None, round=4, cross_validation=True, predict=True, fit_kwargs=None, groups=None, refit=True, probability_threshold=None, experiment_custom_tags=None, verbose=True, system=True, add_to_model_list=True, metrics=None, display=None, model_only=True, return_train_score=False, kwargs={})
2023-07-04 09:29:01,426:INFO:Checking exceptions
2023-07-04 09:29:01,450:INFO:Importing libraries
2023-07-04 09:29:01,451:INFO:Copying training dataset
2023-07-04 09:29:01,461:INFO:Defining folds
2023-07-04 09:29:01,462:INFO:Declaring metric variables
2023-07-04 09:29:01,468:INFO:Importing untrained model
2023-07-04 09:29:01,475:INFO:Linear Regression Imported successfully
2023-07-04 09:29:01,485:INFO:Starting cross validation
2023-07-04 09:29:01,851:INFO:Cross validating with KFold(n_splits=10, random_state=None, shuffle=False), n_jobs=-1
2023-07-04 09:29:04,636:WARNING:/home/thom/venvs/fairlearn/lib/python3.9/site-packages/pycaret/internal/preprocess/iterative_imputer.py:402: ConvergenceWarning: [IterativeImputer] Early stopping criterion not reached.
  warnings.warn(

2023-07-04 09:29:04,671:WARNING:/home/thom/venvs/fairlearn/lib/python3.9/site-packages/pycaret/internal/preprocess/iterative_imputer.py:402: ConvergenceWarning: [IterativeImputer] Early stopping criterion not reached.
  warnings.warn(

2023-07-04 09:29:04,908:WARNING:/home/thom/venvs/fairlearn/lib/python3.9/site-packages/pycaret/internal/preprocess/iterative_imputer.py:402: ConvergenceWarning: [IterativeImputer] Early stopping criterion not reached.
  warnings.warn(

2023-07-04 09:29:05,049:WARNING:/home/thom/venvs/fairlearn/lib/python3.9/site-packages/pycaret/internal/preprocess/iterative_imputer.py:402: ConvergenceWarning: [IterativeImputer] Early stopping criterion not reached.
  warnings.warn(

2023-07-04 09:29:05,653:WARNING:/home/thom/venvs/fairlearn/lib/python3.9/site-packages/pycaret/internal/pipeline.py:231: UserWarning: Persisting input arguments took 0.58s to run.
If this happens often in your code, it can cause performance problems 
(results will be correct in all cases). 
The reason for this is probably some large input arguments for a wrapped
 function (e.g. large strings).
THIS IS A JOBLIB ISSUE. If you can, kindly provide the joblib's team with an
 example so that they can fix the problem.
  fitted_transformer = self._memory_fit(

2023-07-04 09:29:05,676:WARNING:/home/thom/venvs/fairlearn/lib/python3.9/site-packages/pycaret/internal/pipeline.py:231: UserWarning: Persisting input arguments took 0.56s to run.
If this happens often in your code, it can cause performance problems 
(results will be correct in all cases). 
The reason for this is probably some large input arguments for a wrapped
 function (e.g. large strings).
THIS IS A JOBLIB ISSUE. If you can, kindly provide the joblib's team with an
 example so that they can fix the problem.
  fitted_transformer = self._memory_fit(

2023-07-04 09:29:06,074:WARNING:/home/thom/venvs/fairlearn/lib/python3.9/site-packages/pycaret/internal/pipeline.py:231: UserWarning: Persisting input arguments took 0.73s to run.
If this happens often in your code, it can cause performance problems 
(results will be correct in all cases). 
The reason for this is probably some large input arguments for a wrapped
 function (e.g. large strings).
THIS IS A JOBLIB ISSUE. If you can, kindly provide the joblib's team with an
 example so that they can fix the problem.
  fitted_transformer = self._memory_fit(

2023-07-04 09:29:06,255:WARNING:/home/thom/venvs/fairlearn/lib/python3.9/site-packages/pycaret/internal/pipeline.py:231: UserWarning: Persisting input arguments took 0.69s to run.
If this happens often in your code, it can cause performance problems 
(results will be correct in all cases). 
The reason for this is probably some large input arguments for a wrapped
 function (e.g. large strings).
THIS IS A JOBLIB ISSUE. If you can, kindly provide the joblib's team with an
 example so that they can fix the problem.
  fitted_transformer = self._memory_fit(

2023-07-04 09:29:07,364:WARNING:/home/thom/venvs/fairlearn/lib/python3.9/site-packages/pycaret/internal/pipeline.py:238: UserWarning: Persisting input arguments took 0.57s to run.
If this happens often in your code, it can cause performance problems 
(results will be correct in all cases). 
The reason for this is probably some large input arguments for a wrapped
 function (e.g. large strings).
THIS IS A JOBLIB ISSUE. If you can, kindly provide the joblib's team with an
 example so that they can fix the problem.
  X, y = self._memory_transform(

2023-07-04 09:29:07,462:WARNING:/home/thom/venvs/fairlearn/lib/python3.9/site-packages/pycaret/internal/pipeline.py:238: UserWarning: Persisting input arguments took 0.58s to run.
If this happens often in your code, it can cause performance problems 
(results will be correct in all cases). 
The reason for this is probably some large input arguments for a wrapped
 function (e.g. large strings).
THIS IS A JOBLIB ISSUE. If you can, kindly provide the joblib's team with an
 example so that they can fix the problem.
  X, y = self._memory_transform(

2023-07-04 09:29:07,804:WARNING:/home/thom/venvs/fairlearn/lib/python3.9/site-packages/pycaret/internal/pipeline.py:238: UserWarning: Persisting input arguments took 0.59s to run.
If this happens often in your code, it can cause performance problems 
(results will be correct in all cases). 
The reason for this is probably some large input arguments for a wrapped
 function (e.g. large strings).
THIS IS A JOBLIB ISSUE. If you can, kindly provide the joblib's team with an
 example so that they can fix the problem.
  X, y = self._memory_transform(

2023-07-04 09:29:07,957:WARNING:/home/thom/venvs/fairlearn/lib/python3.9/site-packages/pycaret/internal/pipeline.py:238: UserWarning: Persisting input arguments took 0.56s to run.
If this happens often in your code, it can cause performance problems 
(results will be correct in all cases). 
The reason for this is probably some large input arguments for a wrapped
 function (e.g. large strings).
THIS IS A JOBLIB ISSUE. If you can, kindly provide the joblib's team with an
 example so that they can fix the problem.
  X, y = self._memory_transform(

2023-07-04 09:29:09,341:WARNING:/home/thom/venvs/fairlearn/lib/python3.9/site-packages/pycaret/internal/pipeline.py:108: UserWarning: Persisting input arguments took 0.56s to run.
If this happens often in your code, it can cause performance problems 
(results will be correct in all cases). 
The reason for this is probably some large input arguments for a wrapped
 function (e.g. large strings).
THIS IS A JOBLIB ISSUE. If you can, kindly provide the joblib's team with an
 example so that they can fix the problem.
  X, y = pipeline._memory_transform(transformer, X, y)

2023-07-04 09:29:09,513:WARNING:/home/thom/venvs/fairlearn/lib/python3.9/site-packages/pycaret/internal/pipeline.py:108: UserWarning: Persisting input arguments took 0.57s to run.
If this happens often in your code, it can cause performance problems 
(results will be correct in all cases). 
The reason for this is probably some large input arguments for a wrapped
 function (e.g. large strings).
THIS IS A JOBLIB ISSUE. If you can, kindly provide the joblib's team with an
 example so that they can fix the problem.
  X, y = pipeline._memory_transform(transformer, X, y)

2023-07-04 09:29:09,816:WARNING:/home/thom/venvs/fairlearn/lib/python3.9/site-packages/pycaret/internal/pipeline.py:108: UserWarning: Persisting input arguments took 0.57s to run.
If this happens often in your code, it can cause performance problems 
(results will be correct in all cases). 
The reason for this is probably some large input arguments for a wrapped
 function (e.g. large strings).
THIS IS A JOBLIB ISSUE. If you can, kindly provide the joblib's team with an
 example so that they can fix the problem.
  X, y = pipeline._memory_transform(transformer, X, y)

2023-07-04 09:29:09,997:WARNING:/home/thom/venvs/fairlearn/lib/python3.9/site-packages/pycaret/internal/pipeline.py:310: UserWarning: Persisting input arguments took 0.65s to run.
If this happens often in your code, it can cause performance problems 
(results will be correct in all cases). 
The reason for this is probably some large input arguments for a wrapped
 function (e.g. large strings).
THIS IS A JOBLIB ISSUE. If you can, kindly provide the joblib's team with an
 example so that they can fix the problem.
  X, _ = self._memory_full_transform(self, X, None, with_final=False)

2023-07-04 09:29:10,154:WARNING:/home/thom/venvs/fairlearn/lib/python3.9/site-packages/pycaret/internal/pipeline.py:108: UserWarning: Persisting input arguments took 0.62s to run.
If this happens often in your code, it can cause performance problems 
(results will be correct in all cases). 
The reason for this is probably some large input arguments for a wrapped
 function (e.g. large strings).
THIS IS A JOBLIB ISSUE. If you can, kindly provide the joblib's team with an
 example so that they can fix the problem.
  X, y = pipeline._memory_transform(transformer, X, y)

2023-07-04 09:29:10,169:WARNING:/home/thom/venvs/fairlearn/lib/python3.9/site-packages/pycaret/internal/pipeline.py:310: UserWarning: Persisting input arguments took 0.65s to run.
If this happens often in your code, it can cause performance problems 
(results will be correct in all cases). 
The reason for this is probably some large input arguments for a wrapped
 function (e.g. large strings).
THIS IS A JOBLIB ISSUE. If you can, kindly provide the joblib's team with an
 example so that they can fix the problem.
  X, _ = self._memory_full_transform(self, X, None, with_final=False)

2023-07-04 09:29:10,529:WARNING:/home/thom/venvs/fairlearn/lib/python3.9/site-packages/pycaret/internal/pipeline.py:310: UserWarning: Persisting input arguments took 0.71s to run.
If this happens often in your code, it can cause performance problems 
(results will be correct in all cases). 
The reason for this is probably some large input arguments for a wrapped
 function (e.g. large strings).
THIS IS A JOBLIB ISSUE. If you can, kindly provide the joblib's team with an
 example so that they can fix the problem.
  X, _ = self._memory_full_transform(self, X, None, with_final=False)

2023-07-04 09:29:10,876:WARNING:/home/thom/venvs/fairlearn/lib/python3.9/site-packages/pycaret/internal/pipeline.py:310: UserWarning: Persisting input arguments took 0.71s to run.
If this happens often in your code, it can cause performance problems 
(results will be correct in all cases). 
The reason for this is probably some large input arguments for a wrapped
 function (e.g. large strings).
THIS IS A JOBLIB ISSUE. If you can, kindly provide the joblib's team with an
 example so that they can fix the problem.
  X, _ = self._memory_full_transform(self, X, None, with_final=False)

2023-07-04 09:29:13,216:WARNING:/home/thom/venvs/fairlearn/lib/python3.9/site-packages/pycaret/internal/preprocess/iterative_imputer.py:402: ConvergenceWarning: [IterativeImputer] Early stopping criterion not reached.
  warnings.warn(

2023-07-04 09:29:13,475:WARNING:/home/thom/venvs/fairlearn/lib/python3.9/site-packages/pycaret/internal/preprocess/iterative_imputer.py:402: ConvergenceWarning: [IterativeImputer] Early stopping criterion not reached.
  warnings.warn(

2023-07-04 09:29:13,926:WARNING:/home/thom/venvs/fairlearn/lib/python3.9/site-packages/pycaret/internal/preprocess/iterative_imputer.py:402: ConvergenceWarning: [IterativeImputer] Early stopping criterion not reached.
  warnings.warn(

2023-07-04 09:29:13,991:WARNING:/home/thom/venvs/fairlearn/lib/python3.9/site-packages/pycaret/internal/preprocess/iterative_imputer.py:402: ConvergenceWarning: [IterativeImputer] Early stopping criterion not reached.
  warnings.warn(

2023-07-04 09:29:14,365:WARNING:/home/thom/venvs/fairlearn/lib/python3.9/site-packages/pycaret/internal/pipeline.py:231: UserWarning: Persisting input arguments took 0.62s to run.
If this happens often in your code, it can cause performance problems 
(results will be correct in all cases). 
The reason for this is probably some large input arguments for a wrapped
 function (e.g. large strings).
THIS IS A JOBLIB ISSUE. If you can, kindly provide the joblib's team with an
 example so that they can fix the problem.
  fitted_transformer = self._memory_fit(

2023-07-04 09:29:14,504:WARNING:/home/thom/venvs/fairlearn/lib/python3.9/site-packages/pycaret/internal/pipeline.py:231: UserWarning: Persisting input arguments took 0.58s to run.
If this happens often in your code, it can cause performance problems 
(results will be correct in all cases). 
The reason for this is probably some large input arguments for a wrapped
 function (e.g. large strings).
THIS IS A JOBLIB ISSUE. If you can, kindly provide the joblib's team with an
 example so that they can fix the problem.
  fitted_transformer = self._memory_fit(

2023-07-04 09:29:14,980:WARNING:/home/thom/venvs/fairlearn/lib/python3.9/site-packages/pycaret/internal/pipeline.py:231: UserWarning: Persisting input arguments took 0.58s to run.
If this happens often in your code, it can cause performance problems 
(results will be correct in all cases). 
The reason for this is probably some large input arguments for a wrapped
 function (e.g. large strings).
THIS IS A JOBLIB ISSUE. If you can, kindly provide the joblib's team with an
 example so that they can fix the problem.
  fitted_transformer = self._memory_fit(

2023-07-04 09:29:15,154:WARNING:/home/thom/venvs/fairlearn/lib/python3.9/site-packages/pycaret/internal/pipeline.py:231: UserWarning: Persisting input arguments took 0.67s to run.
If this happens often in your code, it can cause performance problems 
(results will be correct in all cases). 
The reason for this is probably some large input arguments for a wrapped
 function (e.g. large strings).
THIS IS A JOBLIB ISSUE. If you can, kindly provide the joblib's team with an
 example so that they can fix the problem.
  fitted_transformer = self._memory_fit(

2023-07-04 09:29:16,224:WARNING:/home/thom/venvs/fairlearn/lib/python3.9/site-packages/pycaret/internal/pipeline.py:238: UserWarning: Persisting input arguments took 0.58s to run.
If this happens often in your code, it can cause performance problems 
(results will be correct in all cases). 
The reason for this is probably some large input arguments for a wrapped
 function (e.g. large strings).
THIS IS A JOBLIB ISSUE. If you can, kindly provide the joblib's team with an
 example so that they can fix the problem.
  X, y = self._memory_transform(

2023-07-04 09:29:16,224:WARNING:/home/thom/venvs/fairlearn/lib/python3.9/site-packages/pycaret/internal/pipeline.py:238: UserWarning: Persisting input arguments took 0.58s to run.
If this happens often in your code, it can cause performance problems 
(results will be correct in all cases). 
The reason for this is probably some large input arguments for a wrapped
 function (e.g. large strings).
THIS IS A JOBLIB ISSUE. If you can, kindly provide the joblib's team with an
 example so that they can fix the problem.
  X, y = self._memory_transform(

2023-07-04 09:29:16,676:WARNING:/home/thom/venvs/fairlearn/lib/python3.9/site-packages/pycaret/internal/pipeline.py:238: UserWarning: Persisting input arguments took 0.55s to run.
If this happens often in your code, it can cause performance problems 
(results will be correct in all cases). 
The reason for this is probably some large input arguments for a wrapped
 function (e.g. large strings).
THIS IS A JOBLIB ISSUE. If you can, kindly provide the joblib's team with an
 example so that they can fix the problem.
  X, y = self._memory_transform(

2023-07-04 09:29:17,017:WARNING:/home/thom/venvs/fairlearn/lib/python3.9/site-packages/pycaret/internal/pipeline.py:238: UserWarning: Persisting input arguments took 0.57s to run.
If this happens often in your code, it can cause performance problems 
(results will be correct in all cases). 
The reason for this is probably some large input arguments for a wrapped
 function (e.g. large strings).
THIS IS A JOBLIB ISSUE. If you can, kindly provide the joblib's team with an
 example so that they can fix the problem.
  X, y = self._memory_transform(

2023-07-04 09:29:18,371:WARNING:/home/thom/venvs/fairlearn/lib/python3.9/site-packages/pycaret/internal/pipeline.py:108: UserWarning: Persisting input arguments took 0.57s to run.
If this happens often in your code, it can cause performance problems 
(results will be correct in all cases). 
The reason for this is probably some large input arguments for a wrapped
 function (e.g. large strings).
THIS IS A JOBLIB ISSUE. If you can, kindly provide the joblib's team with an
 example so that they can fix the problem.
  X, y = pipeline._memory_transform(transformer, X, y)

2023-07-04 09:29:18,376:WARNING:/home/thom/venvs/fairlearn/lib/python3.9/site-packages/pycaret/internal/pipeline.py:108: UserWarning: Persisting input arguments took 0.57s to run.
If this happens often in your code, it can cause performance problems 
(results will be correct in all cases). 
The reason for this is probably some large input arguments for a wrapped
 function (e.g. large strings).
THIS IS A JOBLIB ISSUE. If you can, kindly provide the joblib's team with an
 example so that they can fix the problem.
  X, y = pipeline._memory_transform(transformer, X, y)

2023-07-04 09:29:18,794:WARNING:/home/thom/venvs/fairlearn/lib/python3.9/site-packages/pycaret/internal/pipeline.py:108: UserWarning: Persisting input arguments took 0.60s to run.
If this happens often in your code, it can cause performance problems 
(results will be correct in all cases). 
The reason for this is probably some large input arguments for a wrapped
 function (e.g. large strings).
THIS IS A JOBLIB ISSUE. If you can, kindly provide the joblib's team with an
 example so that they can fix the problem.
  X, y = pipeline._memory_transform(transformer, X, y)

2023-07-04 09:29:19,003:WARNING:/home/thom/venvs/fairlearn/lib/python3.9/site-packages/pycaret/internal/pipeline.py:310: UserWarning: Persisting input arguments took 0.62s to run.
If this happens often in your code, it can cause performance problems 
(results will be correct in all cases). 
The reason for this is probably some large input arguments for a wrapped
 function (e.g. large strings).
THIS IS A JOBLIB ISSUE. If you can, kindly provide the joblib's team with an
 example so that they can fix the problem.
  X, _ = self._memory_full_transform(self, X, None, with_final=False)

2023-07-04 09:29:19,031:WARNING:/home/thom/venvs/fairlearn/lib/python3.9/site-packages/pycaret/internal/pipeline.py:310: UserWarning: Persisting input arguments took 0.65s to run.
If this happens often in your code, it can cause performance problems 
(results will be correct in all cases). 
The reason for this is probably some large input arguments for a wrapped
 function (e.g. large strings).
THIS IS A JOBLIB ISSUE. If you can, kindly provide the joblib's team with an
 example so that they can fix the problem.
  X, _ = self._memory_full_transform(self, X, None, with_final=False)

2023-07-04 09:29:19,137:WARNING:/home/thom/venvs/fairlearn/lib/python3.9/site-packages/pycaret/internal/pipeline.py:108: UserWarning: Persisting input arguments took 0.55s to run.
If this happens often in your code, it can cause performance problems 
(results will be correct in all cases). 
The reason for this is probably some large input arguments for a wrapped
 function (e.g. large strings).
THIS IS A JOBLIB ISSUE. If you can, kindly provide the joblib's team with an
 example so that they can fix the problem.
  X, y = pipeline._memory_transform(transformer, X, y)

2023-07-04 09:29:19,433:WARNING:/home/thom/venvs/fairlearn/lib/python3.9/site-packages/pycaret/internal/pipeline.py:310: UserWarning: Persisting input arguments took 0.63s to run.
If this happens often in your code, it can cause performance problems 
(results will be correct in all cases). 
The reason for this is probably some large input arguments for a wrapped
 function (e.g. large strings).
THIS IS A JOBLIB ISSUE. If you can, kindly provide the joblib's team with an
 example so that they can fix the problem.
  X, _ = self._memory_full_transform(self, X, None, with_final=False)

2023-07-04 09:29:19,756:WARNING:/home/thom/venvs/fairlearn/lib/python3.9/site-packages/pycaret/internal/pipeline.py:310: UserWarning: Persisting input arguments took 0.61s to run.
If this happens often in your code, it can cause performance problems 
(results will be correct in all cases). 
The reason for this is probably some large input arguments for a wrapped
 function (e.g. large strings).
THIS IS A JOBLIB ISSUE. If you can, kindly provide the joblib's team with an
 example so that they can fix the problem.
  X, _ = self._memory_full_transform(self, X, None, with_final=False)

2023-07-04 09:29:20,889:WARNING:/home/thom/venvs/fairlearn/lib/python3.9/site-packages/pycaret/internal/preprocess/iterative_imputer.py:402: ConvergenceWarning: [IterativeImputer] Early stopping criterion not reached.
  warnings.warn(

2023-07-04 09:29:21,033:WARNING:/home/thom/venvs/fairlearn/lib/python3.9/site-packages/pycaret/internal/preprocess/iterative_imputer.py:402: ConvergenceWarning: [IterativeImputer] Early stopping criterion not reached.
  warnings.warn(

2023-07-04 09:29:23,966:INFO:Calculating mean and std
2023-07-04 09:29:23,968:INFO:Creating metrics dataframe
2023-07-04 09:29:23,987:INFO:Finalizing model
2023-07-04 09:29:24,416:INFO:Uploading results into container
2023-07-04 09:29:24,418:INFO:Uploading model into container now
2023-07-04 09:29:24,444:INFO:_master_model_container: 19
2023-07-04 09:29:24,444:INFO:_display_container: 3
2023-07-04 09:29:24,445:INFO:LinearRegression(n_jobs=-1)
2023-07-04 09:29:24,445:INFO:create_model() successfully completed......................................
2023-07-04 09:29:24,592:INFO:Initializing tune_model()
2023-07-04 09:29:24,592:INFO:tune_model(estimator=LinearRegression(n_jobs=-1), fold=None, round=4, n_iter=5, custom_grid=None, optimize=RMSE, custom_scorer=None, search_library=scikit-learn, search_algorithm=None, early_stopping=False, early_stopping_max_iters=10, choose_better=True, fit_kwargs=None, groups=None, return_tuner=False, verbose=True, tuner_verbose=True, return_train_score=False, kwargs={}, self=<pycaret.regression.oop.RegressionExperiment object at 0x7f854a8330d0>)
2023-07-04 09:29:24,592:INFO:Checking exceptions
2023-07-04 09:29:24,618:INFO:Copying training dataset
2023-07-04 09:29:24,622:INFO:Checking base model
2023-07-04 09:29:24,622:INFO:Base model : Linear Regression
2023-07-04 09:29:24,627:INFO:Declaring metric variables
2023-07-04 09:29:24,633:INFO:Defining Hyperparameters
2023-07-04 09:29:24,633:INFO:5 is bigger than total combinations 2, setting search algorithm to grid
2023-07-04 09:29:25,020:INFO:Tuning with n_jobs=-1
2023-07-04 09:29:25,020:INFO:Initializing GridSearchCV
2023-07-04 09:29:27,311:WARNING:/home/thom/venvs/fairlearn/lib/python3.9/site-packages/pycaret/internal/pipeline.py:310: UserWarning: Persisting input arguments took 0.60s to run.
If this happens often in your code, it can cause performance problems 
(results will be correct in all cases). 
The reason for this is probably some large input arguments for a wrapped
 function (e.g. large strings).
THIS IS A JOBLIB ISSUE. If you can, kindly provide the joblib's team with an
 example so that they can fix the problem.
  X, _ = self._memory_full_transform(self, X, None, with_final=False)

2023-07-04 09:29:27,417:WARNING:/home/thom/venvs/fairlearn/lib/python3.9/site-packages/pycaret/internal/pipeline.py:310: UserWarning: Persisting input arguments took 0.66s to run.
If this happens often in your code, it can cause performance problems 
(results will be correct in all cases). 
The reason for this is probably some large input arguments for a wrapped
 function (e.g. large strings).
THIS IS A JOBLIB ISSUE. If you can, kindly provide the joblib's team with an
 example so that they can fix the problem.
  X, _ = self._memory_full_transform(self, X, None, with_final=False)

2023-07-04 09:29:27,530:WARNING:/home/thom/venvs/fairlearn/lib/python3.9/site-packages/pycaret/internal/pipeline.py:310: UserWarning: Persisting input arguments took 0.61s to run.
If this happens often in your code, it can cause performance problems 
(results will be correct in all cases). 
The reason for this is probably some large input arguments for a wrapped
 function (e.g. large strings).
THIS IS A JOBLIB ISSUE. If you can, kindly provide the joblib's team with an
 example so that they can fix the problem.
  X, _ = self._memory_full_transform(self, X, None, with_final=False)

2023-07-04 09:29:27,543:WARNING:/home/thom/venvs/fairlearn/lib/python3.9/site-packages/pycaret/internal/pipeline.py:310: UserWarning: Persisting input arguments took 0.66s to run.
If this happens often in your code, it can cause performance problems 
(results will be correct in all cases). 
The reason for this is probably some large input arguments for a wrapped
 function (e.g. large strings).
THIS IS A JOBLIB ISSUE. If you can, kindly provide the joblib's team with an
 example so that they can fix the problem.
  X, _ = self._memory_full_transform(self, X, None, with_final=False)

2023-07-04 09:29:29,852:WARNING:/home/thom/venvs/fairlearn/lib/python3.9/site-packages/pycaret/internal/pipeline.py:310: UserWarning: Persisting input arguments took 0.62s to run.
If this happens often in your code, it can cause performance problems 
(results will be correct in all cases). 
The reason for this is probably some large input arguments for a wrapped
 function (e.g. large strings).
THIS IS A JOBLIB ISSUE. If you can, kindly provide the joblib's team with an
 example so that they can fix the problem.
  X, _ = self._memory_full_transform(self, X, None, with_final=False)

2023-07-04 09:29:30,037:WARNING:/home/thom/venvs/fairlearn/lib/python3.9/site-packages/pycaret/internal/pipeline.py:310: UserWarning: Persisting input arguments took 0.63s to run.
If this happens often in your code, it can cause performance problems 
(results will be correct in all cases). 
The reason for this is probably some large input arguments for a wrapped
 function (e.g. large strings).
THIS IS A JOBLIB ISSUE. If you can, kindly provide the joblib's team with an
 example so that they can fix the problem.
  X, _ = self._memory_full_transform(self, X, None, with_final=False)

2023-07-04 09:29:30,039:WARNING:/home/thom/venvs/fairlearn/lib/python3.9/site-packages/pycaret/internal/pipeline.py:310: UserWarning: Persisting input arguments took 0.63s to run.
If this happens often in your code, it can cause performance problems 
(results will be correct in all cases). 
The reason for this is probably some large input arguments for a wrapped
 function (e.g. large strings).
THIS IS A JOBLIB ISSUE. If you can, kindly provide the joblib's team with an
 example so that they can fix the problem.
  X, _ = self._memory_full_transform(self, X, None, with_final=False)

2023-07-04 09:29:30,890:WARNING:/home/thom/venvs/fairlearn/lib/python3.9/site-packages/pycaret/internal/pipeline.py:310: UserWarning: Persisting input arguments took 1.32s to run.
If this happens often in your code, it can cause performance problems 
(results will be correct in all cases). 
The reason for this is probably some large input arguments for a wrapped
 function (e.g. large strings).
THIS IS A JOBLIB ISSUE. If you can, kindly provide the joblib's team with an
 example so that they can fix the problem.
  X, _ = self._memory_full_transform(self, X, None, with_final=False)

2023-07-04 09:29:33,081:WARNING:/home/thom/venvs/fairlearn/lib/python3.9/site-packages/pycaret/internal/pipeline.py:310: UserWarning: Persisting input arguments took 0.66s to run.
If this happens often in your code, it can cause performance problems 
(results will be correct in all cases). 
The reason for this is probably some large input arguments for a wrapped
 function (e.g. large strings).
THIS IS A JOBLIB ISSUE. If you can, kindly provide the joblib's team with an
 example so that they can fix the problem.
  X, _ = self._memory_full_transform(self, X, None, with_final=False)

2023-07-04 09:29:33,199:WARNING:/home/thom/venvs/fairlearn/lib/python3.9/site-packages/pycaret/internal/pipeline.py:310: UserWarning: Persisting input arguments took 0.62s to run.
If this happens often in your code, it can cause performance problems 
(results will be correct in all cases). 
The reason for this is probably some large input arguments for a wrapped
 function (e.g. large strings).
THIS IS A JOBLIB ISSUE. If you can, kindly provide the joblib's team with an
 example so that they can fix the problem.
  X, _ = self._memory_full_transform(self, X, None, with_final=False)

2023-07-04 09:29:33,402:WARNING:/home/thom/venvs/fairlearn/lib/python3.9/site-packages/pycaret/internal/pipeline.py:310: UserWarning: Persisting input arguments took 0.63s to run.
If this happens often in your code, it can cause performance problems 
(results will be correct in all cases). 
The reason for this is probably some large input arguments for a wrapped
 function (e.g. large strings).
THIS IS A JOBLIB ISSUE. If you can, kindly provide the joblib's team with an
 example so that they can fix the problem.
  X, _ = self._memory_full_transform(self, X, None, with_final=False)

2023-07-04 09:29:33,667:WARNING:/home/thom/venvs/fairlearn/lib/python3.9/site-packages/pycaret/internal/pipeline.py:310: UserWarning: Persisting input arguments took 0.66s to run.
If this happens often in your code, it can cause performance problems 
(results will be correct in all cases). 
The reason for this is probably some large input arguments for a wrapped
 function (e.g. large strings).
THIS IS A JOBLIB ISSUE. If you can, kindly provide the joblib's team with an
 example so that they can fix the problem.
  X, _ = self._memory_full_transform(self, X, None, with_final=False)

2023-07-04 09:29:35,577:WARNING:/home/thom/venvs/fairlearn/lib/python3.9/site-packages/pycaret/internal/pipeline.py:310: UserWarning: Persisting input arguments took 0.63s to run.
If this happens often in your code, it can cause performance problems 
(results will be correct in all cases). 
The reason for this is probably some large input arguments for a wrapped
 function (e.g. large strings).
THIS IS A JOBLIB ISSUE. If you can, kindly provide the joblib's team with an
 example so that they can fix the problem.
  X, _ = self._memory_full_transform(self, X, None, with_final=False)

2023-07-04 09:29:35,635:WARNING:/home/thom/venvs/fairlearn/lib/python3.9/site-packages/pycaret/internal/pipeline.py:310: UserWarning: Persisting input arguments took 0.60s to run.
If this happens often in your code, it can cause performance problems 
(results will be correct in all cases). 
The reason for this is probably some large input arguments for a wrapped
 function (e.g. large strings).
THIS IS A JOBLIB ISSUE. If you can, kindly provide the joblib's team with an
 example so that they can fix the problem.
  X, _ = self._memory_full_transform(self, X, None, with_final=False)

2023-07-04 09:29:36,028:WARNING:/home/thom/venvs/fairlearn/lib/python3.9/site-packages/pycaret/internal/pipeline.py:310: UserWarning: Persisting input arguments took 0.70s to run.
If this happens often in your code, it can cause performance problems 
(results will be correct in all cases). 
The reason for this is probably some large input arguments for a wrapped
 function (e.g. large strings).
THIS IS A JOBLIB ISSUE. If you can, kindly provide the joblib's team with an
 example so that they can fix the problem.
  X, _ = self._memory_full_transform(self, X, None, with_final=False)

2023-07-04 09:29:36,234:WARNING:/home/thom/venvs/fairlearn/lib/python3.9/site-packages/pycaret/internal/pipeline.py:310: UserWarning: Persisting input arguments took 0.69s to run.
If this happens often in your code, it can cause performance problems 
(results will be correct in all cases). 
The reason for this is probably some large input arguments for a wrapped
 function (e.g. large strings).
THIS IS A JOBLIB ISSUE. If you can, kindly provide the joblib's team with an
 example so that they can fix the problem.
  X, _ = self._memory_full_transform(self, X, None, with_final=False)

2023-07-04 09:29:38,047:WARNING:/home/thom/venvs/fairlearn/lib/python3.9/site-packages/pycaret/internal/pipeline.py:310: UserWarning: Persisting input arguments took 0.63s to run.
If this happens often in your code, it can cause performance problems 
(results will be correct in all cases). 
The reason for this is probably some large input arguments for a wrapped
 function (e.g. large strings).
THIS IS A JOBLIB ISSUE. If you can, kindly provide the joblib's team with an
 example so that they can fix the problem.
  X, _ = self._memory_full_transform(self, X, None, with_final=False)

2023-07-04 09:29:38,264:WARNING:/home/thom/venvs/fairlearn/lib/python3.9/site-packages/pycaret/internal/pipeline.py:310: UserWarning: Persisting input arguments took 0.73s to run.
If this happens often in your code, it can cause performance problems 
(results will be correct in all cases). 
The reason for this is probably some large input arguments for a wrapped
 function (e.g. large strings).
THIS IS A JOBLIB ISSUE. If you can, kindly provide the joblib's team with an
 example so that they can fix the problem.
  X, _ = self._memory_full_transform(self, X, None, with_final=False)

2023-07-04 09:29:38,466:WARNING:/home/thom/venvs/fairlearn/lib/python3.9/site-packages/pycaret/internal/pipeline.py:310: UserWarning: Persisting input arguments took 0.61s to run.
If this happens often in your code, it can cause performance problems 
(results will be correct in all cases). 
The reason for this is probably some large input arguments for a wrapped
 function (e.g. large strings).
THIS IS A JOBLIB ISSUE. If you can, kindly provide the joblib's team with an
 example so that they can fix the problem.
  X, _ = self._memory_full_transform(self, X, None, with_final=False)

2023-07-04 09:29:38,603:INFO:best_params: {'actual_estimator__fit_intercept': False}
2023-07-04 09:29:38,604:INFO:Hyperparameter search completed
2023-07-04 09:29:38,604:INFO:SubProcess create_model() called ==================================
2023-07-04 09:29:38,605:INFO:Initializing create_model()
2023-07-04 09:29:38,605:INFO:create_model(self=<pycaret.regression.oop.RegressionExperiment object at 0x7f854a8330d0>, estimator=LinearRegression(n_jobs=-1), fold=KFold(n_splits=10, random_state=None, shuffle=False), round=4, cross_validation=True, predict=True, fit_kwargs={}, groups=None, refit=True, probability_threshold=None, experiment_custom_tags=None, verbose=True, system=False, add_to_model_list=True, metrics=None, display=<pycaret.internal.display.display.CommonDisplay object at 0x7f8550028400>, model_only=True, return_train_score=False, kwargs={'fit_intercept': False})
2023-07-04 09:29:38,605:INFO:Checking exceptions
2023-07-04 09:29:38,605:INFO:Importing libraries
2023-07-04 09:29:38,605:INFO:Copying training dataset
2023-07-04 09:29:38,613:INFO:Defining folds
2023-07-04 09:29:38,613:INFO:Declaring metric variables
2023-07-04 09:29:38,620:INFO:Importing untrained model
2023-07-04 09:29:38,620:INFO:Declaring custom model
2023-07-04 09:29:38,626:INFO:Linear Regression Imported successfully
2023-07-04 09:29:38,637:INFO:Starting cross validation
2023-07-04 09:29:38,880:INFO:Cross validating with KFold(n_splits=10, random_state=None, shuffle=False), n_jobs=-1
2023-07-04 09:29:42,156:WARNING:/home/thom/venvs/fairlearn/lib/python3.9/site-packages/pycaret/internal/pipeline.py:310: UserWarning: Persisting input arguments took 0.73s to run.
If this happens often in your code, it can cause performance problems 
(results will be correct in all cases). 
The reason for this is probably some large input arguments for a wrapped
 function (e.g. large strings).
THIS IS A JOBLIB ISSUE. If you can, kindly provide the joblib's team with an
 example so that they can fix the problem.
  X, _ = self._memory_full_transform(self, X, None, with_final=False)

2023-07-04 09:29:42,211:WARNING:/home/thom/venvs/fairlearn/lib/python3.9/site-packages/pycaret/internal/pipeline.py:310: UserWarning: Persisting input arguments took 0.74s to run.
If this happens often in your code, it can cause performance problems 
(results will be correct in all cases). 
The reason for this is probably some large input arguments for a wrapped
 function (e.g. large strings).
THIS IS A JOBLIB ISSUE. If you can, kindly provide the joblib's team with an
 example so that they can fix the problem.
  X, _ = self._memory_full_transform(self, X, None, with_final=False)

2023-07-04 09:29:42,259:WARNING:/home/thom/venvs/fairlearn/lib/python3.9/site-packages/pycaret/internal/pipeline.py:310: UserWarning: Persisting input arguments took 0.61s to run.
If this happens often in your code, it can cause performance problems 
(results will be correct in all cases). 
The reason for this is probably some large input arguments for a wrapped
 function (e.g. large strings).
THIS IS A JOBLIB ISSUE. If you can, kindly provide the joblib's team with an
 example so that they can fix the problem.
  X, _ = self._memory_full_transform(self, X, None, with_final=False)

2023-07-04 09:29:42,279:WARNING:/home/thom/venvs/fairlearn/lib/python3.9/site-packages/pycaret/internal/pipeline.py:310: UserWarning: Persisting input arguments took 0.63s to run.
If this happens often in your code, it can cause performance problems 
(results will be correct in all cases). 
The reason for this is probably some large input arguments for a wrapped
 function (e.g. large strings).
THIS IS A JOBLIB ISSUE. If you can, kindly provide the joblib's team with an
 example so that they can fix the problem.
  X, _ = self._memory_full_transform(self, X, None, with_final=False)

2023-07-04 09:29:44,767:WARNING:/home/thom/venvs/fairlearn/lib/python3.9/site-packages/pycaret/internal/pipeline.py:310: UserWarning: Persisting input arguments took 0.69s to run.
If this happens often in your code, it can cause performance problems 
(results will be correct in all cases). 
The reason for this is probably some large input arguments for a wrapped
 function (e.g. large strings).
THIS IS A JOBLIB ISSUE. If you can, kindly provide the joblib's team with an
 example so that they can fix the problem.
  X, _ = self._memory_full_transform(self, X, None, with_final=False)

2023-07-04 09:29:44,773:WARNING:/home/thom/venvs/fairlearn/lib/python3.9/site-packages/pycaret/internal/pipeline.py:310: UserWarning: Persisting input arguments took 0.72s to run.
If this happens often in your code, it can cause performance problems 
(results will be correct in all cases). 
The reason for this is probably some large input arguments for a wrapped
 function (e.g. large strings).
THIS IS A JOBLIB ISSUE. If you can, kindly provide the joblib's team with an
 example so that they can fix the problem.
  X, _ = self._memory_full_transform(self, X, None, with_final=False)

2023-07-04 09:29:44,947:WARNING:/home/thom/venvs/fairlearn/lib/python3.9/site-packages/pycaret/internal/pipeline.py:310: UserWarning: Persisting input arguments took 0.77s to run.
If this happens often in your code, it can cause performance problems 
(results will be correct in all cases). 
The reason for this is probably some large input arguments for a wrapped
 function (e.g. large strings).
THIS IS A JOBLIB ISSUE. If you can, kindly provide the joblib's team with an
 example so that they can fix the problem.
  X, _ = self._memory_full_transform(self, X, None, with_final=False)

2023-07-04 09:29:44,978:WARNING:/home/thom/venvs/fairlearn/lib/python3.9/site-packages/pycaret/internal/pipeline.py:310: UserWarning: Persisting input arguments took 0.67s to run.
If this happens often in your code, it can cause performance problems 
(results will be correct in all cases). 
The reason for this is probably some large input arguments for a wrapped
 function (e.g. large strings).
THIS IS A JOBLIB ISSUE. If you can, kindly provide the joblib's team with an
 example so that they can fix the problem.
  X, _ = self._memory_full_transform(self, X, None, with_final=False)

2023-07-04 09:29:46,341:INFO:Calculating mean and std
2023-07-04 09:29:46,343:INFO:Creating metrics dataframe
2023-07-04 09:29:46,359:INFO:Finalizing model
2023-07-04 09:29:46,875:INFO:Uploading results into container
2023-07-04 09:29:46,877:INFO:Uploading model into container now
2023-07-04 09:29:46,878:INFO:_master_model_container: 20
2023-07-04 09:29:46,878:INFO:_display_container: 4
2023-07-04 09:29:46,878:INFO:LinearRegression(fit_intercept=False, n_jobs=-1)
2023-07-04 09:29:46,878:INFO:create_model() successfully completed......................................
2023-07-04 09:29:47,044:INFO:SubProcess create_model() end ==================================
2023-07-04 09:29:47,044:INFO:choose_better activated
2023-07-04 09:29:47,049:INFO:SubProcess create_model() called ==================================
2023-07-04 09:29:47,050:INFO:Initializing create_model()
2023-07-04 09:29:47,050:INFO:create_model(self=<pycaret.regression.oop.RegressionExperiment object at 0x7f854a8330d0>, estimator=LinearRegression(n_jobs=-1), fold=KFold(n_splits=10, random_state=None, shuffle=False), round=4, cross_validation=True, predict=True, fit_kwargs={}, groups=None, refit=True, probability_threshold=None, experiment_custom_tags=None, verbose=False, system=False, add_to_model_list=True, metrics=None, display=None, model_only=True, return_train_score=False, kwargs={})
2023-07-04 09:29:47,050:INFO:Checking exceptions
2023-07-04 09:29:47,052:INFO:Importing libraries
2023-07-04 09:29:47,052:INFO:Copying training dataset
2023-07-04 09:29:47,056:INFO:Defining folds
2023-07-04 09:29:47,056:INFO:Declaring metric variables
2023-07-04 09:29:47,056:INFO:Importing untrained model
2023-07-04 09:29:47,057:INFO:Declaring custom model
2023-07-04 09:29:47,057:INFO:Linear Regression Imported successfully
2023-07-04 09:29:47,058:INFO:Starting cross validation
2023-07-04 09:29:47,387:INFO:Cross validating with KFold(n_splits=10, random_state=None, shuffle=False), n_jobs=-1
2023-07-04 09:29:52,412:INFO:Calculating mean and std
2023-07-04 09:29:52,419:INFO:Creating metrics dataframe
2023-07-04 09:29:52,424:INFO:Finalizing model
2023-07-04 09:29:53,318:INFO:Uploading results into container
2023-07-04 09:29:53,320:INFO:Uploading model into container now
2023-07-04 09:29:53,321:INFO:_master_model_container: 21
2023-07-04 09:29:53,321:INFO:_display_container: 5
2023-07-04 09:29:53,321:INFO:LinearRegression(n_jobs=-1)
2023-07-04 09:29:53,322:INFO:create_model() successfully completed......................................
2023-07-04 09:29:53,498:INFO:SubProcess create_model() end ==================================
2023-07-04 09:29:53,499:INFO:LinearRegression(n_jobs=-1) result for RMSE is 1.4871
2023-07-04 09:29:53,500:INFO:LinearRegression(fit_intercept=False, n_jobs=-1) result for RMSE is 1.4818
2023-07-04 09:29:53,500:INFO:LinearRegression(fit_intercept=False, n_jobs=-1) is best model
2023-07-04 09:29:53,500:INFO:choose_better completed
2023-07-04 09:29:53,516:INFO:_master_model_container: 21
2023-07-04 09:29:53,516:INFO:_display_container: 4
2023-07-04 09:29:53,517:INFO:LinearRegression(fit_intercept=False, n_jobs=-1)
2023-07-04 09:29:53,517:INFO:tune_model() successfully completed......................................
2023-07-04 09:29:53,689:INFO:Initializing evaluate_model()
2023-07-04 09:29:53,690:INFO:evaluate_model(self=<pycaret.regression.oop.RegressionExperiment object at 0x7f854a8330d0>, estimator=LinearRegression(fit_intercept=False, n_jobs=-1), fold=None, fit_kwargs=None, plot_kwargs=None, feature_name=None, groups=None)
2023-07-04 09:29:53,704:INFO:Initializing plot_model()
2023-07-04 09:29:53,705:INFO:plot_model(plot=pipeline, fold=KFold(n_splits=10, random_state=None, shuffle=False), verbose=False, display=None, display_format=None, estimator=LinearRegression(fit_intercept=False, n_jobs=-1), feature_name=None, fit_kwargs={}, groups=None, label=False, plot_kwargs=None, save=False, scale=1, self=<pycaret.regression.oop.RegressionExperiment object at 0x7f854a8330d0>, system=True)
2023-07-04 09:29:53,705:INFO:Checking exceptions
2023-07-04 09:29:53,707:INFO:Preloading libraries
2023-07-04 09:29:53,707:INFO:Copying training dataset
2023-07-04 09:29:53,708:INFO:Plot type: pipeline
2023-07-04 09:29:53,946:INFO:Visual Rendered Successfully
2023-07-04 09:29:54,129:INFO:plot_model() successfully completed......................................
2023-07-04 09:29:54,142:INFO:Initializing create_model()
2023-07-04 09:29:54,142:INFO:create_model(self=<pycaret.regression.oop.RegressionExperiment object at 0x7f854a8330d0>, estimator=rf, fold=None, round=4, cross_validation=True, predict=True, fit_kwargs=None, groups=None, refit=True, probability_threshold=None, experiment_custom_tags=None, verbose=True, system=True, add_to_model_list=True, metrics=None, display=None, model_only=True, return_train_score=False, kwargs={})
2023-07-04 09:29:54,143:INFO:Checking exceptions
2023-07-04 09:29:54,168:INFO:Importing libraries
2023-07-04 09:29:54,168:INFO:Copying training dataset
2023-07-04 09:29:54,177:INFO:Defining folds
2023-07-04 09:29:54,177:INFO:Declaring metric variables
2023-07-04 09:29:54,185:INFO:Importing untrained model
2023-07-04 09:29:54,193:INFO:Random Forest Regressor Imported successfully
2023-07-04 09:29:54,206:INFO:Starting cross validation
2023-07-04 09:29:54,947:INFO:Cross validating with KFold(n_splits=10, random_state=None, shuffle=False), n_jobs=-1
2023-07-04 09:29:59,136:WARNING:/home/thom/venvs/fairlearn/lib/python3.9/site-packages/pycaret/internal/pipeline.py:310: UserWarning: Persisting input arguments took 0.95s to run.
If this happens often in your code, it can cause performance problems 
(results will be correct in all cases). 
The reason for this is probably some large input arguments for a wrapped
 function (e.g. large strings).
THIS IS A JOBLIB ISSUE. If you can, kindly provide the joblib's team with an
 example so that they can fix the problem.
  X, _ = self._memory_full_transform(self, X, None, with_final=False)

2023-07-04 09:29:59,158:WARNING:/home/thom/venvs/fairlearn/lib/python3.9/site-packages/pycaret/internal/pipeline.py:310: UserWarning: Persisting input arguments took 0.93s to run.
If this happens often in your code, it can cause performance problems 
(results will be correct in all cases). 
The reason for this is probably some large input arguments for a wrapped
 function (e.g. large strings).
THIS IS A JOBLIB ISSUE. If you can, kindly provide the joblib's team with an
 example so that they can fix the problem.
  X, _ = self._memory_full_transform(self, X, None, with_final=False)

2023-07-04 09:29:59,187:WARNING:/home/thom/venvs/fairlearn/lib/python3.9/site-packages/pycaret/internal/pipeline.py:310: UserWarning: Persisting input arguments took 0.85s to run.
If this happens often in your code, it can cause performance problems 
(results will be correct in all cases). 
The reason for this is probably some large input arguments for a wrapped
 function (e.g. large strings).
THIS IS A JOBLIB ISSUE. If you can, kindly provide the joblib's team with an
 example so that they can fix the problem.
  X, _ = self._memory_full_transform(self, X, None, with_final=False)

2023-07-04 09:29:59,523:WARNING:/home/thom/venvs/fairlearn/lib/python3.9/site-packages/pycaret/internal/pipeline.py:310: UserWarning: Persisting input arguments took 0.90s to run.
If this happens often in your code, it can cause performance problems 
(results will be correct in all cases). 
The reason for this is probably some large input arguments for a wrapped
 function (e.g. large strings).
THIS IS A JOBLIB ISSUE. If you can, kindly provide the joblib's team with an
 example so that they can fix the problem.
  X, _ = self._memory_full_transform(self, X, None, with_final=False)

2023-07-04 09:30:03,684:WARNING:/home/thom/venvs/fairlearn/lib/python3.9/site-packages/pycaret/internal/pipeline.py:310: UserWarning: Persisting input arguments took 0.87s to run.
If this happens often in your code, it can cause performance problems 
(results will be correct in all cases). 
The reason for this is probably some large input arguments for a wrapped
 function (e.g. large strings).
THIS IS A JOBLIB ISSUE. If you can, kindly provide the joblib's team with an
 example so that they can fix the problem.
  X, _ = self._memory_full_transform(self, X, None, with_final=False)

2023-07-04 09:30:03,866:WARNING:/home/thom/venvs/fairlearn/lib/python3.9/site-packages/pycaret/internal/pipeline.py:310: UserWarning: Persisting input arguments took 0.81s to run.
If this happens often in your code, it can cause performance problems 
(results will be correct in all cases). 
The reason for this is probably some large input arguments for a wrapped
 function (e.g. large strings).
THIS IS A JOBLIB ISSUE. If you can, kindly provide the joblib's team with an
 example so that they can fix the problem.
  X, _ = self._memory_full_transform(self, X, None, with_final=False)

2023-07-04 09:30:04,007:WARNING:/home/thom/venvs/fairlearn/lib/python3.9/site-packages/pycaret/internal/pipeline.py:310: UserWarning: Persisting input arguments took 0.81s to run.
If this happens often in your code, it can cause performance problems 
(results will be correct in all cases). 
The reason for this is probably some large input arguments for a wrapped
 function (e.g. large strings).
THIS IS A JOBLIB ISSUE. If you can, kindly provide the joblib's team with an
 example so that they can fix the problem.
  X, _ = self._memory_full_transform(self, X, None, with_final=False)

2023-07-04 09:30:04,416:WARNING:/home/thom/venvs/fairlearn/lib/python3.9/site-packages/pycaret/internal/pipeline.py:310: UserWarning: Persisting input arguments took 0.83s to run.
If this happens often in your code, it can cause performance problems 
(results will be correct in all cases). 
The reason for this is probably some large input arguments for a wrapped
 function (e.g. large strings).
THIS IS A JOBLIB ISSUE. If you can, kindly provide the joblib's team with an
 example so that they can fix the problem.
  X, _ = self._memory_full_transform(self, X, None, with_final=False)

2023-07-04 09:30:06,069:INFO:Calculating mean and std
2023-07-04 09:30:06,072:INFO:Creating metrics dataframe
2023-07-04 09:30:06,087:INFO:Finalizing model
2023-07-04 09:30:06,848:INFO:Uploading results into container
2023-07-04 09:30:06,849:INFO:Uploading model into container now
2023-07-04 09:30:06,865:INFO:_master_model_container: 22
2023-07-04 09:30:06,865:INFO:_display_container: 5
2023-07-04 09:30:06,865:INFO:RandomForestRegressor(n_jobs=-1, random_state=2584)
2023-07-04 09:30:06,865:INFO:create_model() successfully completed......................................
2023-07-04 09:30:07,011:INFO:Initializing tune_model()
2023-07-04 09:30:07,011:INFO:tune_model(estimator=RandomForestRegressor(n_jobs=-1, random_state=2584), fold=None, round=4, n_iter=5, custom_grid=None, optimize=RMSE, custom_scorer=None, search_library=scikit-learn, search_algorithm=None, early_stopping=False, early_stopping_max_iters=10, choose_better=True, fit_kwargs=None, groups=None, return_tuner=False, verbose=True, tuner_verbose=True, return_train_score=False, kwargs={}, self=<pycaret.regression.oop.RegressionExperiment object at 0x7f854a8330d0>)
2023-07-04 09:30:07,011:INFO:Checking exceptions
2023-07-04 09:30:07,036:INFO:Copying training dataset
2023-07-04 09:30:07,041:INFO:Checking base model
2023-07-04 09:30:07,041:INFO:Base model : Random Forest Regressor
2023-07-04 09:30:07,049:INFO:Declaring metric variables
2023-07-04 09:30:07,057:INFO:Defining Hyperparameters
2023-07-04 09:30:07,423:INFO:Tuning with n_jobs=-1
2023-07-04 09:30:07,423:INFO:Initializing RandomizedSearchCV
2023-07-04 09:30:12,178:WARNING:/home/thom/venvs/fairlearn/lib/python3.9/site-packages/pycaret/internal/pipeline.py:260: UserWarning: Persisting input arguments took 0.98s to run.
If this happens often in your code, it can cause performance problems 
(results will be correct in all cases). 
The reason for this is probably some large input arguments for a wrapped
 function (e.g. large strings).
THIS IS A JOBLIB ISSUE. If you can, kindly provide the joblib's team with an
 example so that they can fix the problem.
  fitted_estimator = self._memory_fit(

2023-07-04 09:30:12,250:WARNING:/home/thom/venvs/fairlearn/lib/python3.9/site-packages/pycaret/internal/pipeline.py:260: UserWarning: Persisting input arguments took 0.81s to run.
If this happens often in your code, it can cause performance problems 
(results will be correct in all cases). 
The reason for this is probably some large input arguments for a wrapped
 function (e.g. large strings).
THIS IS A JOBLIB ISSUE. If you can, kindly provide the joblib's team with an
 example so that they can fix the problem.
  fitted_estimator = self._memory_fit(

2023-07-04 09:30:14,164:WARNING:/home/thom/venvs/fairlearn/lib/python3.9/site-packages/pycaret/internal/pipeline.py:310: UserWarning: Persisting input arguments took 0.91s to run.
If this happens often in your code, it can cause performance problems 
(results will be correct in all cases). 
The reason for this is probably some large input arguments for a wrapped
 function (e.g. large strings).
THIS IS A JOBLIB ISSUE. If you can, kindly provide the joblib's team with an
 example so that they can fix the problem.
  X, _ = self._memory_full_transform(self, X, None, with_final=False)

2023-07-04 09:30:14,344:WARNING:/home/thom/venvs/fairlearn/lib/python3.9/site-packages/pycaret/internal/pipeline.py:310: UserWarning: Persisting input arguments took 1.12s to run.
If this happens often in your code, it can cause performance problems 
(results will be correct in all cases). 
The reason for this is probably some large input arguments for a wrapped
 function (e.g. large strings).
THIS IS A JOBLIB ISSUE. If you can, kindly provide the joblib's team with an
 example so that they can fix the problem.
  X, _ = self._memory_full_transform(self, X, None, with_final=False)

2023-07-04 09:30:14,829:WARNING:/home/thom/venvs/fairlearn/lib/python3.9/site-packages/pycaret/internal/pipeline.py:310: UserWarning: Persisting input arguments took 1.10s to run.
If this happens often in your code, it can cause performance problems 
(results will be correct in all cases). 
The reason for this is probably some large input arguments for a wrapped
 function (e.g. large strings).
THIS IS A JOBLIB ISSUE. If you can, kindly provide the joblib's team with an
 example so that they can fix the problem.
  X, _ = self._memory_full_transform(self, X, None, with_final=False)

2023-07-04 09:30:15,026:WARNING:/home/thom/venvs/fairlearn/lib/python3.9/site-packages/pycaret/internal/pipeline.py:310: UserWarning: Persisting input arguments took 1.16s to run.
If this happens often in your code, it can cause performance problems 
(results will be correct in all cases). 
The reason for this is probably some large input arguments for a wrapped
 function (e.g. large strings).
THIS IS A JOBLIB ISSUE. If you can, kindly provide the joblib's team with an
 example so that they can fix the problem.
  X, _ = self._memory_full_transform(self, X, None, with_final=False)

2023-07-04 09:30:21,529:WARNING:/home/thom/venvs/fairlearn/lib/python3.9/site-packages/pycaret/internal/pipeline.py:310: UserWarning: Persisting input arguments took 1.82s to run.
If this happens often in your code, it can cause performance problems 
(results will be correct in all cases). 
The reason for this is probably some large input arguments for a wrapped
 function (e.g. large strings).
THIS IS A JOBLIB ISSUE. If you can, kindly provide the joblib's team with an
 example so that they can fix the problem.
  X, _ = self._memory_full_transform(self, X, None, with_final=False)

2023-07-04 09:30:21,601:WARNING:/home/thom/venvs/fairlearn/lib/python3.9/site-packages/pycaret/internal/pipeline.py:310: UserWarning: Persisting input arguments took 1.69s to run.
If this happens often in your code, it can cause performance problems 
(results will be correct in all cases). 
The reason for this is probably some large input arguments for a wrapped
 function (e.g. large strings).
THIS IS A JOBLIB ISSUE. If you can, kindly provide the joblib's team with an
 example so that they can fix the problem.
  X, _ = self._memory_full_transform(self, X, None, with_final=False)

2023-07-04 09:30:22,016:WARNING:/home/thom/venvs/fairlearn/lib/python3.9/site-packages/pycaret/internal/pipeline.py:310: UserWarning: Persisting input arguments took 1.32s to run.
If this happens often in your code, it can cause performance problems 
(results will be correct in all cases). 
The reason for this is probably some large input arguments for a wrapped
 function (e.g. large strings).
THIS IS A JOBLIB ISSUE. If you can, kindly provide the joblib's team with an
 example so that they can fix the problem.
  X, _ = self._memory_full_transform(self, X, None, with_final=False)

2023-07-04 09:30:22,592:WARNING:/home/thom/venvs/fairlearn/lib/python3.9/site-packages/pycaret/internal/pipeline.py:310: UserWarning: Persisting input arguments took 1.20s to run.
If this happens often in your code, it can cause performance problems 
(results will be correct in all cases). 
The reason for this is probably some large input arguments for a wrapped
 function (e.g. large strings).
THIS IS A JOBLIB ISSUE. If you can, kindly provide the joblib's team with an
 example so that they can fix the problem.
  X, _ = self._memory_full_transform(self, X, None, with_final=False)

2023-07-04 09:30:24,753:WARNING:/home/thom/venvs/fairlearn/lib/python3.9/site-packages/pycaret/internal/pipeline.py:260: UserWarning: Persisting input arguments took 0.63s to run.
If this happens often in your code, it can cause performance problems 
(results will be correct in all cases). 
The reason for this is probably some large input arguments for a wrapped
 function (e.g. large strings).
THIS IS A JOBLIB ISSUE. If you can, kindly provide the joblib's team with an
 example so that they can fix the problem.
  fitted_estimator = self._memory_fit(

2023-07-04 09:30:27,358:WARNING:/home/thom/venvs/fairlearn/lib/python3.9/site-packages/pycaret/internal/pipeline.py:310: UserWarning: Persisting input arguments took 0.84s to run.
If this happens often in your code, it can cause performance problems 
(results will be correct in all cases). 
The reason for this is probably some large input arguments for a wrapped
 function (e.g. large strings).
THIS IS A JOBLIB ISSUE. If you can, kindly provide the joblib's team with an
 example so that they can fix the problem.
  X, _ = self._memory_full_transform(self, X, None, with_final=False)

2023-07-04 09:30:27,396:WARNING:/home/thom/venvs/fairlearn/lib/python3.9/site-packages/pycaret/internal/pipeline.py:310: UserWarning: Persisting input arguments took 1.00s to run.
If this happens often in your code, it can cause performance problems 
(results will be correct in all cases). 
The reason for this is probably some large input arguments for a wrapped
 function (e.g. large strings).
THIS IS A JOBLIB ISSUE. If you can, kindly provide the joblib's team with an
 example so that they can fix the problem.
  X, _ = self._memory_full_transform(self, X, None, with_final=False)

2023-07-04 09:30:27,733:WARNING:/home/thom/venvs/fairlearn/lib/python3.9/site-packages/pycaret/internal/pipeline.py:310: UserWarning: Persisting input arguments took 1.00s to run.
If this happens often in your code, it can cause performance problems 
(results will be correct in all cases). 
The reason for this is probably some large input arguments for a wrapped
 function (e.g. large strings).
THIS IS A JOBLIB ISSUE. If you can, kindly provide the joblib's team with an
 example so that they can fix the problem.
  X, _ = self._memory_full_transform(self, X, None, with_final=False)

2023-07-04 09:30:27,864:WARNING:/home/thom/venvs/fairlearn/lib/python3.9/site-packages/pycaret/internal/pipeline.py:310: UserWarning: Persisting input arguments took 0.99s to run.
If this happens often in your code, it can cause performance problems 
(results will be correct in all cases). 
The reason for this is probably some large input arguments for a wrapped
 function (e.g. large strings).
THIS IS A JOBLIB ISSUE. If you can, kindly provide the joblib's team with an
 example so that they can fix the problem.
  X, _ = self._memory_full_transform(self, X, None, with_final=False)

2023-07-04 09:30:32,853:WARNING:/home/thom/venvs/fairlearn/lib/python3.9/site-packages/pycaret/internal/pipeline.py:310: UserWarning: Persisting input arguments took 0.92s to run.
If this happens often in your code, it can cause performance problems 
(results will be correct in all cases). 
The reason for this is probably some large input arguments for a wrapped
 function (e.g. large strings).
THIS IS A JOBLIB ISSUE. If you can, kindly provide the joblib's team with an
 example so that they can fix the problem.
  X, _ = self._memory_full_transform(self, X, None, with_final=False)

2023-07-04 09:30:32,994:WARNING:/home/thom/venvs/fairlearn/lib/python3.9/site-packages/pycaret/internal/pipeline.py:310: UserWarning: Persisting input arguments took 0.92s to run.
If this happens often in your code, it can cause performance problems 
(results will be correct in all cases). 
The reason for this is probably some large input arguments for a wrapped
 function (e.g. large strings).
THIS IS A JOBLIB ISSUE. If you can, kindly provide the joblib's team with an
 example so that they can fix the problem.
  X, _ = self._memory_full_transform(self, X, None, with_final=False)

2023-07-04 09:30:33,038:WARNING:/home/thom/venvs/fairlearn/lib/python3.9/site-packages/pycaret/internal/pipeline.py:310: UserWarning: Persisting input arguments took 1.02s to run.
If this happens often in your code, it can cause performance problems 
(results will be correct in all cases). 
The reason for this is probably some large input arguments for a wrapped
 function (e.g. large strings).
THIS IS A JOBLIB ISSUE. If you can, kindly provide the joblib's team with an
 example so that they can fix the problem.
  X, _ = self._memory_full_transform(self, X, None, with_final=False)

2023-07-04 09:30:33,471:WARNING:/home/thom/venvs/fairlearn/lib/python3.9/site-packages/pycaret/internal/pipeline.py:310: UserWarning: Persisting input arguments took 1.04s to run.
If this happens often in your code, it can cause performance problems 
(results will be correct in all cases). 
The reason for this is probably some large input arguments for a wrapped
 function (e.g. large strings).
THIS IS A JOBLIB ISSUE. If you can, kindly provide the joblib's team with an
 example so that they can fix the problem.
  X, _ = self._memory_full_transform(self, X, None, with_final=False)

2023-07-04 09:30:37,550:WARNING:/home/thom/venvs/fairlearn/lib/python3.9/site-packages/pycaret/internal/pipeline.py:310: UserWarning: Persisting input arguments took 0.98s to run.
If this happens often in your code, it can cause performance problems 
(results will be correct in all cases). 
The reason for this is probably some large input arguments for a wrapped
 function (e.g. large strings).
THIS IS A JOBLIB ISSUE. If you can, kindly provide the joblib's team with an
 example so that they can fix the problem.
  X, _ = self._memory_full_transform(self, X, None, with_final=False)

2023-07-04 09:30:37,697:WARNING:/home/thom/venvs/fairlearn/lib/python3.9/site-packages/pycaret/internal/pipeline.py:310: UserWarning: Persisting input arguments took 1.00s to run.
If this happens often in your code, it can cause performance problems 
(results will be correct in all cases). 
The reason for this is probably some large input arguments for a wrapped
 function (e.g. large strings).
THIS IS A JOBLIB ISSUE. If you can, kindly provide the joblib's team with an
 example so that they can fix the problem.
  X, _ = self._memory_full_transform(self, X, None, with_final=False)

2023-07-04 09:30:37,885:WARNING:/home/thom/venvs/fairlearn/lib/python3.9/site-packages/pycaret/internal/pipeline.py:310: UserWarning: Persisting input arguments took 1.03s to run.
If this happens often in your code, it can cause performance problems 
(results will be correct in all cases). 
The reason for this is probably some large input arguments for a wrapped
 function (e.g. large strings).
THIS IS A JOBLIB ISSUE. If you can, kindly provide the joblib's team with an
 example so that they can fix the problem.
  X, _ = self._memory_full_transform(self, X, None, with_final=False)

2023-07-04 09:30:38,994:WARNING:/home/thom/venvs/fairlearn/lib/python3.9/site-packages/pycaret/internal/pipeline.py:310: UserWarning: Persisting input arguments took 1.77s to run.
If this happens often in your code, it can cause performance problems 
(results will be correct in all cases). 
The reason for this is probably some large input arguments for a wrapped
 function (e.g. large strings).
THIS IS A JOBLIB ISSUE. If you can, kindly provide the joblib's team with an
 example so that they can fix the problem.
  X, _ = self._memory_full_transform(self, X, None, with_final=False)

2023-07-04 09:30:42,074:WARNING:/home/thom/venvs/fairlearn/lib/python3.9/site-packages/pycaret/internal/pipeline.py:310: UserWarning: Persisting input arguments took 0.68s to run.
If this happens often in your code, it can cause performance problems 
(results will be correct in all cases). 
The reason for this is probably some large input arguments for a wrapped
 function (e.g. large strings).
THIS IS A JOBLIB ISSUE. If you can, kindly provide the joblib's team with an
 example so that they can fix the problem.
  X, _ = self._memory_full_transform(self, X, None, with_final=False)

2023-07-04 09:30:42,081:WARNING:/home/thom/venvs/fairlearn/lib/python3.9/site-packages/pycaret/internal/pipeline.py:310: UserWarning: Persisting input arguments took 0.66s to run.
If this happens often in your code, it can cause performance problems 
(results will be correct in all cases). 
The reason for this is probably some large input arguments for a wrapped
 function (e.g. large strings).
THIS IS A JOBLIB ISSUE. If you can, kindly provide the joblib's team with an
 example so that they can fix the problem.
  X, _ = self._memory_full_transform(self, X, None, with_final=False)

2023-07-04 09:30:42,244:WARNING:/home/thom/venvs/fairlearn/lib/python3.9/site-packages/pycaret/internal/pipeline.py:310: UserWarning: Persisting input arguments took 0.63s to run.
If this happens often in your code, it can cause performance problems 
(results will be correct in all cases). 
The reason for this is probably some large input arguments for a wrapped
 function (e.g. large strings).
THIS IS A JOBLIB ISSUE. If you can, kindly provide the joblib's team with an
 example so that they can fix the problem.
  X, _ = self._memory_full_transform(self, X, None, with_final=False)

2023-07-04 09:30:42,655:WARNING:/home/thom/venvs/fairlearn/lib/python3.9/site-packages/pycaret/internal/pipeline.py:310: UserWarning: Persisting input arguments took 0.73s to run.
If this happens often in your code, it can cause performance problems 
(results will be correct in all cases). 
The reason for this is probably some large input arguments for a wrapped
 function (e.g. large strings).
THIS IS A JOBLIB ISSUE. If you can, kindly provide the joblib's team with an
 example so that they can fix the problem.
  X, _ = self._memory_full_transform(self, X, None, with_final=False)

2023-07-04 09:30:45,947:WARNING:/home/thom/venvs/fairlearn/lib/python3.9/site-packages/pycaret/internal/pipeline.py:310: UserWarning: Persisting input arguments took 0.79s to run.
If this happens often in your code, it can cause performance problems 
(results will be correct in all cases). 
The reason for this is probably some large input arguments for a wrapped
 function (e.g. large strings).
THIS IS A JOBLIB ISSUE. If you can, kindly provide the joblib's team with an
 example so that they can fix the problem.
  X, _ = self._memory_full_transform(self, X, None, with_final=False)

2023-07-04 09:30:45,956:WARNING:/home/thom/venvs/fairlearn/lib/python3.9/site-packages/pycaret/internal/pipeline.py:310: UserWarning: Persisting input arguments took 0.88s to run.
If this happens often in your code, it can cause performance problems 
(results will be correct in all cases). 
The reason for this is probably some large input arguments for a wrapped
 function (e.g. large strings).
THIS IS A JOBLIB ISSUE. If you can, kindly provide the joblib's team with an
 example so that they can fix the problem.
  X, _ = self._memory_full_transform(self, X, None, with_final=False)

2023-07-04 09:30:46,017:WARNING:/home/thom/venvs/fairlearn/lib/python3.9/site-packages/pycaret/internal/pipeline.py:310: UserWarning: Persisting input arguments took 0.75s to run.
If this happens often in your code, it can cause performance problems 
(results will be correct in all cases). 
The reason for this is probably some large input arguments for a wrapped
 function (e.g. large strings).
THIS IS A JOBLIB ISSUE. If you can, kindly provide the joblib's team with an
 example so that they can fix the problem.
  X, _ = self._memory_full_transform(self, X, None, with_final=False)

2023-07-04 09:30:46,832:WARNING:/home/thom/venvs/fairlearn/lib/python3.9/site-packages/pycaret/internal/pipeline.py:310: UserWarning: Persisting input arguments took 0.85s to run.
If this happens often in your code, it can cause performance problems 
(results will be correct in all cases). 
The reason for this is probably some large input arguments for a wrapped
 function (e.g. large strings).
THIS IS A JOBLIB ISSUE. If you can, kindly provide the joblib's team with an
 example so that they can fix the problem.
  X, _ = self._memory_full_transform(self, X, None, with_final=False)

2023-07-04 09:30:50,545:WARNING:/home/thom/venvs/fairlearn/lib/python3.9/site-packages/pycaret/internal/pipeline.py:310: UserWarning: Persisting input arguments took 0.78s to run.
If this happens often in your code, it can cause performance problems 
(results will be correct in all cases). 
The reason for this is probably some large input arguments for a wrapped
 function (e.g. large strings).
THIS IS A JOBLIB ISSUE. If you can, kindly provide the joblib's team with an
 example so that they can fix the problem.
  X, _ = self._memory_full_transform(self, X, None, with_final=False)

2023-07-04 09:30:50,755:WARNING:/home/thom/venvs/fairlearn/lib/python3.9/site-packages/pycaret/internal/pipeline.py:310: UserWarning: Persisting input arguments took 0.91s to run.
If this happens often in your code, it can cause performance problems 
(results will be correct in all cases). 
The reason for this is probably some large input arguments for a wrapped
 function (e.g. large strings).
THIS IS A JOBLIB ISSUE. If you can, kindly provide the joblib's team with an
 example so that they can fix the problem.
  X, _ = self._memory_full_transform(self, X, None, with_final=False)

2023-07-04 09:30:52,638:WARNING:/home/thom/venvs/fairlearn/lib/python3.9/site-packages/pycaret/internal/pipeline.py:310: UserWarning: Persisting input arguments took 1.34s to run.
If this happens often in your code, it can cause performance problems 
(results will be correct in all cases). 
The reason for this is probably some large input arguments for a wrapped
 function (e.g. large strings).
THIS IS A JOBLIB ISSUE. If you can, kindly provide the joblib's team with an
 example so that they can fix the problem.
  X, _ = self._memory_full_transform(self, X, None, with_final=False)

2023-07-04 09:30:53,685:WARNING:/home/thom/venvs/fairlearn/lib/python3.9/site-packages/pycaret/internal/pipeline.py:310: UserWarning: Persisting input arguments took 1.10s to run.
If this happens often in your code, it can cause performance problems 
(results will be correct in all cases). 
The reason for this is probably some large input arguments for a wrapped
 function (e.g. large strings).
THIS IS A JOBLIB ISSUE. If you can, kindly provide the joblib's team with an
 example so that they can fix the problem.
  X, _ = self._memory_full_transform(self, X, None, with_final=False)

2023-07-04 09:30:57,146:WARNING:/home/thom/venvs/fairlearn/lib/python3.9/site-packages/pycaret/internal/pipeline.py:260: UserWarning: Persisting input arguments took 1.02s to run.
If this happens often in your code, it can cause performance problems 
(results will be correct in all cases). 
The reason for this is probably some large input arguments for a wrapped
 function (e.g. large strings).
THIS IS A JOBLIB ISSUE. If you can, kindly provide the joblib's team with an
 example so that they can fix the problem.
  fitted_estimator = self._memory_fit(

2023-07-04 09:30:57,223:WARNING:/home/thom/venvs/fairlearn/lib/python3.9/site-packages/pycaret/internal/pipeline.py:310: UserWarning: Persisting input arguments took 1.97s to run.
If this happens often in your code, it can cause performance problems 
(results will be correct in all cases). 
The reason for this is probably some large input arguments for a wrapped
 function (e.g. large strings).
THIS IS A JOBLIB ISSUE. If you can, kindly provide the joblib's team with an
 example so that they can fix the problem.
  X, _ = self._memory_full_transform(self, X, None, with_final=False)

2023-07-04 09:30:57,326:WARNING:/home/thom/venvs/fairlearn/lib/python3.9/site-packages/pycaret/internal/pipeline.py:310: UserWarning: Persisting input arguments took 2.03s to run.
If this happens often in your code, it can cause performance problems 
(results will be correct in all cases). 
The reason for this is probably some large input arguments for a wrapped
 function (e.g. large strings).
THIS IS A JOBLIB ISSUE. If you can, kindly provide the joblib's team with an
 example so that they can fix the problem.
  X, _ = self._memory_full_transform(self, X, None, with_final=False)

2023-07-04 09:30:59,983:WARNING:/home/thom/venvs/fairlearn/lib/python3.9/site-packages/pycaret/internal/pipeline.py:310: UserWarning: Persisting input arguments took 1.54s to run.
If this happens often in your code, it can cause performance problems 
(results will be correct in all cases). 
The reason for this is probably some large input arguments for a wrapped
 function (e.g. large strings).
THIS IS A JOBLIB ISSUE. If you can, kindly provide the joblib's team with an
 example so that they can fix the problem.
  X, _ = self._memory_full_transform(self, X, None, with_final=False)

2023-07-04 09:31:00,394:WARNING:/home/thom/venvs/fairlearn/lib/python3.9/site-packages/pycaret/internal/pipeline.py:310: UserWarning: Persisting input arguments took 1.30s to run.
If this happens often in your code, it can cause performance problems 
(results will be correct in all cases). 
The reason for this is probably some large input arguments for a wrapped
 function (e.g. large strings).
THIS IS A JOBLIB ISSUE. If you can, kindly provide the joblib's team with an
 example so that they can fix the problem.
  X, _ = self._memory_full_transform(self, X, None, with_final=False)

2023-07-04 09:31:02,929:WARNING:/home/thom/venvs/fairlearn/lib/python3.9/site-packages/pycaret/internal/pipeline.py:310: UserWarning: Persisting input arguments took 1.20s to run.
If this happens often in your code, it can cause performance problems 
(results will be correct in all cases). 
The reason for this is probably some large input arguments for a wrapped
 function (e.g. large strings).
THIS IS A JOBLIB ISSUE. If you can, kindly provide the joblib's team with an
 example so that they can fix the problem.
  X, _ = self._memory_full_transform(self, X, None, with_final=False)

2023-07-04 09:31:03,397:WARNING:/home/thom/venvs/fairlearn/lib/python3.9/site-packages/pycaret/internal/pipeline.py:310: UserWarning: Persisting input arguments took 1.11s to run.
If this happens often in your code, it can cause performance problems 
(results will be correct in all cases). 
The reason for this is probably some large input arguments for a wrapped
 function (e.g. large strings).
THIS IS A JOBLIB ISSUE. If you can, kindly provide the joblib's team with an
 example so that they can fix the problem.
  X, _ = self._memory_full_transform(self, X, None, with_final=False)

2023-07-04 09:31:05,939:WARNING:/home/thom/venvs/fairlearn/lib/python3.9/site-packages/pycaret/internal/pipeline.py:310: UserWarning: Persisting input arguments took 1.55s to run.
If this happens often in your code, it can cause performance problems 
(results will be correct in all cases). 
The reason for this is probably some large input arguments for a wrapped
 function (e.g. large strings).
THIS IS A JOBLIB ISSUE. If you can, kindly provide the joblib's team with an
 example so that they can fix the problem.
  X, _ = self._memory_full_transform(self, X, None, with_final=False)

2023-07-04 09:31:07,020:WARNING:/home/thom/venvs/fairlearn/lib/python3.9/site-packages/pycaret/internal/pipeline.py:310: UserWarning: Persisting input arguments took 2.02s to run.
If this happens often in your code, it can cause performance problems 
(results will be correct in all cases). 
The reason for this is probably some large input arguments for a wrapped
 function (e.g. large strings).
THIS IS A JOBLIB ISSUE. If you can, kindly provide the joblib's team with an
 example so that they can fix the problem.
  X, _ = self._memory_full_transform(self, X, None, with_final=False)

2023-07-04 09:31:11,133:WARNING:/home/thom/venvs/fairlearn/lib/python3.9/site-packages/pycaret/internal/pipeline.py:310: UserWarning: Persisting input arguments took 1.42s to run.
If this happens often in your code, it can cause performance problems 
(results will be correct in all cases). 
The reason for this is probably some large input arguments for a wrapped
 function (e.g. large strings).
THIS IS A JOBLIB ISSUE. If you can, kindly provide the joblib's team with an
 example so that they can fix the problem.
  X, _ = self._memory_full_transform(self, X, None, with_final=False)

2023-07-04 09:31:11,853:WARNING:/home/thom/venvs/fairlearn/lib/python3.9/site-packages/pycaret/internal/pipeline.py:310: UserWarning: Persisting input arguments took 1.02s to run.
If this happens often in your code, it can cause performance problems 
(results will be correct in all cases). 
The reason for this is probably some large input arguments for a wrapped
 function (e.g. large strings).
THIS IS A JOBLIB ISSUE. If you can, kindly provide the joblib's team with an
 example so that they can fix the problem.
  X, _ = self._memory_full_transform(self, X, None, with_final=False)

2023-07-04 09:31:14,617:WARNING:/home/thom/venvs/fairlearn/lib/python3.9/site-packages/pycaret/internal/pipeline.py:310: UserWarning: Persisting input arguments took 2.06s to run.
If this happens often in your code, it can cause performance problems 
(results will be correct in all cases). 
The reason for this is probably some large input arguments for a wrapped
 function (e.g. large strings).
THIS IS A JOBLIB ISSUE. If you can, kindly provide the joblib's team with an
 example so that they can fix the problem.
  X, _ = self._memory_full_transform(self, X, None, with_final=False)

2023-07-04 09:31:15,638:WARNING:/home/thom/venvs/fairlearn/lib/python3.9/site-packages/pycaret/internal/pipeline.py:310: UserWarning: Persisting input arguments took 2.82s to run.
If this happens often in your code, it can cause performance problems 
(results will be correct in all cases). 
The reason for this is probably some large input arguments for a wrapped
 function (e.g. large strings).
THIS IS A JOBLIB ISSUE. If you can, kindly provide the joblib's team with an
 example so that they can fix the problem.
  X, _ = self._memory_full_transform(self, X, None, with_final=False)

2023-07-04 09:31:19,827:WARNING:/home/thom/venvs/fairlearn/lib/python3.9/site-packages/pycaret/internal/pipeline.py:310: UserWarning: Persisting input arguments took 1.07s to run.
If this happens often in your code, it can cause performance problems 
(results will be correct in all cases). 
The reason for this is probably some large input arguments for a wrapped
 function (e.g. large strings).
THIS IS A JOBLIB ISSUE. If you can, kindly provide the joblib's team with an
 example so that they can fix the problem.
  X, _ = self._memory_full_transform(self, X, None, with_final=False)

2023-07-04 09:31:20,177:WARNING:/home/thom/venvs/fairlearn/lib/python3.9/site-packages/pycaret/internal/pipeline.py:310: UserWarning: Persisting input arguments took 1.16s to run.
If this happens often in your code, it can cause performance problems 
(results will be correct in all cases). 
The reason for this is probably some large input arguments for a wrapped
 function (e.g. large strings).
THIS IS A JOBLIB ISSUE. If you can, kindly provide the joblib's team with an
 example so that they can fix the problem.
  X, _ = self._memory_full_transform(self, X, None, with_final=False)

2023-07-04 09:31:22,603:WARNING:/home/thom/venvs/fairlearn/lib/python3.9/site-packages/pycaret/internal/pipeline.py:310: UserWarning: Persisting input arguments took 1.67s to run.
If this happens often in your code, it can cause performance problems 
(results will be correct in all cases). 
The reason for this is probably some large input arguments for a wrapped
 function (e.g. large strings).
THIS IS A JOBLIB ISSUE. If you can, kindly provide the joblib's team with an
 example so that they can fix the problem.
  X, _ = self._memory_full_transform(self, X, None, with_final=False)

2023-07-04 09:31:23,294:WARNING:/home/thom/venvs/fairlearn/lib/python3.9/site-packages/pycaret/internal/pipeline.py:310: UserWarning: Persisting input arguments took 1.76s to run.
If this happens often in your code, it can cause performance problems 
(results will be correct in all cases). 
The reason for this is probably some large input arguments for a wrapped
 function (e.g. large strings).
THIS IS A JOBLIB ISSUE. If you can, kindly provide the joblib's team with an
 example so that they can fix the problem.
  X, _ = self._memory_full_transform(self, X, None, with_final=False)

2023-07-04 09:31:25,665:WARNING:/home/thom/venvs/fairlearn/lib/python3.9/site-packages/pycaret/internal/pipeline.py:310: UserWarning: Persisting input arguments took 0.60s to run.
If this happens often in your code, it can cause performance problems 
(results will be correct in all cases). 
The reason for this is probably some large input arguments for a wrapped
 function (e.g. large strings).
THIS IS A JOBLIB ISSUE. If you can, kindly provide the joblib's team with an
 example so that they can fix the problem.
  X, _ = self._memory_full_transform(self, X, None, with_final=False)

2023-07-04 09:31:25,688:WARNING:/home/thom/venvs/fairlearn/lib/python3.9/site-packages/pycaret/internal/pipeline.py:310: UserWarning: Persisting input arguments took 0.61s to run.
If this happens often in your code, it can cause performance problems 
(results will be correct in all cases). 
The reason for this is probably some large input arguments for a wrapped
 function (e.g. large strings).
THIS IS A JOBLIB ISSUE. If you can, kindly provide the joblib's team with an
 example so that they can fix the problem.
  X, _ = self._memory_full_transform(self, X, None, with_final=False)

2023-07-04 09:31:25,823:INFO:best_params: {'actual_estimator__n_estimators': 300, 'actual_estimator__min_samples_split': 2, 'actual_estimator__min_samples_leaf': 6, 'actual_estimator__min_impurity_decrease': 0.01, 'actual_estimator__max_features': 'log2', 'actual_estimator__max_depth': 6, 'actual_estimator__criterion': 'squared_error', 'actual_estimator__bootstrap': False}
2023-07-04 09:31:25,824:INFO:Hyperparameter search completed
2023-07-04 09:31:25,824:INFO:SubProcess create_model() called ==================================
2023-07-04 09:31:25,825:INFO:Initializing create_model()
2023-07-04 09:31:25,825:INFO:create_model(self=<pycaret.regression.oop.RegressionExperiment object at 0x7f854a8330d0>, estimator=RandomForestRegressor(n_jobs=-1, random_state=2584), fold=KFold(n_splits=10, random_state=None, shuffle=False), round=4, cross_validation=True, predict=True, fit_kwargs={}, groups=None, refit=True, probability_threshold=None, experiment_custom_tags=None, verbose=True, system=False, add_to_model_list=True, metrics=None, display=<pycaret.internal.display.display.CommonDisplay object at 0x7f854a556c10>, model_only=True, return_train_score=False, kwargs={'n_estimators': 300, 'min_samples_split': 2, 'min_samples_leaf': 6, 'min_impurity_decrease': 0.01, 'max_features': 'log2', 'max_depth': 6, 'criterion': 'squared_error', 'bootstrap': False})
2023-07-04 09:31:25,825:INFO:Checking exceptions
2023-07-04 09:31:25,825:INFO:Importing libraries
2023-07-04 09:31:25,825:INFO:Copying training dataset
2023-07-04 09:31:25,835:INFO:Defining folds
2023-07-04 09:31:25,835:INFO:Declaring metric variables
2023-07-04 09:31:25,842:INFO:Importing untrained model
2023-07-04 09:31:25,842:INFO:Declaring custom model
2023-07-04 09:31:25,848:INFO:Random Forest Regressor Imported successfully
2023-07-04 09:31:25,861:INFO:Starting cross validation
2023-07-04 09:31:26,206:INFO:Cross validating with KFold(n_splits=10, random_state=None, shuffle=False), n_jobs=-1
2023-07-04 09:31:29,503:WARNING:/home/thom/venvs/fairlearn/lib/python3.9/site-packages/pycaret/internal/pipeline.py:310: UserWarning: Persisting input arguments took 0.93s to run.
If this happens often in your code, it can cause performance problems 
(results will be correct in all cases). 
The reason for this is probably some large input arguments for a wrapped
 function (e.g. large strings).
THIS IS A JOBLIB ISSUE. If you can, kindly provide the joblib's team with an
 example so that they can fix the problem.
  X, _ = self._memory_full_transform(self, X, None, with_final=False)

2023-07-04 09:31:29,659:WARNING:/home/thom/venvs/fairlearn/lib/python3.9/site-packages/pycaret/internal/pipeline.py:310: UserWarning: Persisting input arguments took 1.03s to run.
If this happens often in your code, it can cause performance problems 
(results will be correct in all cases). 
The reason for this is probably some large input arguments for a wrapped
 function (e.g. large strings).
THIS IS A JOBLIB ISSUE. If you can, kindly provide the joblib's team with an
 example so that they can fix the problem.
  X, _ = self._memory_full_transform(self, X, None, with_final=False)

2023-07-04 09:31:29,825:WARNING:/home/thom/venvs/fairlearn/lib/python3.9/site-packages/pycaret/internal/pipeline.py:310: UserWarning: Persisting input arguments took 1.11s to run.
If this happens often in your code, it can cause performance problems 
(results will be correct in all cases). 
The reason for this is probably some large input arguments for a wrapped
 function (e.g. large strings).
THIS IS A JOBLIB ISSUE. If you can, kindly provide the joblib's team with an
 example so that they can fix the problem.
  X, _ = self._memory_full_transform(self, X, None, with_final=False)

2023-07-04 09:31:29,878:WARNING:/home/thom/venvs/fairlearn/lib/python3.9/site-packages/pycaret/internal/pipeline.py:310: UserWarning: Persisting input arguments took 1.08s to run.
If this happens often in your code, it can cause performance problems 
(results will be correct in all cases). 
The reason for this is probably some large input arguments for a wrapped
 function (e.g. large strings).
THIS IS A JOBLIB ISSUE. If you can, kindly provide the joblib's team with an
 example so that they can fix the problem.
  X, _ = self._memory_full_transform(self, X, None, with_final=False)

2023-07-04 09:31:33,641:WARNING:/home/thom/venvs/fairlearn/lib/python3.9/site-packages/pycaret/internal/pipeline.py:310: UserWarning: Persisting input arguments took 1.70s to run.
If this happens often in your code, it can cause performance problems 
(results will be correct in all cases). 
The reason for this is probably some large input arguments for a wrapped
 function (e.g. large strings).
THIS IS A JOBLIB ISSUE. If you can, kindly provide the joblib's team with an
 example so that they can fix the problem.
  X, _ = self._memory_full_transform(self, X, None, with_final=False)

2023-07-04 09:31:33,986:WARNING:/home/thom/venvs/fairlearn/lib/python3.9/site-packages/pycaret/internal/pipeline.py:310: UserWarning: Persisting input arguments took 1.36s to run.
If this happens often in your code, it can cause performance problems 
(results will be correct in all cases). 
The reason for this is probably some large input arguments for a wrapped
 function (e.g. large strings).
THIS IS A JOBLIB ISSUE. If you can, kindly provide the joblib's team with an
 example so that they can fix the problem.
  X, _ = self._memory_full_transform(self, X, None, with_final=False)

2023-07-04 09:31:34,300:WARNING:/home/thom/venvs/fairlearn/lib/python3.9/site-packages/pycaret/internal/pipeline.py:310: UserWarning: Persisting input arguments took 1.23s to run.
If this happens often in your code, it can cause performance problems 
(results will be correct in all cases). 
The reason for this is probably some large input arguments for a wrapped
 function (e.g. large strings).
THIS IS A JOBLIB ISSUE. If you can, kindly provide the joblib's team with an
 example so that they can fix the problem.
  X, _ = self._memory_full_transform(self, X, None, with_final=False)

2023-07-04 09:31:34,479:WARNING:/home/thom/venvs/fairlearn/lib/python3.9/site-packages/pycaret/internal/pipeline.py:310: UserWarning: Persisting input arguments took 1.05s to run.
If this happens often in your code, it can cause performance problems 
(results will be correct in all cases). 
The reason for this is probably some large input arguments for a wrapped
 function (e.g. large strings).
THIS IS A JOBLIB ISSUE. If you can, kindly provide the joblib's team with an
 example so that they can fix the problem.
  X, _ = self._memory_full_transform(self, X, None, with_final=False)

2023-07-04 09:31:35,926:WARNING:/home/thom/venvs/fairlearn/lib/python3.9/site-packages/pycaret/internal/pipeline.py:310: UserWarning: Persisting input arguments took 0.52s to run.
If this happens often in your code, it can cause performance problems 
(results will be correct in all cases). 
The reason for this is probably some large input arguments for a wrapped
 function (e.g. large strings).
THIS IS A JOBLIB ISSUE. If you can, kindly provide the joblib's team with an
 example so that they can fix the problem.
  X, _ = self._memory_full_transform(self, X, None, with_final=False)

2023-07-04 09:31:36,064:WARNING:/home/thom/venvs/fairlearn/lib/python3.9/site-packages/pycaret/internal/pipeline.py:310: UserWarning: Persisting input arguments took 0.55s to run.
If this happens often in your code, it can cause performance problems 
(results will be correct in all cases). 
The reason for this is probably some large input arguments for a wrapped
 function (e.g. large strings).
THIS IS A JOBLIB ISSUE. If you can, kindly provide the joblib's team with an
 example so that they can fix the problem.
  X, _ = self._memory_full_transform(self, X, None, with_final=False)

2023-07-04 09:31:36,193:INFO:Calculating mean and std
2023-07-04 09:31:36,196:INFO:Creating metrics dataframe
2023-07-04 09:31:36,219:INFO:Finalizing model
2023-07-04 09:31:37,245:INFO:Uploading results into container
2023-07-04 09:31:37,246:INFO:Uploading model into container now
2023-07-04 09:31:37,247:INFO:_master_model_container: 23
2023-07-04 09:31:37,247:INFO:_display_container: 6
2023-07-04 09:31:37,248:INFO:RandomForestRegressor(bootstrap=False, max_depth=6, max_features='log2',
                      min_impurity_decrease=0.01, min_samples_leaf=6,
                      n_estimators=300, n_jobs=-1, random_state=2584)
2023-07-04 09:31:37,248:INFO:create_model() successfully completed......................................
2023-07-04 09:31:37,410:INFO:SubProcess create_model() end ==================================
2023-07-04 09:31:37,410:INFO:choose_better activated
2023-07-04 09:31:37,415:INFO:SubProcess create_model() called ==================================
2023-07-04 09:31:37,416:INFO:Initializing create_model()
2023-07-04 09:31:37,416:INFO:create_model(self=<pycaret.regression.oop.RegressionExperiment object at 0x7f854a8330d0>, estimator=RandomForestRegressor(n_jobs=-1, random_state=2584), fold=KFold(n_splits=10, random_state=None, shuffle=False), round=4, cross_validation=True, predict=True, fit_kwargs={}, groups=None, refit=True, probability_threshold=None, experiment_custom_tags=None, verbose=False, system=False, add_to_model_list=True, metrics=None, display=None, model_only=True, return_train_score=False, kwargs={})
2023-07-04 09:31:37,416:INFO:Checking exceptions
2023-07-04 09:31:37,420:INFO:Importing libraries
2023-07-04 09:31:37,420:INFO:Copying training dataset
2023-07-04 09:31:37,425:INFO:Defining folds
2023-07-04 09:31:37,425:INFO:Declaring metric variables
2023-07-04 09:31:37,426:INFO:Importing untrained model
2023-07-04 09:31:37,426:INFO:Declaring custom model
2023-07-04 09:31:37,427:INFO:Random Forest Regressor Imported successfully
2023-07-04 09:31:37,427:INFO:Starting cross validation
2023-07-04 09:31:37,633:INFO:Cross validating with KFold(n_splits=10, random_state=None, shuffle=False), n_jobs=-1
2023-07-04 09:31:42,858:INFO:Calculating mean and std
2023-07-04 09:31:42,860:INFO:Creating metrics dataframe
2023-07-04 09:31:42,864:INFO:Finalizing model
2023-07-04 09:31:43,553:INFO:Uploading results into container
2023-07-04 09:31:43,556:INFO:Uploading model into container now
2023-07-04 09:31:43,557:INFO:_master_model_container: 24
2023-07-04 09:31:43,557:INFO:_display_container: 7
2023-07-04 09:31:43,559:INFO:RandomForestRegressor(n_jobs=-1, random_state=2584)
2023-07-04 09:31:43,559:INFO:create_model() successfully completed......................................
2023-07-04 09:31:43,850:INFO:SubProcess create_model() end ==================================
2023-07-04 09:31:43,852:INFO:RandomForestRegressor(n_jobs=-1, random_state=2584) result for RMSE is 1.5124
2023-07-04 09:31:43,855:INFO:RandomForestRegressor(bootstrap=False, max_depth=6, max_features='log2',
                      min_impurity_decrease=0.01, min_samples_leaf=6,
                      n_estimators=300, n_jobs=-1, random_state=2584) result for RMSE is 1.4775
2023-07-04 09:31:43,857:INFO:RandomForestRegressor(bootstrap=False, max_depth=6, max_features='log2',
                      min_impurity_decrease=0.01, min_samples_leaf=6,
                      n_estimators=300, n_jobs=-1, random_state=2584) is best model
2023-07-04 09:31:43,857:INFO:choose_better completed
2023-07-04 09:31:43,900:INFO:_master_model_container: 24
2023-07-04 09:31:43,901:INFO:_display_container: 6
2023-07-04 09:31:43,904:INFO:RandomForestRegressor(bootstrap=False, max_depth=6, max_features='log2',
                      min_impurity_decrease=0.01, min_samples_leaf=6,
                      n_estimators=300, n_jobs=-1, random_state=2584)
2023-07-04 09:31:43,904:INFO:tune_model() successfully completed......................................
2023-07-04 09:31:44,348:INFO:Initializing evaluate_model()
2023-07-04 09:31:44,348:INFO:evaluate_model(self=<pycaret.regression.oop.RegressionExperiment object at 0x7f854a8330d0>, estimator=RandomForestRegressor(bootstrap=False, max_depth=6, max_features='log2',
                      min_impurity_decrease=0.01, min_samples_leaf=6,
                      n_estimators=300, n_jobs=-1, random_state=2584), fold=None, fit_kwargs=None, plot_kwargs=None, feature_name=None, groups=None)
2023-07-04 09:31:44,396:INFO:Initializing plot_model()
2023-07-04 09:31:44,396:INFO:plot_model(plot=pipeline, fold=KFold(n_splits=10, random_state=None, shuffle=False), verbose=False, display=None, display_format=None, estimator=RandomForestRegressor(bootstrap=False, max_depth=6, max_features='log2',
                      min_impurity_decrease=0.01, min_samples_leaf=6,
                      n_estimators=300, n_jobs=-1, random_state=2584), feature_name=None, fit_kwargs={}, groups=None, label=False, plot_kwargs=None, save=False, scale=1, self=<pycaret.regression.oop.RegressionExperiment object at 0x7f854a8330d0>, system=True)
2023-07-04 09:31:44,397:INFO:Checking exceptions
2023-07-04 09:31:44,458:INFO:Preloading libraries
2023-07-04 09:31:44,489:INFO:Copying training dataset
2023-07-04 09:31:44,489:INFO:Plot type: pipeline
2023-07-04 09:31:44,630:INFO:Visual Rendered Successfully
2023-07-04 09:31:44,809:INFO:plot_model() successfully completed......................................
2023-07-04 09:31:44,823:INFO:Initializing create_model()
2023-07-04 09:31:44,823:INFO:create_model(self=<pycaret.regression.oop.RegressionExperiment object at 0x7f854a8330d0>, estimator=knn, fold=None, round=4, cross_validation=True, predict=True, fit_kwargs=None, groups=None, refit=True, probability_threshold=None, experiment_custom_tags=None, verbose=True, system=True, add_to_model_list=True, metrics=None, display=None, model_only=True, return_train_score=False, kwargs={})
2023-07-04 09:31:44,823:INFO:Checking exceptions
2023-07-04 09:31:44,847:INFO:Importing libraries
2023-07-04 09:31:44,847:INFO:Copying training dataset
2023-07-04 09:31:44,856:INFO:Defining folds
2023-07-04 09:31:44,856:INFO:Declaring metric variables
2023-07-04 09:31:44,863:INFO:Importing untrained model
2023-07-04 09:31:44,871:INFO:K Neighbors Regressor Imported successfully
2023-07-04 09:31:44,888:INFO:Starting cross validation
2023-07-04 09:31:45,183:INFO:Cross validating with KFold(n_splits=10, random_state=None, shuffle=False), n_jobs=-1
2023-07-04 09:31:47,681:WARNING:/home/thom/venvs/fairlearn/lib/python3.9/site-packages/pycaret/internal/pipeline.py:310: UserWarning: Persisting input arguments took 0.63s to run.
If this happens often in your code, it can cause performance problems 
(results will be correct in all cases). 
The reason for this is probably some large input arguments for a wrapped
 function (e.g. large strings).
THIS IS A JOBLIB ISSUE. If you can, kindly provide the joblib's team with an
 example so that they can fix the problem.
  X, _ = self._memory_full_transform(self, X, None, with_final=False)

2023-07-04 09:31:47,688:WARNING:/home/thom/venvs/fairlearn/lib/python3.9/site-packages/pycaret/internal/pipeline.py:310: UserWarning: Persisting input arguments took 0.65s to run.
If this happens often in your code, it can cause performance problems 
(results will be correct in all cases). 
The reason for this is probably some large input arguments for a wrapped
 function (e.g. large strings).
THIS IS A JOBLIB ISSUE. If you can, kindly provide the joblib's team with an
 example so that they can fix the problem.
  X, _ = self._memory_full_transform(self, X, None, with_final=False)

2023-07-04 09:31:47,723:WARNING:/home/thom/venvs/fairlearn/lib/python3.9/site-packages/pycaret/internal/pipeline.py:310: UserWarning: Persisting input arguments took 0.68s to run.
If this happens often in your code, it can cause performance problems 
(results will be correct in all cases). 
The reason for this is probably some large input arguments for a wrapped
 function (e.g. large strings).
THIS IS A JOBLIB ISSUE. If you can, kindly provide the joblib's team with an
 example so that they can fix the problem.
  X, _ = self._memory_full_transform(self, X, None, with_final=False)

2023-07-04 09:31:47,767:WARNING:/home/thom/venvs/fairlearn/lib/python3.9/site-packages/pycaret/internal/pipeline.py:310: UserWarning: Persisting input arguments took 0.72s to run.
If this happens often in your code, it can cause performance problems 
(results will be correct in all cases). 
The reason for this is probably some large input arguments for a wrapped
 function (e.g. large strings).
THIS IS A JOBLIB ISSUE. If you can, kindly provide the joblib's team with an
 example so that they can fix the problem.
  X, _ = self._memory_full_transform(self, X, None, with_final=False)

2023-07-04 09:31:50,432:WARNING:/home/thom/venvs/fairlearn/lib/python3.9/site-packages/pycaret/internal/pipeline.py:310: UserWarning: Persisting input arguments took 0.74s to run.
If this happens often in your code, it can cause performance problems 
(results will be correct in all cases). 
The reason for this is probably some large input arguments for a wrapped
 function (e.g. large strings).
THIS IS A JOBLIB ISSUE. If you can, kindly provide the joblib's team with an
 example so that they can fix the problem.
  X, _ = self._memory_full_transform(self, X, None, with_final=False)

2023-07-04 09:31:50,433:WARNING:/home/thom/venvs/fairlearn/lib/python3.9/site-packages/pycaret/internal/pipeline.py:310: UserWarning: Persisting input arguments took 0.74s to run.
If this happens often in your code, it can cause performance problems 
(results will be correct in all cases). 
The reason for this is probably some large input arguments for a wrapped
 function (e.g. large strings).
THIS IS A JOBLIB ISSUE. If you can, kindly provide the joblib's team with an
 example so that they can fix the problem.
  X, _ = self._memory_full_transform(self, X, None, with_final=False)

2023-07-04 09:31:50,500:WARNING:/home/thom/venvs/fairlearn/lib/python3.9/site-packages/pycaret/internal/pipeline.py:310: UserWarning: Persisting input arguments took 0.76s to run.
If this happens often in your code, it can cause performance problems 
(results will be correct in all cases). 
The reason for this is probably some large input arguments for a wrapped
 function (e.g. large strings).
THIS IS A JOBLIB ISSUE. If you can, kindly provide the joblib's team with an
 example so that they can fix the problem.
  X, _ = self._memory_full_transform(self, X, None, with_final=False)

2023-07-04 09:31:50,626:WARNING:/home/thom/venvs/fairlearn/lib/python3.9/site-packages/pycaret/internal/pipeline.py:310: UserWarning: Persisting input arguments took 0.74s to run.
If this happens often in your code, it can cause performance problems 
(results will be correct in all cases). 
The reason for this is probably some large input arguments for a wrapped
 function (e.g. large strings).
THIS IS A JOBLIB ISSUE. If you can, kindly provide the joblib's team with an
 example so that they can fix the problem.
  X, _ = self._memory_full_transform(self, X, None, with_final=False)

2023-07-04 09:31:52,839:WARNING:/home/thom/venvs/fairlearn/lib/python3.9/site-packages/pycaret/internal/pipeline.py:310: UserWarning: Persisting input arguments took 1.04s to run.
If this happens often in your code, it can cause performance problems 
(results will be correct in all cases). 
The reason for this is probably some large input arguments for a wrapped
 function (e.g. large strings).
THIS IS A JOBLIB ISSUE. If you can, kindly provide the joblib's team with an
 example so that they can fix the problem.
  X, _ = self._memory_full_transform(self, X, None, with_final=False)

2023-07-04 09:31:53,280:WARNING:/home/thom/venvs/fairlearn/lib/python3.9/site-packages/pycaret/internal/pipeline.py:310: UserWarning: Persisting input arguments took 1.26s to run.
If this happens often in your code, it can cause performance problems 
(results will be correct in all cases). 
The reason for this is probably some large input arguments for a wrapped
 function (e.g. large strings).
THIS IS A JOBLIB ISSUE. If you can, kindly provide the joblib's team with an
 example so that they can fix the problem.
  X, _ = self._memory_full_transform(self, X, None, with_final=False)

2023-07-04 09:31:53,302:INFO:Calculating mean and std
2023-07-04 09:31:53,307:INFO:Creating metrics dataframe
2023-07-04 09:31:53,323:INFO:Finalizing model
2023-07-04 09:31:54,388:INFO:Uploading results into container
2023-07-04 09:31:54,393:INFO:Uploading model into container now
2023-07-04 09:31:54,449:INFO:_master_model_container: 25
2023-07-04 09:31:54,450:INFO:_display_container: 7
2023-07-04 09:31:54,452:INFO:KNeighborsRegressor(n_jobs=-1)
2023-07-04 09:31:54,452:INFO:create_model() successfully completed......................................
2023-07-04 09:31:54,824:INFO:Initializing tune_model()
2023-07-04 09:31:54,825:INFO:tune_model(estimator=KNeighborsRegressor(n_jobs=-1), fold=None, round=4, n_iter=5, custom_grid=None, optimize=RMSE, custom_scorer=None, search_library=scikit-learn, search_algorithm=None, early_stopping=False, early_stopping_max_iters=10, choose_better=True, fit_kwargs=None, groups=None, return_tuner=False, verbose=True, tuner_verbose=True, return_train_score=False, kwargs={}, self=<pycaret.regression.oop.RegressionExperiment object at 0x7f854a8330d0>)
2023-07-04 09:31:54,825:INFO:Checking exceptions
2023-07-04 09:31:54,990:INFO:Copying training dataset
2023-07-04 09:31:55,003:INFO:Checking base model
2023-07-04 09:31:55,004:INFO:Base model : K Neighbors Regressor
2023-07-04 09:31:55,020:INFO:Declaring metric variables
2023-07-04 09:31:55,042:INFO:Defining Hyperparameters
2023-07-04 09:31:55,816:INFO:Tuning with n_jobs=-1
2023-07-04 09:31:55,816:INFO:Initializing RandomizedSearchCV
2023-07-04 09:31:58,337:WARNING:/home/thom/venvs/fairlearn/lib/python3.9/site-packages/pycaret/internal/pipeline.py:310: UserWarning: Persisting input arguments took 0.69s to run.
If this happens often in your code, it can cause performance problems 
(results will be correct in all cases). 
The reason for this is probably some large input arguments for a wrapped
 function (e.g. large strings).
THIS IS A JOBLIB ISSUE. If you can, kindly provide the joblib's team with an
 example so that they can fix the problem.
  X, _ = self._memory_full_transform(self, X, None, with_final=False)

2023-07-04 09:31:58,467:WARNING:/home/thom/venvs/fairlearn/lib/python3.9/site-packages/pycaret/internal/pipeline.py:310: UserWarning: Persisting input arguments took 0.73s to run.
If this happens often in your code, it can cause performance problems 
(results will be correct in all cases). 
The reason for this is probably some large input arguments for a wrapped
 function (e.g. large strings).
THIS IS A JOBLIB ISSUE. If you can, kindly provide the joblib's team with an
 example so that they can fix the problem.
  X, _ = self._memory_full_transform(self, X, None, with_final=False)

2023-07-04 09:31:58,553:WARNING:/home/thom/venvs/fairlearn/lib/python3.9/site-packages/pycaret/internal/pipeline.py:310: UserWarning: Persisting input arguments took 0.72s to run.
If this happens often in your code, it can cause performance problems 
(results will be correct in all cases). 
The reason for this is probably some large input arguments for a wrapped
 function (e.g. large strings).
THIS IS A JOBLIB ISSUE. If you can, kindly provide the joblib's team with an
 example so that they can fix the problem.
  X, _ = self._memory_full_transform(self, X, None, with_final=False)

2023-07-04 09:31:58,563:WARNING:/home/thom/venvs/fairlearn/lib/python3.9/site-packages/pycaret/internal/pipeline.py:310: UserWarning: Persisting input arguments took 0.74s to run.
If this happens often in your code, it can cause performance problems 
(results will be correct in all cases). 
The reason for this is probably some large input arguments for a wrapped
 function (e.g. large strings).
THIS IS A JOBLIB ISSUE. If you can, kindly provide the joblib's team with an
 example so that they can fix the problem.
  X, _ = self._memory_full_transform(self, X, None, with_final=False)

2023-07-04 09:32:01,008:WARNING:/home/thom/venvs/fairlearn/lib/python3.9/site-packages/pycaret/internal/pipeline.py:310: UserWarning: Persisting input arguments took 0.70s to run.
If this happens often in your code, it can cause performance problems 
(results will be correct in all cases). 
The reason for this is probably some large input arguments for a wrapped
 function (e.g. large strings).
THIS IS A JOBLIB ISSUE. If you can, kindly provide the joblib's team with an
 example so that they can fix the problem.
  X, _ = self._memory_full_transform(self, X, None, with_final=False)

2023-07-04 09:32:01,092:WARNING:/home/thom/venvs/fairlearn/lib/python3.9/site-packages/pycaret/internal/pipeline.py:310: UserWarning: Persisting input arguments took 0.71s to run.
If this happens often in your code, it can cause performance problems 
(results will be correct in all cases). 
The reason for this is probably some large input arguments for a wrapped
 function (e.g. large strings).
THIS IS A JOBLIB ISSUE. If you can, kindly provide the joblib's team with an
 example so that they can fix the problem.
  X, _ = self._memory_full_transform(self, X, None, with_final=False)

2023-07-04 09:32:01,237:WARNING:/home/thom/venvs/fairlearn/lib/python3.9/site-packages/pycaret/internal/pipeline.py:310: UserWarning: Persisting input arguments took 0.67s to run.
If this happens often in your code, it can cause performance problems 
(results will be correct in all cases). 
The reason for this is probably some large input arguments for a wrapped
 function (e.g. large strings).
THIS IS A JOBLIB ISSUE. If you can, kindly provide the joblib's team with an
 example so that they can fix the problem.
  X, _ = self._memory_full_transform(self, X, None, with_final=False)

2023-07-04 09:32:01,425:WARNING:/home/thom/venvs/fairlearn/lib/python3.9/site-packages/pycaret/internal/pipeline.py:310: UserWarning: Persisting input arguments took 0.76s to run.
If this happens often in your code, it can cause performance problems 
(results will be correct in all cases). 
The reason for this is probably some large input arguments for a wrapped
 function (e.g. large strings).
THIS IS A JOBLIB ISSUE. If you can, kindly provide the joblib's team with an
 example so that they can fix the problem.
  X, _ = self._memory_full_transform(self, X, None, with_final=False)

2023-07-04 09:32:04,432:WARNING:/home/thom/venvs/fairlearn/lib/python3.9/site-packages/pycaret/internal/pipeline.py:310: UserWarning: Persisting input arguments took 1.36s to run.
If this happens often in your code, it can cause performance problems 
(results will be correct in all cases). 
The reason for this is probably some large input arguments for a wrapped
 function (e.g. large strings).
THIS IS A JOBLIB ISSUE. If you can, kindly provide the joblib's team with an
 example so that they can fix the problem.
  X, _ = self._memory_full_transform(self, X, None, with_final=False)

2023-07-04 09:32:04,522:WARNING:/home/thom/venvs/fairlearn/lib/python3.9/site-packages/pycaret/internal/pipeline.py:310: UserWarning: Persisting input arguments took 1.41s to run.
If this happens often in your code, it can cause performance problems 
(results will be correct in all cases). 
The reason for this is probably some large input arguments for a wrapped
 function (e.g. large strings).
THIS IS A JOBLIB ISSUE. If you can, kindly provide the joblib's team with an
 example so that they can fix the problem.
  X, _ = self._memory_full_transform(self, X, None, with_final=False)

2023-07-04 09:32:04,621:WARNING:/home/thom/venvs/fairlearn/lib/python3.9/site-packages/pycaret/internal/pipeline.py:310: UserWarning: Persisting input arguments took 1.45s to run.
If this happens often in your code, it can cause performance problems 
(results will be correct in all cases). 
The reason for this is probably some large input arguments for a wrapped
 function (e.g. large strings).
THIS IS A JOBLIB ISSUE. If you can, kindly provide the joblib's team with an
 example so that they can fix the problem.
  X, _ = self._memory_full_transform(self, X, None, with_final=False)

2023-07-04 09:32:04,801:WARNING:/home/thom/venvs/fairlearn/lib/python3.9/site-packages/pycaret/internal/pipeline.py:310: UserWarning: Persisting input arguments took 0.89s to run.
If this happens often in your code, it can cause performance problems 
(results will be correct in all cases). 
The reason for this is probably some large input arguments for a wrapped
 function (e.g. large strings).
THIS IS A JOBLIB ISSUE. If you can, kindly provide the joblib's team with an
 example so that they can fix the problem.
  X, _ = self._memory_full_transform(self, X, None, with_final=False)

2023-07-04 09:32:06,946:WARNING:/home/thom/venvs/fairlearn/lib/python3.9/site-packages/pycaret/internal/pipeline.py:310: UserWarning: Persisting input arguments took 0.69s to run.
If this happens often in your code, it can cause performance problems 
(results will be correct in all cases). 
The reason for this is probably some large input arguments for a wrapped
 function (e.g. large strings).
THIS IS A JOBLIB ISSUE. If you can, kindly provide the joblib's team with an
 example so that they can fix the problem.
  X, _ = self._memory_full_transform(self, X, None, with_final=False)

2023-07-04 09:32:07,256:WARNING:/home/thom/venvs/fairlearn/lib/python3.9/site-packages/pycaret/internal/pipeline.py:310: UserWarning: Persisting input arguments took 0.67s to run.
If this happens often in your code, it can cause performance problems 
(results will be correct in all cases). 
The reason for this is probably some large input arguments for a wrapped
 function (e.g. large strings).
THIS IS A JOBLIB ISSUE. If you can, kindly provide the joblib's team with an
 example so that they can fix the problem.
  X, _ = self._memory_full_transform(self, X, None, with_final=False)

2023-07-04 09:32:07,344:WARNING:/home/thom/venvs/fairlearn/lib/python3.9/site-packages/pycaret/internal/pipeline.py:310: UserWarning: Persisting input arguments took 0.83s to run.
If this happens often in your code, it can cause performance problems 
(results will be correct in all cases). 
The reason for this is probably some large input arguments for a wrapped
 function (e.g. large strings).
THIS IS A JOBLIB ISSUE. If you can, kindly provide the joblib's team with an
 example so that they can fix the problem.
  X, _ = self._memory_full_transform(self, X, None, with_final=False)

2023-07-04 09:32:07,687:WARNING:/home/thom/venvs/fairlearn/lib/python3.9/site-packages/pycaret/internal/pipeline.py:310: UserWarning: Persisting input arguments took 0.84s to run.
If this happens often in your code, it can cause performance problems 
(results will be correct in all cases). 
The reason for this is probably some large input arguments for a wrapped
 function (e.g. large strings).
THIS IS A JOBLIB ISSUE. If you can, kindly provide the joblib's team with an
 example so that they can fix the problem.
  X, _ = self._memory_full_transform(self, X, None, with_final=False)

2023-07-04 09:32:09,597:WARNING:/home/thom/venvs/fairlearn/lib/python3.9/site-packages/pycaret/internal/pipeline.py:310: UserWarning: Persisting input arguments took 0.69s to run.
If this happens often in your code, it can cause performance problems 
(results will be correct in all cases). 
The reason for this is probably some large input arguments for a wrapped
 function (e.g. large strings).
THIS IS A JOBLIB ISSUE. If you can, kindly provide the joblib's team with an
 example so that they can fix the problem.
  X, _ = self._memory_full_transform(self, X, None, with_final=False)

2023-07-04 09:32:09,960:WARNING:/home/thom/venvs/fairlearn/lib/python3.9/site-packages/pycaret/internal/pipeline.py:310: UserWarning: Persisting input arguments took 0.66s to run.
If this happens often in your code, it can cause performance problems 
(results will be correct in all cases). 
The reason for this is probably some large input arguments for a wrapped
 function (e.g. large strings).
THIS IS A JOBLIB ISSUE. If you can, kindly provide the joblib's team with an
 example so that they can fix the problem.
  X, _ = self._memory_full_transform(self, X, None, with_final=False)

2023-07-04 09:32:10,137:WARNING:/home/thom/venvs/fairlearn/lib/python3.9/site-packages/pycaret/internal/pipeline.py:310: UserWarning: Persisting input arguments took 0.73s to run.
If this happens often in your code, it can cause performance problems 
(results will be correct in all cases). 
The reason for this is probably some large input arguments for a wrapped
 function (e.g. large strings).
THIS IS A JOBLIB ISSUE. If you can, kindly provide the joblib's team with an
 example so that they can fix the problem.
  X, _ = self._memory_full_transform(self, X, None, with_final=False)

2023-07-04 09:32:10,356:WARNING:/home/thom/venvs/fairlearn/lib/python3.9/site-packages/pycaret/internal/pipeline.py:310: UserWarning: Persisting input arguments took 0.72s to run.
If this happens often in your code, it can cause performance problems 
(results will be correct in all cases). 
The reason for this is probably some large input arguments for a wrapped
 function (e.g. large strings).
THIS IS A JOBLIB ISSUE. If you can, kindly provide the joblib's team with an
 example so that they can fix the problem.
  X, _ = self._memory_full_transform(self, X, None, with_final=False)

2023-07-04 09:32:12,906:WARNING:/home/thom/venvs/fairlearn/lib/python3.9/site-packages/pycaret/internal/pipeline.py:310: UserWarning: Persisting input arguments took 1.19s to run.
If this happens often in your code, it can cause performance problems 
(results will be correct in all cases). 
The reason for this is probably some large input arguments for a wrapped
 function (e.g. large strings).
THIS IS A JOBLIB ISSUE. If you can, kindly provide the joblib's team with an
 example so that they can fix the problem.
  X, _ = self._memory_full_transform(self, X, None, with_final=False)

2023-07-04 09:32:13,608:WARNING:/home/thom/venvs/fairlearn/lib/python3.9/site-packages/pycaret/internal/pipeline.py:310: UserWarning: Persisting input arguments took 1.49s to run.
If this happens often in your code, it can cause performance problems 
(results will be correct in all cases). 
The reason for this is probably some large input arguments for a wrapped
 function (e.g. large strings).
THIS IS A JOBLIB ISSUE. If you can, kindly provide the joblib's team with an
 example so that they can fix the problem.
  X, _ = self._memory_full_transform(self, X, None, with_final=False)

2023-07-04 09:32:13,922:WARNING:/home/thom/venvs/fairlearn/lib/python3.9/site-packages/pycaret/internal/pipeline.py:310: UserWarning: Persisting input arguments took 1.75s to run.
If this happens often in your code, it can cause performance problems 
(results will be correct in all cases). 
The reason for this is probably some large input arguments for a wrapped
 function (e.g. large strings).
THIS IS A JOBLIB ISSUE. If you can, kindly provide the joblib's team with an
 example so that they can fix the problem.
  X, _ = self._memory_full_transform(self, X, None, with_final=False)

2023-07-04 09:32:14,039:WARNING:/home/thom/venvs/fairlearn/lib/python3.9/site-packages/pycaret/internal/pipeline.py:310: UserWarning: Persisting input arguments took 1.20s to run.
If this happens often in your code, it can cause performance problems 
(results will be correct in all cases). 
The reason for this is probably some large input arguments for a wrapped
 function (e.g. large strings).
THIS IS A JOBLIB ISSUE. If you can, kindly provide the joblib's team with an
 example so that they can fix the problem.
  X, _ = self._memory_full_transform(self, X, None, with_final=False)

2023-07-04 09:32:15,837:WARNING:/home/thom/venvs/fairlearn/lib/python3.9/site-packages/pycaret/internal/pipeline.py:310: UserWarning: Persisting input arguments took 0.64s to run.
If this happens often in your code, it can cause performance problems 
(results will be correct in all cases). 
The reason for this is probably some large input arguments for a wrapped
 function (e.g. large strings).
THIS IS A JOBLIB ISSUE. If you can, kindly provide the joblib's team with an
 example so that they can fix the problem.
  X, _ = self._memory_full_transform(self, X, None, with_final=False)

2023-07-04 09:32:16,486:WARNING:/home/thom/venvs/fairlearn/lib/python3.9/site-packages/pycaret/internal/pipeline.py:310: UserWarning: Persisting input arguments took 0.65s to run.
If this happens often in your code, it can cause performance problems 
(results will be correct in all cases). 
The reason for this is probably some large input arguments for a wrapped
 function (e.g. large strings).
THIS IS A JOBLIB ISSUE. If you can, kindly provide the joblib's team with an
 example so that they can fix the problem.
  X, _ = self._memory_full_transform(self, X, None, with_final=False)

2023-07-04 09:32:16,673:WARNING:/home/thom/venvs/fairlearn/lib/python3.9/site-packages/pycaret/internal/pipeline.py:310: UserWarning: Persisting input arguments took 0.68s to run.
If this happens often in your code, it can cause performance problems 
(results will be correct in all cases). 
The reason for this is probably some large input arguments for a wrapped
 function (e.g. large strings).
THIS IS A JOBLIB ISSUE. If you can, kindly provide the joblib's team with an
 example so that they can fix the problem.
  X, _ = self._memory_full_transform(self, X, None, with_final=False)

2023-07-04 09:32:16,943:WARNING:/home/thom/venvs/fairlearn/lib/python3.9/site-packages/pycaret/internal/pipeline.py:310: UserWarning: Persisting input arguments took 0.71s to run.
If this happens often in your code, it can cause performance problems 
(results will be correct in all cases). 
The reason for this is probably some large input arguments for a wrapped
 function (e.g. large strings).
THIS IS A JOBLIB ISSUE. If you can, kindly provide the joblib's team with an
 example so that they can fix the problem.
  X, _ = self._memory_full_transform(self, X, None, with_final=False)

2023-07-04 09:32:18,727:WARNING:/home/thom/venvs/fairlearn/lib/python3.9/site-packages/pycaret/internal/pipeline.py:310: UserWarning: Persisting input arguments took 0.80s to run.
If this happens often in your code, it can cause performance problems 
(results will be correct in all cases). 
The reason for this is probably some large input arguments for a wrapped
 function (e.g. large strings).
THIS IS A JOBLIB ISSUE. If you can, kindly provide the joblib's team with an
 example so that they can fix the problem.
  X, _ = self._memory_full_transform(self, X, None, with_final=False)

2023-07-04 09:32:19,212:WARNING:/home/thom/venvs/fairlearn/lib/python3.9/site-packages/pycaret/internal/pipeline.py:310: UserWarning: Persisting input arguments took 0.72s to run.
If this happens often in your code, it can cause performance problems 
(results will be correct in all cases). 
The reason for this is probably some large input arguments for a wrapped
 function (e.g. large strings).
THIS IS A JOBLIB ISSUE. If you can, kindly provide the joblib's team with an
 example so that they can fix the problem.
  X, _ = self._memory_full_transform(self, X, None, with_final=False)

2023-07-04 09:32:19,652:WARNING:/home/thom/venvs/fairlearn/lib/python3.9/site-packages/pycaret/internal/pipeline.py:310: UserWarning: Persisting input arguments took 0.92s to run.
If this happens often in your code, it can cause performance problems 
(results will be correct in all cases). 
The reason for this is probably some large input arguments for a wrapped
 function (e.g. large strings).
THIS IS A JOBLIB ISSUE. If you can, kindly provide the joblib's team with an
 example so that they can fix the problem.
  X, _ = self._memory_full_transform(self, X, None, with_final=False)

2023-07-04 09:32:20,259:WARNING:/home/thom/venvs/fairlearn/lib/python3.9/site-packages/pycaret/internal/pipeline.py:310: UserWarning: Persisting input arguments took 0.70s to run.
If this happens often in your code, it can cause performance problems 
(results will be correct in all cases). 
The reason for this is probably some large input arguments for a wrapped
 function (e.g. large strings).
THIS IS A JOBLIB ISSUE. If you can, kindly provide the joblib's team with an
 example so that they can fix the problem.
  X, _ = self._memory_full_transform(self, X, None, with_final=False)

2023-07-04 09:32:21,566:WARNING:/home/thom/venvs/fairlearn/lib/python3.9/site-packages/pycaret/internal/pipeline.py:310: UserWarning: Persisting input arguments took 0.90s to run.
If this happens often in your code, it can cause performance problems 
(results will be correct in all cases). 
The reason for this is probably some large input arguments for a wrapped
 function (e.g. large strings).
THIS IS A JOBLIB ISSUE. If you can, kindly provide the joblib's team with an
 example so that they can fix the problem.
  X, _ = self._memory_full_transform(self, X, None, with_final=False)

2023-07-04 09:32:22,733:WARNING:/home/thom/venvs/fairlearn/lib/python3.9/site-packages/pycaret/internal/pipeline.py:310: UserWarning: Persisting input arguments took 1.03s to run.
If this happens often in your code, it can cause performance problems 
(results will be correct in all cases). 
The reason for this is probably some large input arguments for a wrapped
 function (e.g. large strings).
THIS IS A JOBLIB ISSUE. If you can, kindly provide the joblib's team with an
 example so that they can fix the problem.
  X, _ = self._memory_full_transform(self, X, None, with_final=False)

2023-07-04 09:32:23,370:WARNING:/home/thom/venvs/fairlearn/lib/python3.9/site-packages/pycaret/internal/pipeline.py:310: UserWarning: Persisting input arguments took 0.77s to run.
If this happens often in your code, it can cause performance problems 
(results will be correct in all cases). 
The reason for this is probably some large input arguments for a wrapped
 function (e.g. large strings).
THIS IS A JOBLIB ISSUE. If you can, kindly provide the joblib's team with an
 example so that they can fix the problem.
  X, _ = self._memory_full_transform(self, X, None, with_final=False)

2023-07-04 09:32:23,714:WARNING:/home/thom/venvs/fairlearn/lib/python3.9/site-packages/pycaret/internal/pipeline.py:310: UserWarning: Persisting input arguments took 0.70s to run.
If this happens often in your code, it can cause performance problems 
(results will be correct in all cases). 
The reason for this is probably some large input arguments for a wrapped
 function (e.g. large strings).
THIS IS A JOBLIB ISSUE. If you can, kindly provide the joblib's team with an
 example so that they can fix the problem.
  X, _ = self._memory_full_transform(self, X, None, with_final=False)

2023-07-04 09:32:24,635:WARNING:/home/thom/venvs/fairlearn/lib/python3.9/site-packages/pycaret/internal/pipeline.py:310: UserWarning: Persisting input arguments took 0.66s to run.
If this happens often in your code, it can cause performance problems 
(results will be correct in all cases). 
The reason for this is probably some large input arguments for a wrapped
 function (e.g. large strings).
THIS IS A JOBLIB ISSUE. If you can, kindly provide the joblib's team with an
 example so that they can fix the problem.
  X, _ = self._memory_full_transform(self, X, None, with_final=False)

2023-07-04 09:32:25,608:WARNING:/home/thom/venvs/fairlearn/lib/python3.9/site-packages/pycaret/internal/pipeline.py:310: UserWarning: Persisting input arguments took 0.85s to run.
If this happens often in your code, it can cause performance problems 
(results will be correct in all cases). 
The reason for this is probably some large input arguments for a wrapped
 function (e.g. large strings).
THIS IS A JOBLIB ISSUE. If you can, kindly provide the joblib's team with an
 example so that they can fix the problem.
  X, _ = self._memory_full_transform(self, X, None, with_final=False)

2023-07-04 09:32:25,941:WARNING:/home/thom/venvs/fairlearn/lib/python3.9/site-packages/pycaret/internal/pipeline.py:310: UserWarning: Persisting input arguments took 0.72s to run.
If this happens often in your code, it can cause performance problems 
(results will be correct in all cases). 
The reason for this is probably some large input arguments for a wrapped
 function (e.g. large strings).
THIS IS A JOBLIB ISSUE. If you can, kindly provide the joblib's team with an
 example so that they can fix the problem.
  X, _ = self._memory_full_transform(self, X, None, with_final=False)

2023-07-04 09:32:26,781:WARNING:/home/thom/venvs/fairlearn/lib/python3.9/site-packages/pycaret/internal/pipeline.py:310: UserWarning: Persisting input arguments took 0.71s to run.
If this happens often in your code, it can cause performance problems 
(results will be correct in all cases). 
The reason for this is probably some large input arguments for a wrapped
 function (e.g. large strings).
THIS IS A JOBLIB ISSUE. If you can, kindly provide the joblib's team with an
 example so that they can fix the problem.
  X, _ = self._memory_full_transform(self, X, None, with_final=False)

2023-07-04 09:32:27,473:WARNING:/home/thom/venvs/fairlearn/lib/python3.9/site-packages/pycaret/internal/pipeline.py:310: UserWarning: Persisting input arguments took 0.66s to run.
If this happens often in your code, it can cause performance problems 
(results will be correct in all cases). 
The reason for this is probably some large input arguments for a wrapped
 function (e.g. large strings).
THIS IS A JOBLIB ISSUE. If you can, kindly provide the joblib's team with an
 example so that they can fix the problem.
  X, _ = self._memory_full_transform(self, X, None, with_final=False)

2023-07-04 09:32:28,495:WARNING:/home/thom/venvs/fairlearn/lib/python3.9/site-packages/pycaret/internal/pipeline.py:310: UserWarning: Persisting input arguments took 0.72s to run.
If this happens often in your code, it can cause performance problems 
(results will be correct in all cases). 
The reason for this is probably some large input arguments for a wrapped
 function (e.g. large strings).
THIS IS A JOBLIB ISSUE. If you can, kindly provide the joblib's team with an
 example so that they can fix the problem.
  X, _ = self._memory_full_transform(self, X, None, with_final=False)

2023-07-04 09:32:28,782:WARNING:/home/thom/venvs/fairlearn/lib/python3.9/site-packages/pycaret/internal/pipeline.py:310: UserWarning: Persisting input arguments took 0.72s to run.
If this happens often in your code, it can cause performance problems 
(results will be correct in all cases). 
The reason for this is probably some large input arguments for a wrapped
 function (e.g. large strings).
THIS IS A JOBLIB ISSUE. If you can, kindly provide the joblib's team with an
 example so that they can fix the problem.
  X, _ = self._memory_full_transform(self, X, None, with_final=False)

2023-07-04 09:32:29,672:WARNING:/home/thom/venvs/fairlearn/lib/python3.9/site-packages/pycaret/internal/pipeline.py:310: UserWarning: Persisting input arguments took 0.75s to run.
If this happens often in your code, it can cause performance problems 
(results will be correct in all cases). 
The reason for this is probably some large input arguments for a wrapped
 function (e.g. large strings).
THIS IS A JOBLIB ISSUE. If you can, kindly provide the joblib's team with an
 example so that they can fix the problem.
  X, _ = self._memory_full_transform(self, X, None, with_final=False)

2023-07-04 09:32:30,113:WARNING:/home/thom/venvs/fairlearn/lib/python3.9/site-packages/pycaret/internal/pipeline.py:310: UserWarning: Persisting input arguments took 0.68s to run.
If this happens often in your code, it can cause performance problems 
(results will be correct in all cases). 
The reason for this is probably some large input arguments for a wrapped
 function (e.g. large strings).
THIS IS A JOBLIB ISSUE. If you can, kindly provide the joblib's team with an
 example so that they can fix the problem.
  X, _ = self._memory_full_transform(self, X, None, with_final=False)

2023-07-04 09:32:32,353:WARNING:/home/thom/venvs/fairlearn/lib/python3.9/site-packages/pycaret/internal/pipeline.py:310: UserWarning: Persisting input arguments took 0.68s to run.
If this happens often in your code, it can cause performance problems 
(results will be correct in all cases). 
The reason for this is probably some large input arguments for a wrapped
 function (e.g. large strings).
THIS IS A JOBLIB ISSUE. If you can, kindly provide the joblib's team with an
 example so that they can fix the problem.
  X, _ = self._memory_full_transform(self, X, None, with_final=False)

2023-07-04 09:32:32,452:WARNING:/home/thom/venvs/fairlearn/lib/python3.9/site-packages/pycaret/internal/pipeline.py:310: UserWarning: Persisting input arguments took 0.68s to run.
If this happens often in your code, it can cause performance problems 
(results will be correct in all cases). 
The reason for this is probably some large input arguments for a wrapped
 function (e.g. large strings).
THIS IS A JOBLIB ISSUE. If you can, kindly provide the joblib's team with an
 example so that they can fix the problem.
  X, _ = self._memory_full_transform(self, X, None, with_final=False)

2023-07-04 09:32:33,334:WARNING:/home/thom/venvs/fairlearn/lib/python3.9/site-packages/pycaret/internal/pipeline.py:310: UserWarning: Persisting input arguments took 0.62s to run.
If this happens often in your code, it can cause performance problems 
(results will be correct in all cases). 
The reason for this is probably some large input arguments for a wrapped
 function (e.g. large strings).
THIS IS A JOBLIB ISSUE. If you can, kindly provide the joblib's team with an
 example so that they can fix the problem.
  X, _ = self._memory_full_transform(self, X, None, with_final=False)

2023-07-04 09:32:34,175:INFO:best_params: {'actual_estimator__weights': 'uniform', 'actual_estimator__n_neighbors': 14, 'actual_estimator__metric': 'manhattan'}
2023-07-04 09:32:34,176:INFO:Hyperparameter search completed
2023-07-04 09:32:34,176:INFO:SubProcess create_model() called ==================================
2023-07-04 09:32:34,176:INFO:Initializing create_model()
2023-07-04 09:32:34,177:INFO:create_model(self=<pycaret.regression.oop.RegressionExperiment object at 0x7f854a8330d0>, estimator=KNeighborsRegressor(n_jobs=-1), fold=KFold(n_splits=10, random_state=None, shuffle=False), round=4, cross_validation=True, predict=True, fit_kwargs={}, groups=None, refit=True, probability_threshold=None, experiment_custom_tags=None, verbose=True, system=False, add_to_model_list=True, metrics=None, display=<pycaret.internal.display.display.CommonDisplay object at 0x7f85502b1490>, model_only=True, return_train_score=False, kwargs={'weights': 'uniform', 'n_neighbors': 14, 'metric': 'manhattan'})
2023-07-04 09:32:34,177:INFO:Checking exceptions
2023-07-04 09:32:34,177:INFO:Importing libraries
2023-07-04 09:32:34,177:INFO:Copying training dataset
2023-07-04 09:32:34,182:INFO:Defining folds
2023-07-04 09:32:34,182:INFO:Declaring metric variables
2023-07-04 09:32:34,190:INFO:Importing untrained model
2023-07-04 09:32:34,191:INFO:Declaring custom model
2023-07-04 09:32:34,199:INFO:K Neighbors Regressor Imported successfully
2023-07-04 09:32:34,214:INFO:Starting cross validation
2023-07-04 09:32:34,495:INFO:Cross validating with KFold(n_splits=10, random_state=None, shuffle=False), n_jobs=-1
2023-07-04 09:32:37,041:WARNING:/home/thom/venvs/fairlearn/lib/python3.9/site-packages/pycaret/internal/pipeline.py:310: UserWarning: Persisting input arguments took 0.62s to run.
If this happens often in your code, it can cause performance problems 
(results will be correct in all cases). 
The reason for this is probably some large input arguments for a wrapped
 function (e.g. large strings).
THIS IS A JOBLIB ISSUE. If you can, kindly provide the joblib's team with an
 example so that they can fix the problem.
  X, _ = self._memory_full_transform(self, X, None, with_final=False)

2023-07-04 09:32:37,075:WARNING:/home/thom/venvs/fairlearn/lib/python3.9/site-packages/pycaret/internal/pipeline.py:310: UserWarning: Persisting input arguments took 0.62s to run.
If this happens often in your code, it can cause performance problems 
(results will be correct in all cases). 
The reason for this is probably some large input arguments for a wrapped
 function (e.g. large strings).
THIS IS A JOBLIB ISSUE. If you can, kindly provide the joblib's team with an
 example so that they can fix the problem.
  X, _ = self._memory_full_transform(self, X, None, with_final=False)

2023-07-04 09:32:37,075:WARNING:/home/thom/venvs/fairlearn/lib/python3.9/site-packages/pycaret/internal/pipeline.py:310: UserWarning: Persisting input arguments took 0.63s to run.
If this happens often in your code, it can cause performance problems 
(results will be correct in all cases). 
The reason for this is probably some large input arguments for a wrapped
 function (e.g. large strings).
THIS IS A JOBLIB ISSUE. If you can, kindly provide the joblib's team with an
 example so that they can fix the problem.
  X, _ = self._memory_full_transform(self, X, None, with_final=False)

2023-07-04 09:32:37,142:WARNING:/home/thom/venvs/fairlearn/lib/python3.9/site-packages/pycaret/internal/pipeline.py:310: UserWarning: Persisting input arguments took 0.64s to run.
If this happens often in your code, it can cause performance problems 
(results will be correct in all cases). 
The reason for this is probably some large input arguments for a wrapped
 function (e.g. large strings).
THIS IS A JOBLIB ISSUE. If you can, kindly provide the joblib's team with an
 example so that they can fix the problem.
  X, _ = self._memory_full_transform(self, X, None, with_final=False)

2023-07-04 09:32:40,342:WARNING:/home/thom/venvs/fairlearn/lib/python3.9/site-packages/pycaret/internal/pipeline.py:310: UserWarning: Persisting input arguments took 1.35s to run.
If this happens often in your code, it can cause performance problems 
(results will be correct in all cases). 
The reason for this is probably some large input arguments for a wrapped
 function (e.g. large strings).
THIS IS A JOBLIB ISSUE. If you can, kindly provide the joblib's team with an
 example so that they can fix the problem.
  X, _ = self._memory_full_transform(self, X, None, with_final=False)

2023-07-04 09:32:40,428:WARNING:/home/thom/venvs/fairlearn/lib/python3.9/site-packages/pycaret/internal/pipeline.py:310: UserWarning: Persisting input arguments took 1.33s to run.
If this happens often in your code, it can cause performance problems 
(results will be correct in all cases). 
The reason for this is probably some large input arguments for a wrapped
 function (e.g. large strings).
THIS IS A JOBLIB ISSUE. If you can, kindly provide the joblib's team with an
 example so that they can fix the problem.
  X, _ = self._memory_full_transform(self, X, None, with_final=False)

2023-07-04 09:32:40,488:WARNING:/home/thom/venvs/fairlearn/lib/python3.9/site-packages/pycaret/internal/pipeline.py:310: UserWarning: Persisting input arguments took 1.40s to run.
If this happens often in your code, it can cause performance problems 
(results will be correct in all cases). 
The reason for this is probably some large input arguments for a wrapped
 function (e.g. large strings).
THIS IS A JOBLIB ISSUE. If you can, kindly provide the joblib's team with an
 example so that they can fix the problem.
  X, _ = self._memory_full_transform(self, X, None, with_final=False)

2023-07-04 09:32:40,495:WARNING:/home/thom/venvs/fairlearn/lib/python3.9/site-packages/pycaret/internal/pipeline.py:310: UserWarning: Persisting input arguments took 1.37s to run.
If this happens often in your code, it can cause performance problems 
(results will be correct in all cases). 
The reason for this is probably some large input arguments for a wrapped
 function (e.g. large strings).
THIS IS A JOBLIB ISSUE. If you can, kindly provide the joblib's team with an
 example so that they can fix the problem.
  X, _ = self._memory_full_transform(self, X, None, with_final=False)

2023-07-04 09:32:41,796:INFO:Calculating mean and std
2023-07-04 09:32:41,797:INFO:Creating metrics dataframe
2023-07-04 09:32:41,810:INFO:Finalizing model
2023-07-04 09:32:42,232:INFO:Uploading results into container
2023-07-04 09:32:42,233:INFO:Uploading model into container now
2023-07-04 09:32:42,234:INFO:_master_model_container: 26
2023-07-04 09:32:42,234:INFO:_display_container: 8
2023-07-04 09:32:42,234:INFO:KNeighborsRegressor(metric='manhattan', n_jobs=-1, n_neighbors=14)
2023-07-04 09:32:42,234:INFO:create_model() successfully completed......................................
2023-07-04 09:32:42,367:INFO:SubProcess create_model() end ==================================
2023-07-04 09:32:42,367:INFO:choose_better activated
2023-07-04 09:32:42,372:INFO:SubProcess create_model() called ==================================
2023-07-04 09:32:42,372:INFO:Initializing create_model()
2023-07-04 09:32:42,372:INFO:create_model(self=<pycaret.regression.oop.RegressionExperiment object at 0x7f854a8330d0>, estimator=KNeighborsRegressor(n_jobs=-1), fold=KFold(n_splits=10, random_state=None, shuffle=False), round=4, cross_validation=True, predict=True, fit_kwargs={}, groups=None, refit=True, probability_threshold=None, experiment_custom_tags=None, verbose=False, system=False, add_to_model_list=True, metrics=None, display=None, model_only=True, return_train_score=False, kwargs={})
2023-07-04 09:32:42,372:INFO:Checking exceptions
2023-07-04 09:32:42,374:INFO:Importing libraries
2023-07-04 09:32:42,374:INFO:Copying training dataset
2023-07-04 09:32:42,379:INFO:Defining folds
2023-07-04 09:32:42,379:INFO:Declaring metric variables
2023-07-04 09:32:42,379:INFO:Importing untrained model
2023-07-04 09:32:42,379:INFO:Declaring custom model
2023-07-04 09:32:42,380:INFO:K Neighbors Regressor Imported successfully
2023-07-04 09:32:42,380:INFO:Starting cross validation
2023-07-04 09:32:42,580:INFO:Cross validating with KFold(n_splits=10, random_state=None, shuffle=False), n_jobs=-1
2023-07-04 09:32:46,056:INFO:Calculating mean and std
2023-07-04 09:32:46,057:INFO:Creating metrics dataframe
2023-07-04 09:32:46,061:INFO:Finalizing model
2023-07-04 09:32:46,464:INFO:Uploading results into container
2023-07-04 09:32:46,465:INFO:Uploading model into container now
2023-07-04 09:32:46,466:INFO:_master_model_container: 27
2023-07-04 09:32:46,466:INFO:_display_container: 9
2023-07-04 09:32:46,466:INFO:KNeighborsRegressor(n_jobs=-1)
2023-07-04 09:32:46,466:INFO:create_model() successfully completed......................................
2023-07-04 09:32:46,592:INFO:SubProcess create_model() end ==================================
2023-07-04 09:32:46,592:INFO:KNeighborsRegressor(n_jobs=-1) result for RMSE is 1.5882
2023-07-04 09:32:46,593:INFO:KNeighborsRegressor(metric='manhattan', n_jobs=-1, n_neighbors=14) result for RMSE is 1.5031
2023-07-04 09:32:46,593:INFO:KNeighborsRegressor(metric='manhattan', n_jobs=-1, n_neighbors=14) is best model
2023-07-04 09:32:46,593:INFO:choose_better completed
2023-07-04 09:32:46,606:INFO:_master_model_container: 27
2023-07-04 09:32:46,606:INFO:_display_container: 8
2023-07-04 09:32:46,607:INFO:KNeighborsRegressor(metric='manhattan', n_jobs=-1, n_neighbors=14)
2023-07-04 09:32:46,607:INFO:tune_model() successfully completed......................................
2023-07-04 09:32:46,789:INFO:Initializing evaluate_model()
2023-07-04 09:32:46,789:INFO:evaluate_model(self=<pycaret.regression.oop.RegressionExperiment object at 0x7f854a8330d0>, estimator=KNeighborsRegressor(metric='manhattan', n_jobs=-1, n_neighbors=14), fold=None, fit_kwargs=None, plot_kwargs=None, feature_name=None, groups=None)
2023-07-04 09:32:46,801:INFO:Initializing plot_model()
2023-07-04 09:32:46,801:INFO:plot_model(plot=pipeline, fold=KFold(n_splits=10, random_state=None, shuffle=False), verbose=False, display=None, display_format=None, estimator=KNeighborsRegressor(metric='manhattan', n_jobs=-1, n_neighbors=14), feature_name=None, fit_kwargs={}, groups=None, label=False, plot_kwargs=None, save=False, scale=1, self=<pycaret.regression.oop.RegressionExperiment object at 0x7f854a8330d0>, system=True)
2023-07-04 09:32:46,802:INFO:Checking exceptions
2023-07-04 09:32:46,806:INFO:Preloading libraries
2023-07-04 09:32:46,807:INFO:Copying training dataset
2023-07-04 09:32:46,807:INFO:Plot type: pipeline
2023-07-04 09:32:46,949:INFO:Visual Rendered Successfully
2023-07-04 09:32:47,107:INFO:plot_model() successfully completed......................................
2023-07-04 09:32:47,119:INFO:Initializing create_model()
2023-07-04 09:32:47,120:INFO:create_model(self=<pycaret.regression.oop.RegressionExperiment object at 0x7f854a8330d0>, estimator=lightgbm, fold=None, round=4, cross_validation=True, predict=True, fit_kwargs=None, groups=None, refit=True, probability_threshold=None, experiment_custom_tags=None, verbose=True, system=True, add_to_model_list=True, metrics=None, display=None, model_only=True, return_train_score=False, kwargs={})
2023-07-04 09:32:47,120:INFO:Checking exceptions
2023-07-04 09:32:47,150:INFO:Importing libraries
2023-07-04 09:32:47,150:INFO:Copying training dataset
2023-07-04 09:32:47,159:INFO:Defining folds
2023-07-04 09:32:47,159:INFO:Declaring metric variables
2023-07-04 09:32:47,167:INFO:Importing untrained model
2023-07-04 09:32:47,175:INFO:Light Gradient Boosting Machine Imported successfully
2023-07-04 09:32:47,192:INFO:Starting cross validation
2023-07-04 09:32:47,491:INFO:Cross validating with KFold(n_splits=10, random_state=None, shuffle=False), n_jobs=-1
2023-07-04 09:32:50,870:WARNING:/home/thom/venvs/fairlearn/lib/python3.9/site-packages/pycaret/internal/pipeline.py:310: UserWarning: Persisting input arguments took 0.65s to run.
If this happens often in your code, it can cause performance problems 
(results will be correct in all cases). 
The reason for this is probably some large input arguments for a wrapped
 function (e.g. large strings).
THIS IS A JOBLIB ISSUE. If you can, kindly provide the joblib's team with an
 example so that they can fix the problem.
  X, _ = self._memory_full_transform(self, X, None, with_final=False)

2023-07-04 09:32:50,901:WARNING:/home/thom/venvs/fairlearn/lib/python3.9/site-packages/pycaret/internal/pipeline.py:310: UserWarning: Persisting input arguments took 0.63s to run.
If this happens often in your code, it can cause performance problems 
(results will be correct in all cases). 
The reason for this is probably some large input arguments for a wrapped
 function (e.g. large strings).
THIS IS A JOBLIB ISSUE. If you can, kindly provide the joblib's team with an
 example so that they can fix the problem.
  X, _ = self._memory_full_transform(self, X, None, with_final=False)

2023-07-04 09:32:50,901:WARNING:/home/thom/venvs/fairlearn/lib/python3.9/site-packages/pycaret/internal/pipeline.py:310: UserWarning: Persisting input arguments took 0.62s to run.
If this happens often in your code, it can cause performance problems 
(results will be correct in all cases). 
The reason for this is probably some large input arguments for a wrapped
 function (e.g. large strings).
THIS IS A JOBLIB ISSUE. If you can, kindly provide the joblib's team with an
 example so that they can fix the problem.
  X, _ = self._memory_full_transform(self, X, None, with_final=False)

2023-07-04 09:32:50,914:WARNING:/home/thom/venvs/fairlearn/lib/python3.9/site-packages/pycaret/internal/pipeline.py:310: UserWarning: Persisting input arguments took 0.63s to run.
If this happens often in your code, it can cause performance problems 
(results will be correct in all cases). 
The reason for this is probably some large input arguments for a wrapped
 function (e.g. large strings).
THIS IS A JOBLIB ISSUE. If you can, kindly provide the joblib's team with an
 example so that they can fix the problem.
  X, _ = self._memory_full_transform(self, X, None, with_final=False)

2023-07-04 09:32:53,555:WARNING:/home/thom/venvs/fairlearn/lib/python3.9/site-packages/pycaret/internal/pipeline.py:310: UserWarning: Persisting input arguments took 0.63s to run.
If this happens often in your code, it can cause performance problems 
(results will be correct in all cases). 
The reason for this is probably some large input arguments for a wrapped
 function (e.g. large strings).
THIS IS A JOBLIB ISSUE. If you can, kindly provide the joblib's team with an
 example so that they can fix the problem.
  X, _ = self._memory_full_transform(self, X, None, with_final=False)

2023-07-04 09:32:53,584:WARNING:/home/thom/venvs/fairlearn/lib/python3.9/site-packages/pycaret/internal/pipeline.py:310: UserWarning: Persisting input arguments took 0.63s to run.
If this happens often in your code, it can cause performance problems 
(results will be correct in all cases). 
The reason for this is probably some large input arguments for a wrapped
 function (e.g. large strings).
THIS IS A JOBLIB ISSUE. If you can, kindly provide the joblib's team with an
 example so that they can fix the problem.
  X, _ = self._memory_full_transform(self, X, None, with_final=False)

2023-07-04 09:32:53,679:WARNING:/home/thom/venvs/fairlearn/lib/python3.9/site-packages/pycaret/internal/pipeline.py:310: UserWarning: Persisting input arguments took 0.66s to run.
If this happens often in your code, it can cause performance problems 
(results will be correct in all cases). 
The reason for this is probably some large input arguments for a wrapped
 function (e.g. large strings).
THIS IS A JOBLIB ISSUE. If you can, kindly provide the joblib's team with an
 example so that they can fix the problem.
  X, _ = self._memory_full_transform(self, X, None, with_final=False)

2023-07-04 09:32:53,715:WARNING:/home/thom/venvs/fairlearn/lib/python3.9/site-packages/pycaret/internal/pipeline.py:310: UserWarning: Persisting input arguments took 0.68s to run.
If this happens often in your code, it can cause performance problems 
(results will be correct in all cases). 
The reason for this is probably some large input arguments for a wrapped
 function (e.g. large strings).
THIS IS A JOBLIB ISSUE. If you can, kindly provide the joblib's team with an
 example so that they can fix the problem.
  X, _ = self._memory_full_transform(self, X, None, with_final=False)

2023-07-04 09:32:55,107:INFO:Calculating mean and std
2023-07-04 09:32:55,109:INFO:Creating metrics dataframe
2023-07-04 09:32:55,118:INFO:Finalizing model
2023-07-04 09:32:55,612:INFO:Uploading results into container
2023-07-04 09:32:55,613:INFO:Uploading model into container now
2023-07-04 09:32:55,629:INFO:_master_model_container: 28
2023-07-04 09:32:55,630:INFO:_display_container: 9
2023-07-04 09:32:55,630:INFO:LGBMRegressor(random_state=2584)
2023-07-04 09:32:55,630:INFO:create_model() successfully completed......................................
2023-07-04 09:32:55,789:INFO:Initializing tune_model()
2023-07-04 09:32:55,789:INFO:tune_model(estimator=LGBMRegressor(random_state=2584), fold=None, round=4, n_iter=5, custom_grid=None, optimize=MAE, custom_scorer=None, search_library=scikit-learn, search_algorithm=None, early_stopping=False, early_stopping_max_iters=10, choose_better=True, fit_kwargs=None, groups=None, return_tuner=False, verbose=True, tuner_verbose=True, return_train_score=False, kwargs={}, self=<pycaret.regression.oop.RegressionExperiment object at 0x7f854a8330d0>)
2023-07-04 09:32:55,789:INFO:Checking exceptions
2023-07-04 09:32:55,815:INFO:Copying training dataset
2023-07-04 09:32:55,820:INFO:Checking base model
2023-07-04 09:32:55,820:INFO:Base model : Light Gradient Boosting Machine
2023-07-04 09:32:55,827:INFO:Declaring metric variables
2023-07-04 09:32:55,832:INFO:Defining Hyperparameters
2023-07-04 09:32:56,228:INFO:Tuning with n_jobs=-1
2023-07-04 09:32:56,228:INFO:Initializing RandomizedSearchCV
2023-07-04 09:32:59,517:WARNING:/home/thom/venvs/fairlearn/lib/python3.9/site-packages/pycaret/internal/pipeline.py:310: UserWarning: Persisting input arguments took 0.64s to run.
If this happens often in your code, it can cause performance problems 
(results will be correct in all cases). 
The reason for this is probably some large input arguments for a wrapped
 function (e.g. large strings).
THIS IS A JOBLIB ISSUE. If you can, kindly provide the joblib's team with an
 example so that they can fix the problem.
  X, _ = self._memory_full_transform(self, X, None, with_final=False)

2023-07-04 09:32:59,540:WARNING:/home/thom/venvs/fairlearn/lib/python3.9/site-packages/pycaret/internal/pipeline.py:310: UserWarning: Persisting input arguments took 0.66s to run.
If this happens often in your code, it can cause performance problems 
(results will be correct in all cases). 
The reason for this is probably some large input arguments for a wrapped
 function (e.g. large strings).
THIS IS A JOBLIB ISSUE. If you can, kindly provide the joblib's team with an
 example so that they can fix the problem.
  X, _ = self._memory_full_transform(self, X, None, with_final=False)

2023-07-04 09:32:59,599:WARNING:/home/thom/venvs/fairlearn/lib/python3.9/site-packages/pycaret/internal/pipeline.py:310: UserWarning: Persisting input arguments took 0.65s to run.
If this happens often in your code, it can cause performance problems 
(results will be correct in all cases). 
The reason for this is probably some large input arguments for a wrapped
 function (e.g. large strings).
THIS IS A JOBLIB ISSUE. If you can, kindly provide the joblib's team with an
 example so that they can fix the problem.
  X, _ = self._memory_full_transform(self, X, None, with_final=False)

2023-07-04 09:32:59,692:WARNING:/home/thom/venvs/fairlearn/lib/python3.9/site-packages/pycaret/internal/pipeline.py:310: UserWarning: Persisting input arguments took 0.67s to run.
If this happens often in your code, it can cause performance problems 
(results will be correct in all cases). 
The reason for this is probably some large input arguments for a wrapped
 function (e.g. large strings).
THIS IS A JOBLIB ISSUE. If you can, kindly provide the joblib's team with an
 example so that they can fix the problem.
  X, _ = self._memory_full_transform(self, X, None, with_final=False)

2023-07-04 09:33:02,109:WARNING:/home/thom/venvs/fairlearn/lib/python3.9/site-packages/pycaret/internal/pipeline.py:310: UserWarning: Persisting input arguments took 0.66s to run.
If this happens often in your code, it can cause performance problems 
(results will be correct in all cases). 
The reason for this is probably some large input arguments for a wrapped
 function (e.g. large strings).
THIS IS A JOBLIB ISSUE. If you can, kindly provide the joblib's team with an
 example so that they can fix the problem.
  X, _ = self._memory_full_transform(self, X, None, with_final=False)

2023-07-04 09:33:02,206:WARNING:/home/thom/venvs/fairlearn/lib/python3.9/site-packages/pycaret/internal/pipeline.py:310: UserWarning: Persisting input arguments took 0.64s to run.
If this happens often in your code, it can cause performance problems 
(results will be correct in all cases). 
The reason for this is probably some large input arguments for a wrapped
 function (e.g. large strings).
THIS IS A JOBLIB ISSUE. If you can, kindly provide the joblib's team with an
 example so that they can fix the problem.
  X, _ = self._memory_full_transform(self, X, None, with_final=False)

2023-07-04 09:33:02,277:WARNING:/home/thom/venvs/fairlearn/lib/python3.9/site-packages/pycaret/internal/pipeline.py:310: UserWarning: Persisting input arguments took 0.69s to run.
If this happens often in your code, it can cause performance problems 
(results will be correct in all cases). 
The reason for this is probably some large input arguments for a wrapped
 function (e.g. large strings).
THIS IS A JOBLIB ISSUE. If you can, kindly provide the joblib's team with an
 example so that they can fix the problem.
  X, _ = self._memory_full_transform(self, X, None, with_final=False)

2023-07-04 09:33:02,431:WARNING:/home/thom/venvs/fairlearn/lib/python3.9/site-packages/pycaret/internal/pipeline.py:310: UserWarning: Persisting input arguments took 0.67s to run.
If this happens often in your code, it can cause performance problems 
(results will be correct in all cases). 
The reason for this is probably some large input arguments for a wrapped
 function (e.g. large strings).
THIS IS A JOBLIB ISSUE. If you can, kindly provide the joblib's team with an
 example so that they can fix the problem.
  X, _ = self._memory_full_transform(self, X, None, with_final=False)

2023-07-04 09:33:04,754:WARNING:/home/thom/venvs/fairlearn/lib/python3.9/site-packages/pycaret/internal/pipeline.py:310: UserWarning: Persisting input arguments took 0.63s to run.
If this happens often in your code, it can cause performance problems 
(results will be correct in all cases). 
The reason for this is probably some large input arguments for a wrapped
 function (e.g. large strings).
THIS IS A JOBLIB ISSUE. If you can, kindly provide the joblib's team with an
 example so that they can fix the problem.
  X, _ = self._memory_full_transform(self, X, None, with_final=False)

2023-07-04 09:33:04,824:WARNING:/home/thom/venvs/fairlearn/lib/python3.9/site-packages/pycaret/internal/pipeline.py:310: UserWarning: Persisting input arguments took 0.65s to run.
If this happens often in your code, it can cause performance problems 
(results will be correct in all cases). 
The reason for this is probably some large input arguments for a wrapped
 function (e.g. large strings).
THIS IS A JOBLIB ISSUE. If you can, kindly provide the joblib's team with an
 example so that they can fix the problem.
  X, _ = self._memory_full_transform(self, X, None, with_final=False)

2023-07-04 09:33:04,870:WARNING:/home/thom/venvs/fairlearn/lib/python3.9/site-packages/pycaret/internal/pipeline.py:310: UserWarning: Persisting input arguments took 0.64s to run.
If this happens often in your code, it can cause performance problems 
(results will be correct in all cases). 
The reason for this is probably some large input arguments for a wrapped
 function (e.g. large strings).
THIS IS A JOBLIB ISSUE. If you can, kindly provide the joblib's team with an
 example so that they can fix the problem.
  X, _ = self._memory_full_transform(self, X, None, with_final=False)

2023-07-04 09:33:04,902:WARNING:/home/thom/venvs/fairlearn/lib/python3.9/site-packages/pycaret/internal/pipeline.py:310: UserWarning: Persisting input arguments took 0.63s to run.
If this happens often in your code, it can cause performance problems 
(results will be correct in all cases). 
The reason for this is probably some large input arguments for a wrapped
 function (e.g. large strings).
THIS IS A JOBLIB ISSUE. If you can, kindly provide the joblib's team with an
 example so that they can fix the problem.
  X, _ = self._memory_full_transform(self, X, None, with_final=False)

2023-07-04 09:33:08,023:WARNING:/home/thom/venvs/fairlearn/lib/python3.9/site-packages/pycaret/internal/pipeline.py:310: UserWarning: Persisting input arguments took 0.61s to run.
If this happens often in your code, it can cause performance problems 
(results will be correct in all cases). 
The reason for this is probably some large input arguments for a wrapped
 function (e.g. large strings).
THIS IS A JOBLIB ISSUE. If you can, kindly provide the joblib's team with an
 example so that they can fix the problem.
  X, _ = self._memory_full_transform(self, X, None, with_final=False)

2023-07-04 09:33:08,030:WARNING:/home/thom/venvs/fairlearn/lib/python3.9/site-packages/pycaret/internal/pipeline.py:310: UserWarning: Persisting input arguments took 0.60s to run.
If this happens often in your code, it can cause performance problems 
(results will be correct in all cases). 
The reason for this is probably some large input arguments for a wrapped
 function (e.g. large strings).
THIS IS A JOBLIB ISSUE. If you can, kindly provide the joblib's team with an
 example so that they can fix the problem.
  X, _ = self._memory_full_transform(self, X, None, with_final=False)

2023-07-04 09:33:08,045:WARNING:/home/thom/venvs/fairlearn/lib/python3.9/site-packages/pycaret/internal/pipeline.py:310: UserWarning: Persisting input arguments took 0.61s to run.
If this happens often in your code, it can cause performance problems 
(results will be correct in all cases). 
The reason for this is probably some large input arguments for a wrapped
 function (e.g. large strings).
THIS IS A JOBLIB ISSUE. If you can, kindly provide the joblib's team with an
 example so that they can fix the problem.
  X, _ = self._memory_full_transform(self, X, None, with_final=False)

2023-07-04 09:33:08,221:WARNING:/home/thom/venvs/fairlearn/lib/python3.9/site-packages/pycaret/internal/pipeline.py:310: UserWarning: Persisting input arguments took 0.67s to run.
If this happens often in your code, it can cause performance problems 
(results will be correct in all cases). 
The reason for this is probably some large input arguments for a wrapped
 function (e.g. large strings).
THIS IS A JOBLIB ISSUE. If you can, kindly provide the joblib's team with an
 example so that they can fix the problem.
  X, _ = self._memory_full_transform(self, X, None, with_final=False)

2023-07-04 09:33:10,503:WARNING:/home/thom/venvs/fairlearn/lib/python3.9/site-packages/pycaret/internal/pipeline.py:310: UserWarning: Persisting input arguments took 0.61s to run.
If this happens often in your code, it can cause performance problems 
(results will be correct in all cases). 
The reason for this is probably some large input arguments for a wrapped
 function (e.g. large strings).
THIS IS A JOBLIB ISSUE. If you can, kindly provide the joblib's team with an
 example so that they can fix the problem.
  X, _ = self._memory_full_transform(self, X, None, with_final=False)

2023-07-04 09:33:10,516:WARNING:/home/thom/venvs/fairlearn/lib/python3.9/site-packages/pycaret/internal/pipeline.py:310: UserWarning: Persisting input arguments took 0.66s to run.
If this happens often in your code, it can cause performance problems 
(results will be correct in all cases). 
The reason for this is probably some large input arguments for a wrapped
 function (e.g. large strings).
THIS IS A JOBLIB ISSUE. If you can, kindly provide the joblib's team with an
 example so that they can fix the problem.
  X, _ = self._memory_full_transform(self, X, None, with_final=False)

2023-07-04 09:33:10,638:WARNING:/home/thom/venvs/fairlearn/lib/python3.9/site-packages/pycaret/internal/pipeline.py:310: UserWarning: Persisting input arguments took 0.64s to run.
If this happens often in your code, it can cause performance problems 
(results will be correct in all cases). 
The reason for this is probably some large input arguments for a wrapped
 function (e.g. large strings).
THIS IS A JOBLIB ISSUE. If you can, kindly provide the joblib's team with an
 example so that they can fix the problem.
  X, _ = self._memory_full_transform(self, X, None, with_final=False)

2023-07-04 09:33:10,691:WARNING:/home/thom/venvs/fairlearn/lib/python3.9/site-packages/pycaret/internal/pipeline.py:310: UserWarning: Persisting input arguments took 0.63s to run.
If this happens often in your code, it can cause performance problems 
(results will be correct in all cases). 
The reason for this is probably some large input arguments for a wrapped
 function (e.g. large strings).
THIS IS A JOBLIB ISSUE. If you can, kindly provide the joblib's team with an
 example so that they can fix the problem.
  X, _ = self._memory_full_transform(self, X, None, with_final=False)

2023-07-04 09:33:12,905:WARNING:/home/thom/venvs/fairlearn/lib/python3.9/site-packages/pycaret/internal/pipeline.py:310: UserWarning: Persisting input arguments took 0.62s to run.
If this happens often in your code, it can cause performance problems 
(results will be correct in all cases). 
The reason for this is probably some large input arguments for a wrapped
 function (e.g. large strings).
THIS IS A JOBLIB ISSUE. If you can, kindly provide the joblib's team with an
 example so that they can fix the problem.
  X, _ = self._memory_full_transform(self, X, None, with_final=False)

2023-07-04 09:33:13,120:WARNING:/home/thom/venvs/fairlearn/lib/python3.9/site-packages/pycaret/internal/pipeline.py:310: UserWarning: Persisting input arguments took 0.64s to run.
If this happens often in your code, it can cause performance problems 
(results will be correct in all cases). 
The reason for this is probably some large input arguments for a wrapped
 function (e.g. large strings).
THIS IS A JOBLIB ISSUE. If you can, kindly provide the joblib's team with an
 example so that they can fix the problem.
  X, _ = self._memory_full_transform(self, X, None, with_final=False)

2023-07-04 09:33:13,149:WARNING:/home/thom/venvs/fairlearn/lib/python3.9/site-packages/pycaret/internal/pipeline.py:310: UserWarning: Persisting input arguments took 0.64s to run.
If this happens often in your code, it can cause performance problems 
(results will be correct in all cases). 
The reason for this is probably some large input arguments for a wrapped
 function (e.g. large strings).
THIS IS A JOBLIB ISSUE. If you can, kindly provide the joblib's team with an
 example so that they can fix the problem.
  X, _ = self._memory_full_transform(self, X, None, with_final=False)

2023-07-04 09:33:13,238:WARNING:/home/thom/venvs/fairlearn/lib/python3.9/site-packages/pycaret/internal/pipeline.py:310: UserWarning: Persisting input arguments took 0.72s to run.
If this happens often in your code, it can cause performance problems 
(results will be correct in all cases). 
The reason for this is probably some large input arguments for a wrapped
 function (e.g. large strings).
THIS IS A JOBLIB ISSUE. If you can, kindly provide the joblib's team with an
 example so that they can fix the problem.
  X, _ = self._memory_full_transform(self, X, None, with_final=False)

2023-07-04 09:33:16,323:WARNING:/home/thom/venvs/fairlearn/lib/python3.9/site-packages/pycaret/internal/pipeline.py:310: UserWarning: Persisting input arguments took 1.34s to run.
If this happens often in your code, it can cause performance problems 
(results will be correct in all cases). 
The reason for this is probably some large input arguments for a wrapped
 function (e.g. large strings).
THIS IS A JOBLIB ISSUE. If you can, kindly provide the joblib's team with an
 example so that they can fix the problem.
  X, _ = self._memory_full_transform(self, X, None, with_final=False)

2023-07-04 09:33:16,530:WARNING:/home/thom/venvs/fairlearn/lib/python3.9/site-packages/pycaret/internal/pipeline.py:310: UserWarning: Persisting input arguments took 1.42s to run.
If this happens often in your code, it can cause performance problems 
(results will be correct in all cases). 
The reason for this is probably some large input arguments for a wrapped
 function (e.g. large strings).
THIS IS A JOBLIB ISSUE. If you can, kindly provide the joblib's team with an
 example so that they can fix the problem.
  X, _ = self._memory_full_transform(self, X, None, with_final=False)

2023-07-04 09:33:16,606:WARNING:/home/thom/venvs/fairlearn/lib/python3.9/site-packages/pycaret/internal/pipeline.py:310: UserWarning: Persisting input arguments took 1.39s to run.
If this happens often in your code, it can cause performance problems 
(results will be correct in all cases). 
The reason for this is probably some large input arguments for a wrapped
 function (e.g. large strings).
THIS IS A JOBLIB ISSUE. If you can, kindly provide the joblib's team with an
 example so that they can fix the problem.
  X, _ = self._memory_full_transform(self, X, None, with_final=False)

2023-07-04 09:33:16,627:WARNING:/home/thom/venvs/fairlearn/lib/python3.9/site-packages/pycaret/internal/pipeline.py:310: UserWarning: Persisting input arguments took 1.42s to run.
If this happens often in your code, it can cause performance problems 
(results will be correct in all cases). 
The reason for this is probably some large input arguments for a wrapped
 function (e.g. large strings).
THIS IS A JOBLIB ISSUE. If you can, kindly provide the joblib's team with an
 example so that they can fix the problem.
  X, _ = self._memory_full_transform(self, X, None, with_final=False)

2023-07-04 09:33:18,792:WARNING:/home/thom/venvs/fairlearn/lib/python3.9/site-packages/pycaret/internal/pipeline.py:310: UserWarning: Persisting input arguments took 0.61s to run.
If this happens often in your code, it can cause performance problems 
(results will be correct in all cases). 
The reason for this is probably some large input arguments for a wrapped
 function (e.g. large strings).
THIS IS A JOBLIB ISSUE. If you can, kindly provide the joblib's team with an
 example so that they can fix the problem.
  X, _ = self._memory_full_transform(self, X, None, with_final=False)

2023-07-04 09:33:19,115:WARNING:/home/thom/venvs/fairlearn/lib/python3.9/site-packages/pycaret/internal/pipeline.py:310: UserWarning: Persisting input arguments took 0.63s to run.
If this happens often in your code, it can cause performance problems 
(results will be correct in all cases). 
The reason for this is probably some large input arguments for a wrapped
 function (e.g. large strings).
THIS IS A JOBLIB ISSUE. If you can, kindly provide the joblib's team with an
 example so that they can fix the problem.
  X, _ = self._memory_full_transform(self, X, None, with_final=False)

2023-07-04 09:33:19,221:WARNING:/home/thom/venvs/fairlearn/lib/python3.9/site-packages/pycaret/internal/pipeline.py:310: UserWarning: Persisting input arguments took 0.68s to run.
If this happens often in your code, it can cause performance problems 
(results will be correct in all cases). 
The reason for this is probably some large input arguments for a wrapped
 function (e.g. large strings).
THIS IS A JOBLIB ISSUE. If you can, kindly provide the joblib's team with an
 example so that they can fix the problem.
  X, _ = self._memory_full_transform(self, X, None, with_final=False)

2023-07-04 09:33:19,247:WARNING:/home/thom/venvs/fairlearn/lib/python3.9/site-packages/pycaret/internal/pipeline.py:310: UserWarning: Persisting input arguments took 0.70s to run.
If this happens often in your code, it can cause performance problems 
(results will be correct in all cases). 
The reason for this is probably some large input arguments for a wrapped
 function (e.g. large strings).
THIS IS A JOBLIB ISSUE. If you can, kindly provide the joblib's team with an
 example so that they can fix the problem.
  X, _ = self._memory_full_transform(self, X, None, with_final=False)

2023-07-04 09:33:21,471:WARNING:/home/thom/venvs/fairlearn/lib/python3.9/site-packages/pycaret/internal/pipeline.py:310: UserWarning: Persisting input arguments took 0.66s to run.
If this happens often in your code, it can cause performance problems 
(results will be correct in all cases). 
The reason for this is probably some large input arguments for a wrapped
 function (e.g. large strings).
THIS IS A JOBLIB ISSUE. If you can, kindly provide the joblib's team with an
 example so that they can fix the problem.
  X, _ = self._memory_full_transform(self, X, None, with_final=False)

2023-07-04 09:33:21,851:WARNING:/home/thom/venvs/fairlearn/lib/python3.9/site-packages/pycaret/internal/pipeline.py:310: UserWarning: Persisting input arguments took 0.65s to run.
If this happens often in your code, it can cause performance problems 
(results will be correct in all cases). 
The reason for this is probably some large input arguments for a wrapped
 function (e.g. large strings).
THIS IS A JOBLIB ISSUE. If you can, kindly provide the joblib's team with an
 example so that they can fix the problem.
  X, _ = self._memory_full_transform(self, X, None, with_final=False)

2023-07-04 09:33:21,857:WARNING:/home/thom/venvs/fairlearn/lib/python3.9/site-packages/pycaret/internal/pipeline.py:310: UserWarning: Persisting input arguments took 0.62s to run.
If this happens often in your code, it can cause performance problems 
(results will be correct in all cases). 
The reason for this is probably some large input arguments for a wrapped
 function (e.g. large strings).
THIS IS A JOBLIB ISSUE. If you can, kindly provide the joblib's team with an
 example so that they can fix the problem.
  X, _ = self._memory_full_transform(self, X, None, with_final=False)

2023-07-04 09:33:21,865:WARNING:/home/thom/venvs/fairlearn/lib/python3.9/site-packages/pycaret/internal/pipeline.py:310: UserWarning: Persisting input arguments took 0.65s to run.
If this happens often in your code, it can cause performance problems 
(results will be correct in all cases). 
The reason for this is probably some large input arguments for a wrapped
 function (e.g. large strings).
THIS IS A JOBLIB ISSUE. If you can, kindly provide the joblib's team with an
 example so that they can fix the problem.
  X, _ = self._memory_full_transform(self, X, None, with_final=False)

2023-07-04 09:33:24,251:WARNING:/home/thom/venvs/fairlearn/lib/python3.9/site-packages/pycaret/internal/pipeline.py:310: UserWarning: Persisting input arguments took 0.68s to run.
If this happens often in your code, it can cause performance problems 
(results will be correct in all cases). 
The reason for this is probably some large input arguments for a wrapped
 function (e.g. large strings).
THIS IS A JOBLIB ISSUE. If you can, kindly provide the joblib's team with an
 example so that they can fix the problem.
  X, _ = self._memory_full_transform(self, X, None, with_final=False)

2023-07-04 09:33:24,724:WARNING:/home/thom/venvs/fairlearn/lib/python3.9/site-packages/pycaret/internal/pipeline.py:310: UserWarning: Persisting input arguments took 0.98s to run.
If this happens often in your code, it can cause performance problems 
(results will be correct in all cases). 
The reason for this is probably some large input arguments for a wrapped
 function (e.g. large strings).
THIS IS A JOBLIB ISSUE. If you can, kindly provide the joblib's team with an
 example so that they can fix the problem.
  X, _ = self._memory_full_transform(self, X, None, with_final=False)

2023-07-04 09:33:24,944:WARNING:/home/thom/venvs/fairlearn/lib/python3.9/site-packages/pycaret/internal/pipeline.py:310: UserWarning: Persisting input arguments took 1.14s to run.
If this happens often in your code, it can cause performance problems 
(results will be correct in all cases). 
The reason for this is probably some large input arguments for a wrapped
 function (e.g. large strings).
THIS IS A JOBLIB ISSUE. If you can, kindly provide the joblib's team with an
 example so that they can fix the problem.
  X, _ = self._memory_full_transform(self, X, None, with_final=False)

2023-07-04 09:33:25,324:WARNING:/home/thom/venvs/fairlearn/lib/python3.9/site-packages/pycaret/internal/pipeline.py:310: UserWarning: Persisting input arguments took 1.41s to run.
If this happens often in your code, it can cause performance problems 
(results will be correct in all cases). 
The reason for this is probably some large input arguments for a wrapped
 function (e.g. large strings).
THIS IS A JOBLIB ISSUE. If you can, kindly provide the joblib's team with an
 example so that they can fix the problem.
  X, _ = self._memory_full_transform(self, X, None, with_final=False)

2023-07-04 09:33:27,450:WARNING:/home/thom/venvs/fairlearn/lib/python3.9/site-packages/pycaret/internal/pipeline.py:310: UserWarning: Persisting input arguments took 0.62s to run.
If this happens often in your code, it can cause performance problems 
(results will be correct in all cases). 
The reason for this is probably some large input arguments for a wrapped
 function (e.g. large strings).
THIS IS A JOBLIB ISSUE. If you can, kindly provide the joblib's team with an
 example so that they can fix the problem.
  X, _ = self._memory_full_transform(self, X, None, with_final=False)

2023-07-04 09:33:27,635:WARNING:/home/thom/venvs/fairlearn/lib/python3.9/site-packages/pycaret/internal/pipeline.py:310: UserWarning: Persisting input arguments took 0.64s to run.
If this happens often in your code, it can cause performance problems 
(results will be correct in all cases). 
The reason for this is probably some large input arguments for a wrapped
 function (e.g. large strings).
THIS IS A JOBLIB ISSUE. If you can, kindly provide the joblib's team with an
 example so that they can fix the problem.
  X, _ = self._memory_full_transform(self, X, None, with_final=False)

2023-07-04 09:33:27,657:WARNING:/home/thom/venvs/fairlearn/lib/python3.9/site-packages/pycaret/internal/pipeline.py:310: UserWarning: Persisting input arguments took 0.65s to run.
If this happens often in your code, it can cause performance problems 
(results will be correct in all cases). 
The reason for this is probably some large input arguments for a wrapped
 function (e.g. large strings).
THIS IS A JOBLIB ISSUE. If you can, kindly provide the joblib's team with an
 example so that they can fix the problem.
  X, _ = self._memory_full_transform(self, X, None, with_final=False)

2023-07-04 09:33:27,895:WARNING:/home/thom/venvs/fairlearn/lib/python3.9/site-packages/pycaret/internal/pipeline.py:310: UserWarning: Persisting input arguments took 0.67s to run.
If this happens often in your code, it can cause performance problems 
(results will be correct in all cases). 
The reason for this is probably some large input arguments for a wrapped
 function (e.g. large strings).
THIS IS A JOBLIB ISSUE. If you can, kindly provide the joblib's team with an
 example so that they can fix the problem.
  X, _ = self._memory_full_transform(self, X, None, with_final=False)

2023-07-04 09:33:30,074:WARNING:/home/thom/venvs/fairlearn/lib/python3.9/site-packages/pycaret/internal/pipeline.py:310: UserWarning: Persisting input arguments took 0.65s to run.
If this happens often in your code, it can cause performance problems 
(results will be correct in all cases). 
The reason for this is probably some large input arguments for a wrapped
 function (e.g. large strings).
THIS IS A JOBLIB ISSUE. If you can, kindly provide the joblib's team with an
 example so that they can fix the problem.
  X, _ = self._memory_full_transform(self, X, None, with_final=False)

2023-07-04 09:33:30,166:WARNING:/home/thom/venvs/fairlearn/lib/python3.9/site-packages/pycaret/internal/pipeline.py:310: UserWarning: Persisting input arguments took 0.62s to run.
If this happens often in your code, it can cause performance problems 
(results will be correct in all cases). 
The reason for this is probably some large input arguments for a wrapped
 function (e.g. large strings).
THIS IS A JOBLIB ISSUE. If you can, kindly provide the joblib's team with an
 example so that they can fix the problem.
  X, _ = self._memory_full_transform(self, X, None, with_final=False)

2023-07-04 09:33:30,246:WARNING:/home/thom/venvs/fairlearn/lib/python3.9/site-packages/pycaret/internal/pipeline.py:310: UserWarning: Persisting input arguments took 0.66s to run.
If this happens often in your code, it can cause performance problems 
(results will be correct in all cases). 
The reason for this is probably some large input arguments for a wrapped
 function (e.g. large strings).
THIS IS A JOBLIB ISSUE. If you can, kindly provide the joblib's team with an
 example so that they can fix the problem.
  X, _ = self._memory_full_transform(self, X, None, with_final=False)

2023-07-04 09:33:30,431:WARNING:/home/thom/venvs/fairlearn/lib/python3.9/site-packages/pycaret/internal/pipeline.py:310: UserWarning: Persisting input arguments took 0.60s to run.
If this happens often in your code, it can cause performance problems 
(results will be correct in all cases). 
The reason for this is probably some large input arguments for a wrapped
 function (e.g. large strings).
THIS IS A JOBLIB ISSUE. If you can, kindly provide the joblib's team with an
 example so that they can fix the problem.
  X, _ = self._memory_full_transform(self, X, None, with_final=False)

2023-07-04 09:33:31,762:INFO:best_params: {'actual_estimator__reg_lambda': 1, 'actual_estimator__reg_alpha': 5, 'actual_estimator__num_leaves': 60, 'actual_estimator__n_estimators': 40, 'actual_estimator__min_split_gain': 0.4, 'actual_estimator__min_child_samples': 26, 'actual_estimator__learning_rate': 0.15, 'actual_estimator__feature_fraction': 0.6, 'actual_estimator__bagging_freq': 0, 'actual_estimator__bagging_fraction': 0.8}
2023-07-04 09:33:31,763:INFO:Hyperparameter search completed
2023-07-04 09:33:31,763:INFO:SubProcess create_model() called ==================================
2023-07-04 09:33:31,764:INFO:Initializing create_model()
2023-07-04 09:33:31,764:INFO:create_model(self=<pycaret.regression.oop.RegressionExperiment object at 0x7f854a8330d0>, estimator=LGBMRegressor(random_state=2584), fold=KFold(n_splits=10, random_state=None, shuffle=False), round=4, cross_validation=True, predict=True, fit_kwargs={}, groups=None, refit=True, probability_threshold=None, experiment_custom_tags=None, verbose=True, system=False, add_to_model_list=True, metrics=None, display=<pycaret.internal.display.display.CommonDisplay object at 0x7f85495d17c0>, model_only=True, return_train_score=False, kwargs={'reg_lambda': 1, 'reg_alpha': 5, 'num_leaves': 60, 'n_estimators': 40, 'min_split_gain': 0.4, 'min_child_samples': 26, 'learning_rate': 0.15, 'feature_fraction': 0.6, 'bagging_freq': 0, 'bagging_fraction': 0.8})
2023-07-04 09:33:31,764:INFO:Checking exceptions
2023-07-04 09:33:31,764:INFO:Importing libraries
2023-07-04 09:33:31,764:INFO:Copying training dataset
2023-07-04 09:33:31,770:INFO:Defining folds
2023-07-04 09:33:31,770:INFO:Declaring metric variables
2023-07-04 09:33:31,776:INFO:Importing untrained model
2023-07-04 09:33:31,777:INFO:Declaring custom model
2023-07-04 09:33:31,782:INFO:Light Gradient Boosting Machine Imported successfully
2023-07-04 09:33:31,791:INFO:Starting cross validation
2023-07-04 09:33:32,083:INFO:Cross validating with KFold(n_splits=10, random_state=None, shuffle=False), n_jobs=-1
2023-07-04 09:33:35,208:WARNING:/home/thom/venvs/fairlearn/lib/python3.9/site-packages/pycaret/internal/pipeline.py:310: UserWarning: Persisting input arguments took 0.62s to run.
If this happens often in your code, it can cause performance problems 
(results will be correct in all cases). 
The reason for this is probably some large input arguments for a wrapped
 function (e.g. large strings).
THIS IS A JOBLIB ISSUE. If you can, kindly provide the joblib's team with an
 example so that they can fix the problem.
  X, _ = self._memory_full_transform(self, X, None, with_final=False)

2023-07-04 09:33:35,209:WARNING:/home/thom/venvs/fairlearn/lib/python3.9/site-packages/pycaret/internal/pipeline.py:310: UserWarning: Persisting input arguments took 0.61s to run.
If this happens often in your code, it can cause performance problems 
(results will be correct in all cases). 
The reason for this is probably some large input arguments for a wrapped
 function (e.g. large strings).
THIS IS A JOBLIB ISSUE. If you can, kindly provide the joblib's team with an
 example so that they can fix the problem.
  X, _ = self._memory_full_transform(self, X, None, with_final=False)

2023-07-04 09:33:35,230:WARNING:/home/thom/venvs/fairlearn/lib/python3.9/site-packages/pycaret/internal/pipeline.py:310: UserWarning: Persisting input arguments took 0.63s to run.
If this happens often in your code, it can cause performance problems 
(results will be correct in all cases). 
The reason for this is probably some large input arguments for a wrapped
 function (e.g. large strings).
THIS IS A JOBLIB ISSUE. If you can, kindly provide the joblib's team with an
 example so that they can fix the problem.
  X, _ = self._memory_full_transform(self, X, None, with_final=False)

2023-07-04 09:33:35,244:WARNING:/home/thom/venvs/fairlearn/lib/python3.9/site-packages/pycaret/internal/pipeline.py:310: UserWarning: Persisting input arguments took 0.63s to run.
If this happens often in your code, it can cause performance problems 
(results will be correct in all cases). 
The reason for this is probably some large input arguments for a wrapped
 function (e.g. large strings).
THIS IS A JOBLIB ISSUE. If you can, kindly provide the joblib's team with an
 example so that they can fix the problem.
  X, _ = self._memory_full_transform(self, X, None, with_final=False)

2023-07-04 09:33:37,833:WARNING:/home/thom/venvs/fairlearn/lib/python3.9/site-packages/pycaret/internal/pipeline.py:310: UserWarning: Persisting input arguments took 0.71s to run.
If this happens often in your code, it can cause performance problems 
(results will be correct in all cases). 
The reason for this is probably some large input arguments for a wrapped
 function (e.g. large strings).
THIS IS A JOBLIB ISSUE. If you can, kindly provide the joblib's team with an
 example so that they can fix the problem.
  X, _ = self._memory_full_transform(self, X, None, with_final=False)

2023-07-04 09:33:37,959:WARNING:/home/thom/venvs/fairlearn/lib/python3.9/site-packages/pycaret/internal/pipeline.py:310: UserWarning: Persisting input arguments took 0.72s to run.
If this happens often in your code, it can cause performance problems 
(results will be correct in all cases). 
The reason for this is probably some large input arguments for a wrapped
 function (e.g. large strings).
THIS IS A JOBLIB ISSUE. If you can, kindly provide the joblib's team with an
 example so that they can fix the problem.
  X, _ = self._memory_full_transform(self, X, None, with_final=False)

2023-07-04 09:33:38,012:WARNING:/home/thom/venvs/fairlearn/lib/python3.9/site-packages/pycaret/internal/pipeline.py:310: UserWarning: Persisting input arguments took 0.75s to run.
If this happens often in your code, it can cause performance problems 
(results will be correct in all cases). 
The reason for this is probably some large input arguments for a wrapped
 function (e.g. large strings).
THIS IS A JOBLIB ISSUE. If you can, kindly provide the joblib's team with an
 example so that they can fix the problem.
  X, _ = self._memory_full_transform(self, X, None, with_final=False)

2023-07-04 09:33:38,111:WARNING:/home/thom/venvs/fairlearn/lib/python3.9/site-packages/pycaret/internal/pipeline.py:310: UserWarning: Persisting input arguments took 0.78s to run.
If this happens often in your code, it can cause performance problems 
(results will be correct in all cases). 
The reason for this is probably some large input arguments for a wrapped
 function (e.g. large strings).
THIS IS A JOBLIB ISSUE. If you can, kindly provide the joblib's team with an
 example so that they can fix the problem.
  X, _ = self._memory_full_transform(self, X, None, with_final=False)

2023-07-04 09:33:39,412:INFO:Calculating mean and std
2023-07-04 09:33:39,415:INFO:Creating metrics dataframe
2023-07-04 09:33:39,432:INFO:Finalizing model
2023-07-04 09:33:39,866:INFO:Uploading results into container
2023-07-04 09:33:39,868:INFO:Uploading model into container now
2023-07-04 09:33:39,868:INFO:_master_model_container: 29
2023-07-04 09:33:39,869:INFO:_display_container: 10
2023-07-04 09:33:39,870:INFO:LGBMRegressor(bagging_fraction=0.8, bagging_freq=0, feature_fraction=0.6,
              learning_rate=0.15, min_child_samples=26, min_split_gain=0.4,
              n_estimators=40, num_leaves=60, random_state=2584, reg_alpha=5,
              reg_lambda=1)
2023-07-04 09:33:39,870:INFO:create_model() successfully completed......................................
2023-07-04 09:33:40,024:INFO:SubProcess create_model() end ==================================
2023-07-04 09:33:40,024:INFO:choose_better activated
2023-07-04 09:33:40,029:INFO:SubProcess create_model() called ==================================
2023-07-04 09:33:40,030:INFO:Initializing create_model()
2023-07-04 09:33:40,030:INFO:create_model(self=<pycaret.regression.oop.RegressionExperiment object at 0x7f854a8330d0>, estimator=LGBMRegressor(random_state=2584), fold=KFold(n_splits=10, random_state=None, shuffle=False), round=4, cross_validation=True, predict=True, fit_kwargs={}, groups=None, refit=True, probability_threshold=None, experiment_custom_tags=None, verbose=False, system=False, add_to_model_list=True, metrics=None, display=None, model_only=True, return_train_score=False, kwargs={})
2023-07-04 09:33:40,030:INFO:Checking exceptions
2023-07-04 09:33:40,032:INFO:Importing libraries
2023-07-04 09:33:40,032:INFO:Copying training dataset
2023-07-04 09:33:40,036:INFO:Defining folds
2023-07-04 09:33:40,036:INFO:Declaring metric variables
2023-07-04 09:33:40,037:INFO:Importing untrained model
2023-07-04 09:33:40,037:INFO:Declaring custom model
2023-07-04 09:33:40,038:INFO:Light Gradient Boosting Machine Imported successfully
2023-07-04 09:33:40,038:INFO:Starting cross validation
2023-07-04 09:33:40,265:INFO:Cross validating with KFold(n_splits=10, random_state=None, shuffle=False), n_jobs=-1
2023-07-04 09:33:44,644:INFO:Calculating mean and std
2023-07-04 09:33:44,644:INFO:Creating metrics dataframe
2023-07-04 09:33:44,647:INFO:Finalizing model
2023-07-04 09:33:45,134:INFO:Uploading results into container
2023-07-04 09:33:45,135:INFO:Uploading model into container now
2023-07-04 09:33:45,135:INFO:_master_model_container: 30
2023-07-04 09:33:45,135:INFO:_display_container: 11
2023-07-04 09:33:45,136:INFO:LGBMRegressor(random_state=2584)
2023-07-04 09:33:45,136:INFO:create_model() successfully completed......................................
2023-07-04 09:33:45,263:INFO:SubProcess create_model() end ==================================
2023-07-04 09:33:45,264:INFO:LGBMRegressor(random_state=2584) result for MAE is 1.2461
2023-07-04 09:33:45,265:INFO:LGBMRegressor(bagging_fraction=0.8, bagging_freq=0, feature_fraction=0.6,
              learning_rate=0.15, min_child_samples=26, min_split_gain=0.4,
              n_estimators=40, num_leaves=60, random_state=2584, reg_alpha=5,
              reg_lambda=1) result for MAE is 1.2093
2023-07-04 09:33:45,266:INFO:LGBMRegressor(bagging_fraction=0.8, bagging_freq=0, feature_fraction=0.6,
              learning_rate=0.15, min_child_samples=26, min_split_gain=0.4,
              n_estimators=40, num_leaves=60, random_state=2584, reg_alpha=5,
              reg_lambda=1) is best model
2023-07-04 09:33:45,266:INFO:choose_better completed
2023-07-04 09:33:45,281:INFO:_master_model_container: 30
2023-07-04 09:33:45,281:INFO:_display_container: 10
2023-07-04 09:33:45,283:INFO:LGBMRegressor(bagging_fraction=0.8, bagging_freq=0, feature_fraction=0.6,
              learning_rate=0.15, min_child_samples=26, min_split_gain=0.4,
              n_estimators=40, num_leaves=60, random_state=2584, reg_alpha=5,
              reg_lambda=1)
2023-07-04 09:33:45,283:INFO:tune_model() successfully completed......................................
2023-07-04 09:33:45,470:INFO:Initializing evaluate_model()
2023-07-04 09:33:45,470:INFO:evaluate_model(self=<pycaret.regression.oop.RegressionExperiment object at 0x7f854a8330d0>, estimator=LGBMRegressor(bagging_fraction=0.8, bagging_freq=0, feature_fraction=0.6,
              learning_rate=0.15, min_child_samples=26, min_split_gain=0.4,
              n_estimators=40, num_leaves=60, random_state=2584, reg_alpha=5,
              reg_lambda=1), fold=None, fit_kwargs=None, plot_kwargs=None, feature_name=None, groups=None)
2023-07-04 09:33:45,485:INFO:Initializing plot_model()
2023-07-04 09:33:45,485:INFO:plot_model(plot=pipeline, fold=KFold(n_splits=10, random_state=None, shuffle=False), verbose=False, display=None, display_format=None, estimator=LGBMRegressor(bagging_fraction=0.8, bagging_freq=0, feature_fraction=0.6,
              learning_rate=0.15, min_child_samples=26, min_split_gain=0.4,
              n_estimators=40, num_leaves=60, random_state=2584, reg_alpha=5,
              reg_lambda=1), feature_name=None, fit_kwargs={}, groups=None, label=False, plot_kwargs=None, save=False, scale=1, self=<pycaret.regression.oop.RegressionExperiment object at 0x7f854a8330d0>, system=True)
2023-07-04 09:33:45,485:INFO:Checking exceptions
2023-07-04 09:33:45,489:INFO:Preloading libraries
2023-07-04 09:33:45,500:INFO:Copying training dataset
2023-07-04 09:33:45,500:INFO:Plot type: pipeline
2023-07-04 09:33:45,641:INFO:Visual Rendered Successfully
2023-07-04 09:33:45,801:INFO:plot_model() successfully completed......................................
2023-07-04 09:33:45,831:INFO:Initializing create_model()
2023-07-04 09:33:45,831:INFO:create_model(self=<pycaret.regression.oop.RegressionExperiment object at 0x7f854a8330d0>, estimator=dt, fold=None, round=4, cross_validation=True, predict=True, fit_kwargs=None, groups=None, refit=True, probability_threshold=None, experiment_custom_tags=None, verbose=True, system=True, add_to_model_list=True, metrics=None, display=None, model_only=True, return_train_score=False, kwargs={})
2023-07-04 09:33:45,831:INFO:Checking exceptions
2023-07-04 09:33:45,864:INFO:Importing libraries
2023-07-04 09:33:45,864:INFO:Copying training dataset
2023-07-04 09:33:45,873:INFO:Defining folds
2023-07-04 09:33:45,873:INFO:Declaring metric variables
2023-07-04 09:33:45,878:INFO:Importing untrained model
2023-07-04 09:33:45,884:INFO:Decision Tree Regressor Imported successfully
2023-07-04 09:33:45,896:INFO:Starting cross validation
2023-07-04 09:33:46,192:INFO:Cross validating with KFold(n_splits=10, random_state=None, shuffle=False), n_jobs=-1
2023-07-04 09:33:48,569:WARNING:/home/thom/venvs/fairlearn/lib/python3.9/site-packages/pycaret/internal/pipeline.py:310: UserWarning: Persisting input arguments took 0.62s to run.
If this happens often in your code, it can cause performance problems 
(results will be correct in all cases). 
The reason for this is probably some large input arguments for a wrapped
 function (e.g. large strings).
THIS IS A JOBLIB ISSUE. If you can, kindly provide the joblib's team with an
 example so that they can fix the problem.
  X, _ = self._memory_full_transform(self, X, None, with_final=False)

2023-07-04 09:33:48,635:WARNING:/home/thom/venvs/fairlearn/lib/python3.9/site-packages/pycaret/internal/pipeline.py:310: UserWarning: Persisting input arguments took 0.61s to run.
If this happens often in your code, it can cause performance problems 
(results will be correct in all cases). 
The reason for this is probably some large input arguments for a wrapped
 function (e.g. large strings).
THIS IS A JOBLIB ISSUE. If you can, kindly provide the joblib's team with an
 example so that they can fix the problem.
  X, _ = self._memory_full_transform(self, X, None, with_final=False)

2023-07-04 09:33:48,662:WARNING:/home/thom/venvs/fairlearn/lib/python3.9/site-packages/pycaret/internal/pipeline.py:310: UserWarning: Persisting input arguments took 0.68s to run.
If this happens often in your code, it can cause performance problems 
(results will be correct in all cases). 
The reason for this is probably some large input arguments for a wrapped
 function (e.g. large strings).
THIS IS A JOBLIB ISSUE. If you can, kindly provide the joblib's team with an
 example so that they can fix the problem.
  X, _ = self._memory_full_transform(self, X, None, with_final=False)

2023-07-04 09:33:48,880:WARNING:/home/thom/venvs/fairlearn/lib/python3.9/site-packages/pycaret/internal/pipeline.py:310: UserWarning: Persisting input arguments took 0.73s to run.
If this happens often in your code, it can cause performance problems 
(results will be correct in all cases). 
The reason for this is probably some large input arguments for a wrapped
 function (e.g. large strings).
THIS IS A JOBLIB ISSUE. If you can, kindly provide the joblib's team with an
 example so that they can fix the problem.
  X, _ = self._memory_full_transform(self, X, None, with_final=False)

2023-07-04 09:33:51,007:WARNING:/home/thom/venvs/fairlearn/lib/python3.9/site-packages/pycaret/internal/pipeline.py:310: UserWarning: Persisting input arguments took 0.61s to run.
If this happens often in your code, it can cause performance problems 
(results will be correct in all cases). 
The reason for this is probably some large input arguments for a wrapped
 function (e.g. large strings).
THIS IS A JOBLIB ISSUE. If you can, kindly provide the joblib's team with an
 example so that they can fix the problem.
  X, _ = self._memory_full_transform(self, X, None, with_final=False)

2023-07-04 09:33:51,131:WARNING:/home/thom/venvs/fairlearn/lib/python3.9/site-packages/pycaret/internal/pipeline.py:310: UserWarning: Persisting input arguments took 0.64s to run.
If this happens often in your code, it can cause performance problems 
(results will be correct in all cases). 
The reason for this is probably some large input arguments for a wrapped
 function (e.g. large strings).
THIS IS A JOBLIB ISSUE. If you can, kindly provide the joblib's team with an
 example so that they can fix the problem.
  X, _ = self._memory_full_transform(self, X, None, with_final=False)

2023-07-04 09:33:51,161:WARNING:/home/thom/venvs/fairlearn/lib/python3.9/site-packages/pycaret/internal/pipeline.py:310: UserWarning: Persisting input arguments took 0.63s to run.
If this happens often in your code, it can cause performance problems 
(results will be correct in all cases). 
The reason for this is probably some large input arguments for a wrapped
 function (e.g. large strings).
THIS IS A JOBLIB ISSUE. If you can, kindly provide the joblib's team with an
 example so that they can fix the problem.
  X, _ = self._memory_full_transform(self, X, None, with_final=False)

2023-07-04 09:33:51,624:WARNING:/home/thom/venvs/fairlearn/lib/python3.9/site-packages/pycaret/internal/pipeline.py:310: UserWarning: Persisting input arguments took 0.90s to run.
If this happens often in your code, it can cause performance problems 
(results will be correct in all cases). 
The reason for this is probably some large input arguments for a wrapped
 function (e.g. large strings).
THIS IS A JOBLIB ISSUE. If you can, kindly provide the joblib's team with an
 example so that they can fix the problem.
  X, _ = self._memory_full_transform(self, X, None, with_final=False)

2023-07-04 09:33:54,148:INFO:Calculating mean and std
2023-07-04 09:33:54,150:INFO:Creating metrics dataframe
2023-07-04 09:33:54,163:INFO:Finalizing model
2023-07-04 09:33:54,584:INFO:Uploading results into container
2023-07-04 09:33:54,585:INFO:Uploading model into container now
2023-07-04 09:33:54,603:INFO:_master_model_container: 31
2023-07-04 09:33:54,604:INFO:_display_container: 11
2023-07-04 09:33:54,604:INFO:DecisionTreeRegressor(random_state=2584)
2023-07-04 09:33:54,604:INFO:create_model() successfully completed......................................
2023-07-04 09:33:54,763:INFO:Initializing ensemble_model()
2023-07-04 09:33:54,763:INFO:ensemble_model(self=<pycaret.regression.oop.RegressionExperiment object at 0x7f854a8330d0>, estimator=DecisionTreeRegressor(random_state=2584), method=Bagging, fold=None, n_estimators=50, round=4, choose_better=False, optimize=R2, fit_kwargs=None, groups=None, probability_threshold=None, verbose=True, return_train_score=False)
2023-07-04 09:33:54,763:INFO:Checking exceptions
2023-07-04 09:33:54,791:INFO:Importing libraries
2023-07-04 09:33:54,791:INFO:Copying training dataset
2023-07-04 09:33:54,792:INFO:Checking base model
2023-07-04 09:33:54,792:INFO:Base model : Decision Tree Regressor
2023-07-04 09:33:54,808:INFO:Importing untrained ensembler
2023-07-04 09:33:54,808:INFO:Ensemble method set to Bagging
2023-07-04 09:33:54,808:INFO:SubProcess create_model() called ==================================
2023-07-04 09:33:54,810:INFO:Initializing create_model()
2023-07-04 09:33:54,810:INFO:create_model(self=<pycaret.regression.oop.RegressionExperiment object at 0x7f854a8330d0>, estimator=BaggingRegressor(base_estimator=DecisionTreeRegressor(random_state=2584),
                 n_estimators=50, random_state=2584), fold=KFold(n_splits=10, random_state=None, shuffle=False), round=4, cross_validation=True, predict=True, fit_kwargs={}, groups=None, refit=True, probability_threshold=None, experiment_custom_tags=None, verbose=True, system=False, add_to_model_list=True, metrics=None, display=<pycaret.internal.display.display.CommonDisplay object at 0x7f854b1b3250>, model_only=True, return_train_score=False, kwargs={})
2023-07-04 09:33:54,810:INFO:Checking exceptions
2023-07-04 09:33:54,810:INFO:Importing libraries
2023-07-04 09:33:54,810:INFO:Copying training dataset
2023-07-04 09:33:54,817:INFO:Defining folds
2023-07-04 09:33:54,817:INFO:Declaring metric variables
2023-07-04 09:33:54,822:INFO:Importing untrained model
2023-07-04 09:33:54,822:INFO:Declaring custom model
2023-07-04 09:33:54,829:INFO:Decision Tree Regressor Imported successfully
2023-07-04 09:33:54,842:INFO:Starting cross validation
2023-07-04 09:33:55,120:INFO:Cross validating with KFold(n_splits=10, random_state=None, shuffle=False), n_jobs=-1
2023-07-04 09:33:58,095:WARNING:/home/thom/venvs/fairlearn/lib/python3.9/site-packages/pycaret/internal/pipeline.py:310: UserWarning: Persisting input arguments took 0.66s to run.
If this happens often in your code, it can cause performance problems 
(results will be correct in all cases). 
The reason for this is probably some large input arguments for a wrapped
 function (e.g. large strings).
THIS IS A JOBLIB ISSUE. If you can, kindly provide the joblib's team with an
 example so that they can fix the problem.
  X, _ = self._memory_full_transform(self, X, None, with_final=False)

2023-07-04 09:33:58,146:WARNING:/home/thom/venvs/fairlearn/lib/python3.9/site-packages/pycaret/internal/pipeline.py:310: UserWarning: Persisting input arguments took 0.66s to run.
If this happens often in your code, it can cause performance problems 
(results will be correct in all cases). 
The reason for this is probably some large input arguments for a wrapped
 function (e.g. large strings).
THIS IS A JOBLIB ISSUE. If you can, kindly provide the joblib's team with an
 example so that they can fix the problem.
  X, _ = self._memory_full_transform(self, X, None, with_final=False)

2023-07-04 09:33:58,164:WARNING:/home/thom/venvs/fairlearn/lib/python3.9/site-packages/pycaret/internal/pipeline.py:310: UserWarning: Persisting input arguments took 0.68s to run.
If this happens often in your code, it can cause performance problems 
(results will be correct in all cases). 
The reason for this is probably some large input arguments for a wrapped
 function (e.g. large strings).
THIS IS A JOBLIB ISSUE. If you can, kindly provide the joblib's team with an
 example so that they can fix the problem.
  X, _ = self._memory_full_transform(self, X, None, with_final=False)

2023-07-04 09:33:58,166:WARNING:/home/thom/venvs/fairlearn/lib/python3.9/site-packages/pycaret/internal/pipeline.py:310: UserWarning: Persisting input arguments took 0.70s to run.
If this happens often in your code, it can cause performance problems 
(results will be correct in all cases). 
The reason for this is probably some large input arguments for a wrapped
 function (e.g. large strings).
THIS IS A JOBLIB ISSUE. If you can, kindly provide the joblib's team with an
 example so that they can fix the problem.
  X, _ = self._memory_full_transform(self, X, None, with_final=False)

2023-07-04 09:34:01,887:WARNING:/home/thom/venvs/fairlearn/lib/python3.9/site-packages/pycaret/internal/pipeline.py:310: UserWarning: Persisting input arguments took 0.92s to run.
If this happens often in your code, it can cause performance problems 
(results will be correct in all cases). 
The reason for this is probably some large input arguments for a wrapped
 function (e.g. large strings).
THIS IS A JOBLIB ISSUE. If you can, kindly provide the joblib's team with an
 example so that they can fix the problem.
  X, _ = self._memory_full_transform(self, X, None, with_final=False)

2023-07-04 09:34:01,945:WARNING:/home/thom/venvs/fairlearn/lib/python3.9/site-packages/pycaret/internal/pipeline.py:310: UserWarning: Persisting input arguments took 0.76s to run.
If this happens often in your code, it can cause performance problems 
(results will be correct in all cases). 
The reason for this is probably some large input arguments for a wrapped
 function (e.g. large strings).
THIS IS A JOBLIB ISSUE. If you can, kindly provide the joblib's team with an
 example so that they can fix the problem.
  X, _ = self._memory_full_transform(self, X, None, with_final=False)

2023-07-04 09:34:01,990:WARNING:/home/thom/venvs/fairlearn/lib/python3.9/site-packages/pycaret/internal/pipeline.py:310: UserWarning: Persisting input arguments took 0.72s to run.
If this happens often in your code, it can cause performance problems 
(results will be correct in all cases). 
The reason for this is probably some large input arguments for a wrapped
 function (e.g. large strings).
THIS IS A JOBLIB ISSUE. If you can, kindly provide the joblib's team with an
 example so that they can fix the problem.
  X, _ = self._memory_full_transform(self, X, None, with_final=False)

2023-07-04 09:34:02,167:WARNING:/home/thom/venvs/fairlearn/lib/python3.9/site-packages/pycaret/internal/pipeline.py:310: UserWarning: Persisting input arguments took 0.72s to run.
If this happens often in your code, it can cause performance problems 
(results will be correct in all cases). 
The reason for this is probably some large input arguments for a wrapped
 function (e.g. large strings).
THIS IS A JOBLIB ISSUE. If you can, kindly provide the joblib's team with an
 example so that they can fix the problem.
  X, _ = self._memory_full_transform(self, X, None, with_final=False)

2023-07-04 09:34:03,725:INFO:Calculating mean and std
2023-07-04 09:34:03,727:INFO:Creating metrics dataframe
2023-07-04 09:34:03,739:INFO:Finalizing model
2023-07-04 09:34:04,451:INFO:Uploading results into container
2023-07-04 09:34:04,452:INFO:Uploading model into container now
2023-07-04 09:34:04,453:INFO:_master_model_container: 32
2023-07-04 09:34:04,453:INFO:_display_container: 12
2023-07-04 09:34:04,454:INFO:BaggingRegressor(base_estimator=DecisionTreeRegressor(random_state=2584),
                 n_estimators=50, random_state=2584)
2023-07-04 09:34:04,454:INFO:create_model() successfully completed......................................
2023-07-04 09:34:04,586:INFO:SubProcess create_model() end ==================================
2023-07-04 09:34:04,599:INFO:_master_model_container: 32
2023-07-04 09:34:04,599:INFO:_display_container: 12
2023-07-04 09:34:04,600:INFO:BaggingRegressor(base_estimator=DecisionTreeRegressor(random_state=2584),
                 n_estimators=50, random_state=2584)
2023-07-04 09:34:04,600:INFO:ensemble_model() successfully completed......................................
2023-07-04 09:34:04,743:INFO:Initializing ensemble_model()
2023-07-04 09:34:04,744:INFO:ensemble_model(self=<pycaret.regression.oop.RegressionExperiment object at 0x7f854a8330d0>, estimator=DecisionTreeRegressor(random_state=2584), method=Boosting, fold=None, n_estimators=10, round=4, choose_better=False, optimize=R2, fit_kwargs=None, groups=None, probability_threshold=None, verbose=True, return_train_score=False)
2023-07-04 09:34:04,744:INFO:Checking exceptions
2023-07-04 09:34:05,309:INFO:Importing libraries
2023-07-04 09:34:05,310:INFO:Copying training dataset
2023-07-04 09:34:05,310:INFO:Checking base model
2023-07-04 09:34:05,310:INFO:Base model : Decision Tree Regressor
2023-07-04 09:34:05,325:INFO:Importing untrained ensembler
2023-07-04 09:34:05,325:INFO:Ensemble method set to Boosting
2023-07-04 09:34:05,325:INFO:SubProcess create_model() called ==================================
2023-07-04 09:34:05,327:INFO:Initializing create_model()
2023-07-04 09:34:05,327:INFO:create_model(self=<pycaret.regression.oop.RegressionExperiment object at 0x7f854a8330d0>, estimator=AdaBoostRegressor(base_estimator=DecisionTreeRegressor(random_state=2584),
                  n_estimators=10, random_state=2584), fold=KFold(n_splits=10, random_state=None, shuffle=False), round=4, cross_validation=True, predict=True, fit_kwargs={}, groups=None, refit=True, probability_threshold=None, experiment_custom_tags=None, verbose=True, system=False, add_to_model_list=True, metrics=None, display=<pycaret.internal.display.display.CommonDisplay object at 0x7f854a902c10>, model_only=True, return_train_score=False, kwargs={})
2023-07-04 09:34:05,327:INFO:Checking exceptions
2023-07-04 09:34:05,327:INFO:Importing libraries
2023-07-04 09:34:05,327:INFO:Copying training dataset
2023-07-04 09:34:05,332:INFO:Defining folds
2023-07-04 09:34:05,332:INFO:Declaring metric variables
2023-07-04 09:34:05,338:INFO:Importing untrained model
2023-07-04 09:34:05,339:INFO:Declaring custom model
2023-07-04 09:34:05,346:INFO:Decision Tree Regressor Imported successfully
2023-07-04 09:34:05,361:INFO:Starting cross validation
2023-07-04 09:34:05,603:INFO:Cross validating with KFold(n_splits=10, random_state=None, shuffle=False), n_jobs=-1
2023-07-04 09:34:08,066:WARNING:/home/thom/venvs/fairlearn/lib/python3.9/site-packages/pycaret/internal/pipeline.py:310: UserWarning: Persisting input arguments took 0.63s to run.
If this happens often in your code, it can cause performance problems 
(results will be correct in all cases). 
The reason for this is probably some large input arguments for a wrapped
 function (e.g. large strings).
THIS IS A JOBLIB ISSUE. If you can, kindly provide the joblib's team with an
 example so that they can fix the problem.
  X, _ = self._memory_full_transform(self, X, None, with_final=False)

2023-07-04 09:34:08,079:WARNING:/home/thom/venvs/fairlearn/lib/python3.9/site-packages/pycaret/internal/pipeline.py:310: UserWarning: Persisting input arguments took 0.63s to run.
If this happens often in your code, it can cause performance problems 
(results will be correct in all cases). 
The reason for this is probably some large input arguments for a wrapped
 function (e.g. large strings).
THIS IS A JOBLIB ISSUE. If you can, kindly provide the joblib's team with an
 example so that they can fix the problem.
  X, _ = self._memory_full_transform(self, X, None, with_final=False)

2023-07-04 09:34:08,203:WARNING:/home/thom/venvs/fairlearn/lib/python3.9/site-packages/pycaret/internal/pipeline.py:310: UserWarning: Persisting input arguments took 0.66s to run.
If this happens often in your code, it can cause performance problems 
(results will be correct in all cases). 
The reason for this is probably some large input arguments for a wrapped
 function (e.g. large strings).
THIS IS A JOBLIB ISSUE. If you can, kindly provide the joblib's team with an
 example so that they can fix the problem.
  X, _ = self._memory_full_transform(self, X, None, with_final=False)

2023-07-04 09:34:08,317:WARNING:/home/thom/venvs/fairlearn/lib/python3.9/site-packages/pycaret/internal/pipeline.py:310: UserWarning: Persisting input arguments took 0.64s to run.
If this happens often in your code, it can cause performance problems 
(results will be correct in all cases). 
The reason for this is probably some large input arguments for a wrapped
 function (e.g. large strings).
THIS IS A JOBLIB ISSUE. If you can, kindly provide the joblib's team with an
 example so that they can fix the problem.
  X, _ = self._memory_full_transform(self, X, None, with_final=False)

2023-07-04 09:34:11,401:WARNING:/home/thom/venvs/fairlearn/lib/python3.9/site-packages/pycaret/internal/pipeline.py:310: UserWarning: Persisting input arguments took 1.40s to run.
If this happens often in your code, it can cause performance problems 
(results will be correct in all cases). 
The reason for this is probably some large input arguments for a wrapped
 function (e.g. large strings).
THIS IS A JOBLIB ISSUE. If you can, kindly provide the joblib's team with an
 example so that they can fix the problem.
  X, _ = self._memory_full_transform(self, X, None, with_final=False)

2023-07-04 09:34:11,469:WARNING:/home/thom/venvs/fairlearn/lib/python3.9/site-packages/pycaret/internal/pipeline.py:310: UserWarning: Persisting input arguments took 1.36s to run.
If this happens often in your code, it can cause performance problems 
(results will be correct in all cases). 
The reason for this is probably some large input arguments for a wrapped
 function (e.g. large strings).
THIS IS A JOBLIB ISSUE. If you can, kindly provide the joblib's team with an
 example so that they can fix the problem.
  X, _ = self._memory_full_transform(self, X, None, with_final=False)

2023-07-04 09:34:11,591:WARNING:/home/thom/venvs/fairlearn/lib/python3.9/site-packages/pycaret/internal/pipeline.py:310: UserWarning: Persisting input arguments took 1.39s to run.
If this happens often in your code, it can cause performance problems 
(results will be correct in all cases). 
The reason for this is probably some large input arguments for a wrapped
 function (e.g. large strings).
THIS IS A JOBLIB ISSUE. If you can, kindly provide the joblib's team with an
 example so that they can fix the problem.
  X, _ = self._memory_full_transform(self, X, None, with_final=False)

2023-07-04 09:34:11,701:WARNING:/home/thom/venvs/fairlearn/lib/python3.9/site-packages/pycaret/internal/pipeline.py:310: UserWarning: Persisting input arguments took 1.51s to run.
If this happens often in your code, it can cause performance problems 
(results will be correct in all cases). 
The reason for this is probably some large input arguments for a wrapped
 function (e.g. large strings).
THIS IS A JOBLIB ISSUE. If you can, kindly provide the joblib's team with an
 example so that they can fix the problem.
  X, _ = self._memory_full_transform(self, X, None, with_final=False)

2023-07-04 09:34:13,001:INFO:Calculating mean and std
2023-07-04 09:34:13,003:INFO:Creating metrics dataframe
2023-07-04 09:34:13,011:INFO:Finalizing model
2023-07-04 09:34:13,499:INFO:Uploading results into container
2023-07-04 09:34:13,501:INFO:Uploading model into container now
2023-07-04 09:34:13,501:INFO:_master_model_container: 33
2023-07-04 09:34:13,502:INFO:_display_container: 13
2023-07-04 09:34:13,503:INFO:AdaBoostRegressor(base_estimator=DecisionTreeRegressor(random_state=2584),
                  n_estimators=10, random_state=2584)
2023-07-04 09:34:13,503:INFO:create_model() successfully completed......................................
2023-07-04 09:34:13,644:INFO:SubProcess create_model() end ==================================
2023-07-04 09:34:13,657:INFO:_master_model_container: 33
2023-07-04 09:34:13,658:INFO:_display_container: 13
2023-07-04 09:34:13,658:INFO:AdaBoostRegressor(base_estimator=DecisionTreeRegressor(random_state=2584),
                  n_estimators=10, random_state=2584)
2023-07-04 09:34:13,658:INFO:ensemble_model() successfully completed......................................
2023-07-04 09:34:13,824:INFO:gpu_param set to False
2023-07-04 09:34:14,096:WARNING:
'xgboost' is a soft dependency and not included in the pycaret installation. Please run: `pip install xgboost` to install.
Alternately, you can install this by running `pip install pycaret[models]`
2023-07-04 09:34:14,097:WARNING:
'catboost' is a soft dependency and not included in the pycaret installation. Please run: `pip install catboost` to install.
Alternately, you can install this by running `pip install pycaret[models]`
2023-07-04 09:34:14,331:WARNING:
'xgboost' is a soft dependency and not included in the pycaret installation. Please run: `pip install xgboost` to install.
Alternately, you can install this by running `pip install pycaret[models]`
2023-07-04 09:34:14,331:WARNING:
'catboost' is a soft dependency and not included in the pycaret installation. Please run: `pip install catboost` to install.
Alternately, you can install this by running `pip install pycaret[models]`
2023-07-04 09:34:14,347:INFO:gpu_param set to False
2023-07-04 09:34:14,599:WARNING:
'xgboost' is a soft dependency and not included in the pycaret installation. Please run: `pip install xgboost` to install.
Alternately, you can install this by running `pip install pycaret[models]`
2023-07-04 09:34:14,600:WARNING:
'catboost' is a soft dependency and not included in the pycaret installation. Please run: `pip install catboost` to install.
Alternately, you can install this by running `pip install pycaret[models]`
2023-07-04 09:34:14,833:WARNING:
'xgboost' is a soft dependency and not included in the pycaret installation. Please run: `pip install xgboost` to install.
Alternately, you can install this by running `pip install pycaret[models]`
2023-07-04 09:34:14,833:WARNING:
'catboost' is a soft dependency and not included in the pycaret installation. Please run: `pip install catboost` to install.
Alternately, you can install this by running `pip install pycaret[models]`
2023-07-04 09:34:14,835:INFO:Initializing compare_models()
2023-07-04 09:34:14,835:INFO:compare_models(self=<pycaret.regression.oop.RegressionExperiment object at 0x7f854a8330d0>, include=['lr', 'lasso', 'ridge', 'en', 'lar', 'llar', 'omp', 'br', 'ard', 'par', 'ransac', 'tr', 'huber', 'kr', 'svm', 'knn', 'dt', 'rf', 'et', 'ada', 'gbr', 'mlp', 'lightgbm', 'dummy'], fold=5, round=4, cross_validation=True, sort=R2, n_select=5, budget_time=None, turbo=True, errors=ignore, fit_kwargs=None, groups=None, experiment_custom_tags=None, probability_threshold=None, verbose=True, parallel=None, caller_params={'self': <pycaret.regression.oop.RegressionExperiment object at 0x7f854a8330d0>, 'include': ['lr', 'lasso', 'ridge', 'en', 'lar', 'llar', 'omp', 'br', 'ard', 'par', 'ransac', 'tr', 'huber', 'kr', 'svm', 'knn', 'dt', 'rf', 'et', 'ada', 'gbr', 'mlp', 'lightgbm', 'dummy'], 'exclude': None, 'fold': 5, 'round': 4, 'cross_validation': True, 'sort': 'R2', 'n_select': 5, 'budget_time': None, 'turbo': True, 'errors': 'ignore', 'fit_kwargs': None, 'groups': None, 'experiment_custom_tags': None, 'engine': None, 'verbose': True, 'parallel': None, '__class__': <class 'pycaret.regression.oop.RegressionExperiment'>}, exclude=None)
2023-07-04 09:34:14,836:INFO:Checking exceptions
2023-07-04 09:34:14,837:INFO:Preparing display monitor
2023-07-04 09:34:14,882:INFO:Initializing Linear Regression
2023-07-04 09:34:14,882:INFO:Total runtime is 3.4968058268229165e-06 minutes
2023-07-04 09:34:14,891:INFO:SubProcess create_model() called ==================================
2023-07-04 09:34:14,892:INFO:Initializing create_model()
2023-07-04 09:34:14,892:INFO:create_model(self=<pycaret.regression.oop.RegressionExperiment object at 0x7f854a8330d0>, estimator=lr, fold=KFold(n_splits=5, random_state=None, shuffle=False), round=4, cross_validation=True, predict=True, fit_kwargs={}, groups=None, refit=False, probability_threshold=None, experiment_custom_tags=None, verbose=False, system=False, add_to_model_list=True, metrics=None, display=<pycaret.internal.display.display.CommonDisplay object at 0x7f854a560910>, model_only=True, return_train_score=False, kwargs={})
2023-07-04 09:34:14,892:INFO:Checking exceptions
2023-07-04 09:34:14,892:INFO:Importing libraries
2023-07-04 09:34:14,892:INFO:Copying training dataset
2023-07-04 09:34:14,899:INFO:Defining folds
2023-07-04 09:34:14,899:INFO:Declaring metric variables
2023-07-04 09:34:14,906:INFO:Importing untrained model
2023-07-04 09:34:14,914:INFO:Linear Regression Imported successfully
2023-07-04 09:34:14,924:INFO:Starting cross validation
2023-07-04 09:34:15,469:INFO:Cross validating with KFold(n_splits=5, random_state=None, shuffle=False), n_jobs=-1
2023-07-04 09:34:17,380:INFO:Calculating mean and std
2023-07-04 09:34:17,382:INFO:Creating metrics dataframe
2023-07-04 09:34:17,493:INFO:Uploading results into container
2023-07-04 09:34:17,494:INFO:Uploading model into container now
2023-07-04 09:34:17,494:INFO:_master_model_container: 34
2023-07-04 09:34:17,494:INFO:_display_container: 14
2023-07-04 09:34:17,495:INFO:LinearRegression(n_jobs=-1)
2023-07-04 09:34:17,495:INFO:create_model() successfully completed......................................
2023-07-04 09:34:17,626:INFO:SubProcess create_model() end ==================================
2023-07-04 09:34:17,626:INFO:Creating metrics dataframe
2023-07-04 09:34:17,638:INFO:Initializing Lasso Regression
2023-07-04 09:34:17,639:INFO:Total runtime is 0.04594186941782633 minutes
2023-07-04 09:34:17,643:INFO:SubProcess create_model() called ==================================
2023-07-04 09:34:17,644:INFO:Initializing create_model()
2023-07-04 09:34:17,644:INFO:create_model(self=<pycaret.regression.oop.RegressionExperiment object at 0x7f854a8330d0>, estimator=lasso, fold=KFold(n_splits=5, random_state=None, shuffle=False), round=4, cross_validation=True, predict=True, fit_kwargs={}, groups=None, refit=False, probability_threshold=None, experiment_custom_tags=None, verbose=False, system=False, add_to_model_list=True, metrics=None, display=<pycaret.internal.display.display.CommonDisplay object at 0x7f854a560910>, model_only=True, return_train_score=False, kwargs={})
2023-07-04 09:34:17,644:INFO:Checking exceptions
2023-07-04 09:34:17,644:INFO:Importing libraries
2023-07-04 09:34:17,644:INFO:Copying training dataset
2023-07-04 09:34:17,650:INFO:Defining folds
2023-07-04 09:34:17,650:INFO:Declaring metric variables
2023-07-04 09:34:17,656:INFO:Importing untrained model
2023-07-04 09:34:17,661:INFO:Lasso Regression Imported successfully
2023-07-04 09:34:17,671:INFO:Starting cross validation
2023-07-04 09:34:17,915:INFO:Cross validating with KFold(n_splits=5, random_state=None, shuffle=False), n_jobs=-1
2023-07-04 09:34:21,363:INFO:Calculating mean and std
2023-07-04 09:34:21,365:INFO:Creating metrics dataframe
2023-07-04 09:34:21,481:INFO:Uploading results into container
2023-07-04 09:34:21,482:INFO:Uploading model into container now
2023-07-04 09:34:21,483:INFO:_master_model_container: 35
2023-07-04 09:34:21,483:INFO:_display_container: 14
2023-07-04 09:34:21,483:INFO:Lasso(random_state=2584)
2023-07-04 09:34:21,483:INFO:create_model() successfully completed......................................
2023-07-04 09:34:21,633:INFO:SubProcess create_model() end ==================================
2023-07-04 09:34:21,633:INFO:Creating metrics dataframe
2023-07-04 09:34:21,651:INFO:Initializing Ridge Regression
2023-07-04 09:34:21,651:INFO:Total runtime is 0.11281474033991495 minutes
2023-07-04 09:34:21,657:INFO:SubProcess create_model() called ==================================
2023-07-04 09:34:21,658:INFO:Initializing create_model()
2023-07-04 09:34:21,658:INFO:create_model(self=<pycaret.regression.oop.RegressionExperiment object at 0x7f854a8330d0>, estimator=ridge, fold=KFold(n_splits=5, random_state=None, shuffle=False), round=4, cross_validation=True, predict=True, fit_kwargs={}, groups=None, refit=False, probability_threshold=None, experiment_custom_tags=None, verbose=False, system=False, add_to_model_list=True, metrics=None, display=<pycaret.internal.display.display.CommonDisplay object at 0x7f854a560910>, model_only=True, return_train_score=False, kwargs={})
2023-07-04 09:34:21,658:INFO:Checking exceptions
2023-07-04 09:34:21,658:INFO:Importing libraries
2023-07-04 09:34:21,658:INFO:Copying training dataset
2023-07-04 09:34:21,664:INFO:Defining folds
2023-07-04 09:34:21,664:INFO:Declaring metric variables
2023-07-04 09:34:21,669:INFO:Importing untrained model
2023-07-04 09:34:21,674:INFO:Ridge Regression Imported successfully
2023-07-04 09:34:21,689:INFO:Starting cross validation
2023-07-04 09:34:21,940:INFO:Cross validating with KFold(n_splits=5, random_state=None, shuffle=False), n_jobs=-1
2023-07-04 09:34:23,866:INFO:Calculating mean and std
2023-07-04 09:34:23,868:INFO:Creating metrics dataframe
2023-07-04 09:34:23,985:INFO:Uploading results into container
2023-07-04 09:34:23,986:INFO:Uploading model into container now
2023-07-04 09:34:23,987:INFO:_master_model_container: 36
2023-07-04 09:34:23,987:INFO:_display_container: 14
2023-07-04 09:34:23,987:INFO:Ridge(random_state=2584)
2023-07-04 09:34:23,987:INFO:create_model() successfully completed......................................
2023-07-04 09:34:24,138:INFO:SubProcess create_model() end ==================================
2023-07-04 09:34:24,139:INFO:Creating metrics dataframe
2023-07-04 09:34:24,159:INFO:Initializing Elastic Net
2023-07-04 09:34:24,160:INFO:Total runtime is 0.15462247133255005 minutes
2023-07-04 09:34:24,166:INFO:SubProcess create_model() called ==================================
2023-07-04 09:34:24,167:INFO:Initializing create_model()
2023-07-04 09:34:24,167:INFO:create_model(self=<pycaret.regression.oop.RegressionExperiment object at 0x7f854a8330d0>, estimator=en, fold=KFold(n_splits=5, random_state=None, shuffle=False), round=4, cross_validation=True, predict=True, fit_kwargs={}, groups=None, refit=False, probability_threshold=None, experiment_custom_tags=None, verbose=False, system=False, add_to_model_list=True, metrics=None, display=<pycaret.internal.display.display.CommonDisplay object at 0x7f854a560910>, model_only=True, return_train_score=False, kwargs={})
2023-07-04 09:34:24,167:INFO:Checking exceptions
2023-07-04 09:34:24,168:INFO:Importing libraries
2023-07-04 09:34:24,168:INFO:Copying training dataset
2023-07-04 09:34:24,176:INFO:Defining folds
2023-07-04 09:34:24,176:INFO:Declaring metric variables
2023-07-04 09:34:24,183:INFO:Importing untrained model
2023-07-04 09:34:24,191:INFO:Elastic Net Imported successfully
2023-07-04 09:34:24,208:INFO:Starting cross validation
2023-07-04 09:34:24,457:INFO:Cross validating with KFold(n_splits=5, random_state=None, shuffle=False), n_jobs=-1
2023-07-04 09:34:26,370:INFO:Calculating mean and std
2023-07-04 09:34:26,372:INFO:Creating metrics dataframe
2023-07-04 09:34:26,489:INFO:Uploading results into container
2023-07-04 09:34:26,490:INFO:Uploading model into container now
2023-07-04 09:34:26,490:INFO:_master_model_container: 37
2023-07-04 09:34:26,490:INFO:_display_container: 14
2023-07-04 09:34:26,491:INFO:ElasticNet(random_state=2584)
2023-07-04 09:34:26,491:INFO:create_model() successfully completed......................................
2023-07-04 09:34:26,622:INFO:SubProcess create_model() end ==================================
2023-07-04 09:34:26,622:INFO:Creating metrics dataframe
2023-07-04 09:34:26,646:INFO:Initializing Least Angle Regression
2023-07-04 09:34:26,646:INFO:Total runtime is 0.1960584243138631 minutes
2023-07-04 09:34:26,650:INFO:SubProcess create_model() called ==================================
2023-07-04 09:34:26,651:INFO:Initializing create_model()
2023-07-04 09:34:26,651:INFO:create_model(self=<pycaret.regression.oop.RegressionExperiment object at 0x7f854a8330d0>, estimator=lar, fold=KFold(n_splits=5, random_state=None, shuffle=False), round=4, cross_validation=True, predict=True, fit_kwargs={}, groups=None, refit=False, probability_threshold=None, experiment_custom_tags=None, verbose=False, system=False, add_to_model_list=True, metrics=None, display=<pycaret.internal.display.display.CommonDisplay object at 0x7f854a560910>, model_only=True, return_train_score=False, kwargs={})
2023-07-04 09:34:26,651:INFO:Checking exceptions
2023-07-04 09:34:26,651:INFO:Importing libraries
2023-07-04 09:34:26,651:INFO:Copying training dataset
2023-07-04 09:34:26,657:INFO:Defining folds
2023-07-04 09:34:26,657:INFO:Declaring metric variables
2023-07-04 09:34:26,662:INFO:Importing untrained model
2023-07-04 09:34:26,668:INFO:Least Angle Regression Imported successfully
2023-07-04 09:34:26,678:INFO:Starting cross validation
2023-07-04 09:34:26,925:INFO:Cross validating with KFold(n_splits=5, random_state=None, shuffle=False), n_jobs=-1
2023-07-04 09:34:27,576:WARNING:/home/thom/venvs/fairlearn/lib/python3.9/site-packages/sklearn/linear_model/_base.py:133: FutureWarning: The default of 'normalize' will be set to False in version 1.2 and deprecated in version 1.4.
If you wish to scale the data, use Pipeline with a StandardScaler in a preprocessing stage. To reproduce the previous behavior:

from sklearn.pipeline import make_pipeline

model = make_pipeline(StandardScaler(with_mean=False), Lars())

If you wish to pass a sample_weight parameter, you need to pass it as a fit parameter to each step of the pipeline as follows:

kwargs = {s[0] + '__sample_weight': sample_weight for s in model.steps}
model.fit(X, y, **kwargs)


  warnings.warn(

2023-07-04 09:34:27,625:WARNING:/home/thom/venvs/fairlearn/lib/python3.9/site-packages/sklearn/linear_model/_base.py:133: FutureWarning: The default of 'normalize' will be set to False in version 1.2 and deprecated in version 1.4.
If you wish to scale the data, use Pipeline with a StandardScaler in a preprocessing stage. To reproduce the previous behavior:

from sklearn.pipeline import make_pipeline

model = make_pipeline(StandardScaler(with_mean=False), Lars())

If you wish to pass a sample_weight parameter, you need to pass it as a fit parameter to each step of the pipeline as follows:

kwargs = {s[0] + '__sample_weight': sample_weight for s in model.steps}
model.fit(X, y, **kwargs)


  warnings.warn(

2023-07-04 09:34:27,631:WARNING:/home/thom/venvs/fairlearn/lib/python3.9/site-packages/sklearn/linear_model/_base.py:133: FutureWarning: The default of 'normalize' will be set to False in version 1.2 and deprecated in version 1.4.
If you wish to scale the data, use Pipeline with a StandardScaler in a preprocessing stage. To reproduce the previous behavior:

from sklearn.pipeline import make_pipeline

model = make_pipeline(StandardScaler(with_mean=False), Lars())

If you wish to pass a sample_weight parameter, you need to pass it as a fit parameter to each step of the pipeline as follows:

kwargs = {s[0] + '__sample_weight': sample_weight for s in model.steps}
model.fit(X, y, **kwargs)


  warnings.warn(

2023-07-04 09:34:27,637:WARNING:/home/thom/venvs/fairlearn/lib/python3.9/site-packages/sklearn/linear_model/_base.py:133: FutureWarning: The default of 'normalize' will be set to False in version 1.2 and deprecated in version 1.4.
If you wish to scale the data, use Pipeline with a StandardScaler in a preprocessing stage. To reproduce the previous behavior:

from sklearn.pipeline import make_pipeline

model = make_pipeline(StandardScaler(with_mean=False), Lars())

If you wish to pass a sample_weight parameter, you need to pass it as a fit parameter to each step of the pipeline as follows:

kwargs = {s[0] + '__sample_weight': sample_weight for s in model.steps}
model.fit(X, y, **kwargs)


  warnings.warn(

2023-07-04 09:34:28,606:WARNING:/home/thom/venvs/fairlearn/lib/python3.9/site-packages/sklearn/linear_model/_base.py:133: FutureWarning: The default of 'normalize' will be set to False in version 1.2 and deprecated in version 1.4.
If you wish to scale the data, use Pipeline with a StandardScaler in a preprocessing stage. To reproduce the previous behavior:

from sklearn.pipeline import make_pipeline

model = make_pipeline(StandardScaler(with_mean=False), Lars())

If you wish to pass a sample_weight parameter, you need to pass it as a fit parameter to each step of the pipeline as follows:

kwargs = {s[0] + '__sample_weight': sample_weight for s in model.steps}
model.fit(X, y, **kwargs)


  warnings.warn(

2023-07-04 09:34:28,839:INFO:Calculating mean and std
2023-07-04 09:34:28,841:INFO:Creating metrics dataframe
2023-07-04 09:34:28,962:INFO:Uploading results into container
2023-07-04 09:34:28,963:INFO:Uploading model into container now
2023-07-04 09:34:28,963:INFO:_master_model_container: 38
2023-07-04 09:34:28,963:INFO:_display_container: 14
2023-07-04 09:34:28,964:INFO:Lars(random_state=2584)
2023-07-04 09:34:28,964:INFO:create_model() successfully completed......................................
2023-07-04 09:34:29,113:INFO:SubProcess create_model() end ==================================
2023-07-04 09:34:29,114:INFO:Creating metrics dataframe
2023-07-04 09:34:29,135:INFO:Initializing Lasso Least Angle Regression
2023-07-04 09:34:29,135:INFO:Total runtime is 0.2375464121500651 minutes
2023-07-04 09:34:29,143:INFO:SubProcess create_model() called ==================================
2023-07-04 09:34:29,143:INFO:Initializing create_model()
2023-07-04 09:34:29,143:INFO:create_model(self=<pycaret.regression.oop.RegressionExperiment object at 0x7f854a8330d0>, estimator=llar, fold=KFold(n_splits=5, random_state=None, shuffle=False), round=4, cross_validation=True, predict=True, fit_kwargs={}, groups=None, refit=False, probability_threshold=None, experiment_custom_tags=None, verbose=False, system=False, add_to_model_list=True, metrics=None, display=<pycaret.internal.display.display.CommonDisplay object at 0x7f854a560910>, model_only=True, return_train_score=False, kwargs={})
2023-07-04 09:34:29,144:INFO:Checking exceptions
2023-07-04 09:34:29,144:INFO:Importing libraries
2023-07-04 09:34:29,144:INFO:Copying training dataset
2023-07-04 09:34:29,150:INFO:Defining folds
2023-07-04 09:34:29,151:INFO:Declaring metric variables
2023-07-04 09:34:29,156:INFO:Importing untrained model
2023-07-04 09:34:29,161:INFO:Lasso Least Angle Regression Imported successfully
2023-07-04 09:34:29,171:INFO:Starting cross validation
2023-07-04 09:34:29,783:INFO:Cross validating with KFold(n_splits=5, random_state=None, shuffle=False), n_jobs=-1
2023-07-04 09:34:30,931:WARNING:/home/thom/venvs/fairlearn/lib/python3.9/site-packages/sklearn/linear_model/_base.py:133: FutureWarning: The default of 'normalize' will be set to False in version 1.2 and deprecated in version 1.4.
If you wish to scale the data, use Pipeline with a StandardScaler in a preprocessing stage. To reproduce the previous behavior:

from sklearn.pipeline import make_pipeline

model = make_pipeline(StandardScaler(with_mean=False), LassoLars())

If you wish to pass a sample_weight parameter, you need to pass it as a fit parameter to each step of the pipeline as follows:

kwargs = {s[0] + '__sample_weight': sample_weight for s in model.steps}
model.fit(X, y, **kwargs)

Set parameter alpha to: original_alpha * np.sqrt(n_samples). 
  warnings.warn(

2023-07-04 09:34:30,942:WARNING:/home/thom/venvs/fairlearn/lib/python3.9/site-packages/sklearn/linear_model/_base.py:133: FutureWarning: The default of 'normalize' will be set to False in version 1.2 and deprecated in version 1.4.
If you wish to scale the data, use Pipeline with a StandardScaler in a preprocessing stage. To reproduce the previous behavior:

from sklearn.pipeline import make_pipeline

model = make_pipeline(StandardScaler(with_mean=False), LassoLars())

If you wish to pass a sample_weight parameter, you need to pass it as a fit parameter to each step of the pipeline as follows:

kwargs = {s[0] + '__sample_weight': sample_weight for s in model.steps}
model.fit(X, y, **kwargs)

Set parameter alpha to: original_alpha * np.sqrt(n_samples). 
  warnings.warn(

2023-07-04 09:34:30,967:WARNING:/home/thom/venvs/fairlearn/lib/python3.9/site-packages/sklearn/linear_model/_base.py:133: FutureWarning: The default of 'normalize' will be set to False in version 1.2 and deprecated in version 1.4.
If you wish to scale the data, use Pipeline with a StandardScaler in a preprocessing stage. To reproduce the previous behavior:

from sklearn.pipeline import make_pipeline

model = make_pipeline(StandardScaler(with_mean=False), LassoLars())

If you wish to pass a sample_weight parameter, you need to pass it as a fit parameter to each step of the pipeline as follows:

kwargs = {s[0] + '__sample_weight': sample_weight for s in model.steps}
model.fit(X, y, **kwargs)

Set parameter alpha to: original_alpha * np.sqrt(n_samples). 
  warnings.warn(

2023-07-04 09:34:30,988:WARNING:/home/thom/venvs/fairlearn/lib/python3.9/site-packages/sklearn/linear_model/_base.py:133: FutureWarning: The default of 'normalize' will be set to False in version 1.2 and deprecated in version 1.4.
If you wish to scale the data, use Pipeline with a StandardScaler in a preprocessing stage. To reproduce the previous behavior:

from sklearn.pipeline import make_pipeline

model = make_pipeline(StandardScaler(with_mean=False), LassoLars())

If you wish to pass a sample_weight parameter, you need to pass it as a fit parameter to each step of the pipeline as follows:

kwargs = {s[0] + '__sample_weight': sample_weight for s in model.steps}
model.fit(X, y, **kwargs)

Set parameter alpha to: original_alpha * np.sqrt(n_samples). 
  warnings.warn(

2023-07-04 09:34:31,901:WARNING:/home/thom/venvs/fairlearn/lib/python3.9/site-packages/sklearn/linear_model/_base.py:133: FutureWarning: The default of 'normalize' will be set to False in version 1.2 and deprecated in version 1.4.
If you wish to scale the data, use Pipeline with a StandardScaler in a preprocessing stage. To reproduce the previous behavior:

from sklearn.pipeline import make_pipeline

model = make_pipeline(StandardScaler(with_mean=False), LassoLars())

If you wish to pass a sample_weight parameter, you need to pass it as a fit parameter to each step of the pipeline as follows:

kwargs = {s[0] + '__sample_weight': sample_weight for s in model.steps}
model.fit(X, y, **kwargs)

Set parameter alpha to: original_alpha * np.sqrt(n_samples). 
  warnings.warn(

2023-07-04 09:34:32,131:INFO:Calculating mean and std
2023-07-04 09:34:32,133:INFO:Creating metrics dataframe
2023-07-04 09:34:32,259:INFO:Uploading results into container
2023-07-04 09:34:32,260:INFO:Uploading model into container now
2023-07-04 09:34:32,261:INFO:_master_model_container: 39
2023-07-04 09:34:32,261:INFO:_display_container: 14
2023-07-04 09:34:32,262:INFO:LassoLars(random_state=2584)
2023-07-04 09:34:32,262:INFO:create_model() successfully completed......................................
2023-07-04 09:34:32,391:INFO:SubProcess create_model() end ==================================
2023-07-04 09:34:32,391:INFO:Creating metrics dataframe
2023-07-04 09:34:32,410:INFO:Initializing Orthogonal Matching Pursuit
2023-07-04 09:34:32,410:INFO:Total runtime is 0.2921270251274109 minutes
2023-07-04 09:34:32,416:INFO:SubProcess create_model() called ==================================
2023-07-04 09:34:32,417:INFO:Initializing create_model()
2023-07-04 09:34:32,417:INFO:create_model(self=<pycaret.regression.oop.RegressionExperiment object at 0x7f854a8330d0>, estimator=omp, fold=KFold(n_splits=5, random_state=None, shuffle=False), round=4, cross_validation=True, predict=True, fit_kwargs={}, groups=None, refit=False, probability_threshold=None, experiment_custom_tags=None, verbose=False, system=False, add_to_model_list=True, metrics=None, display=<pycaret.internal.display.display.CommonDisplay object at 0x7f854a560910>, model_only=True, return_train_score=False, kwargs={})
2023-07-04 09:34:32,417:INFO:Checking exceptions
2023-07-04 09:34:32,417:INFO:Importing libraries
2023-07-04 09:34:32,417:INFO:Copying training dataset
2023-07-04 09:34:32,423:INFO:Defining folds
2023-07-04 09:34:32,424:INFO:Declaring metric variables
2023-07-04 09:34:32,429:INFO:Importing untrained model
2023-07-04 09:34:32,434:INFO:Orthogonal Matching Pursuit Imported successfully
2023-07-04 09:34:32,444:INFO:Starting cross validation
2023-07-04 09:34:32,709:INFO:Cross validating with KFold(n_splits=5, random_state=None, shuffle=False), n_jobs=-1
2023-07-04 09:34:33,365:WARNING:/home/thom/venvs/fairlearn/lib/python3.9/site-packages/sklearn/linear_model/_base.py:133: FutureWarning: The default of 'normalize' will be set to False in version 1.2 and deprecated in version 1.4.
If you wish to scale the data, use Pipeline with a StandardScaler in a preprocessing stage. To reproduce the previous behavior:

from sklearn.pipeline import make_pipeline

model = make_pipeline(StandardScaler(with_mean=False), OrthogonalMatchingPursuit())

If you wish to pass a sample_weight parameter, you need to pass it as a fit parameter to each step of the pipeline as follows:

kwargs = {s[0] + '__sample_weight': sample_weight for s in model.steps}
model.fit(X, y, **kwargs)


  warnings.warn(

2023-07-04 09:34:33,376:WARNING:/home/thom/venvs/fairlearn/lib/python3.9/site-packages/sklearn/linear_model/_base.py:133: FutureWarning: The default of 'normalize' will be set to False in version 1.2 and deprecated in version 1.4.
If you wish to scale the data, use Pipeline with a StandardScaler in a preprocessing stage. To reproduce the previous behavior:

from sklearn.pipeline import make_pipeline

model = make_pipeline(StandardScaler(with_mean=False), OrthogonalMatchingPursuit())

If you wish to pass a sample_weight parameter, you need to pass it as a fit parameter to each step of the pipeline as follows:

kwargs = {s[0] + '__sample_weight': sample_weight for s in model.steps}
model.fit(X, y, **kwargs)


  warnings.warn(

2023-07-04 09:34:33,395:WARNING:/home/thom/venvs/fairlearn/lib/python3.9/site-packages/sklearn/linear_model/_base.py:133: FutureWarning: The default of 'normalize' will be set to False in version 1.2 and deprecated in version 1.4.
If you wish to scale the data, use Pipeline with a StandardScaler in a preprocessing stage. To reproduce the previous behavior:

from sklearn.pipeline import make_pipeline

model = make_pipeline(StandardScaler(with_mean=False), OrthogonalMatchingPursuit())

If you wish to pass a sample_weight parameter, you need to pass it as a fit parameter to each step of the pipeline as follows:

kwargs = {s[0] + '__sample_weight': sample_weight for s in model.steps}
model.fit(X, y, **kwargs)


  warnings.warn(

2023-07-04 09:34:33,454:WARNING:/home/thom/venvs/fairlearn/lib/python3.9/site-packages/sklearn/linear_model/_base.py:133: FutureWarning: The default of 'normalize' will be set to False in version 1.2 and deprecated in version 1.4.
If you wish to scale the data, use Pipeline with a StandardScaler in a preprocessing stage. To reproduce the previous behavior:

from sklearn.pipeline import make_pipeline

model = make_pipeline(StandardScaler(with_mean=False), OrthogonalMatchingPursuit())

If you wish to pass a sample_weight parameter, you need to pass it as a fit parameter to each step of the pipeline as follows:

kwargs = {s[0] + '__sample_weight': sample_weight for s in model.steps}
model.fit(X, y, **kwargs)


  warnings.warn(

2023-07-04 09:34:34,399:WARNING:/home/thom/venvs/fairlearn/lib/python3.9/site-packages/sklearn/linear_model/_base.py:133: FutureWarning: The default of 'normalize' will be set to False in version 1.2 and deprecated in version 1.4.
If you wish to scale the data, use Pipeline with a StandardScaler in a preprocessing stage. To reproduce the previous behavior:

from sklearn.pipeline import make_pipeline

model = make_pipeline(StandardScaler(with_mean=False), OrthogonalMatchingPursuit())

If you wish to pass a sample_weight parameter, you need to pass it as a fit parameter to each step of the pipeline as follows:

kwargs = {s[0] + '__sample_weight': sample_weight for s in model.steps}
model.fit(X, y, **kwargs)


  warnings.warn(

2023-07-04 09:34:34,629:INFO:Calculating mean and std
2023-07-04 09:34:34,630:INFO:Creating metrics dataframe
2023-07-04 09:34:34,747:INFO:Uploading results into container
2023-07-04 09:34:34,748:INFO:Uploading model into container now
2023-07-04 09:34:34,749:INFO:_master_model_container: 40
2023-07-04 09:34:34,749:INFO:_display_container: 14
2023-07-04 09:34:34,749:INFO:OrthogonalMatchingPursuit()
2023-07-04 09:34:34,749:INFO:create_model() successfully completed......................................
2023-07-04 09:34:34,895:INFO:SubProcess create_model() end ==================================
2023-07-04 09:34:34,895:INFO:Creating metrics dataframe
2023-07-04 09:34:34,911:INFO:Initializing Bayesian Ridge
2023-07-04 09:34:34,911:INFO:Total runtime is 0.33381908734639487 minutes
2023-07-04 09:34:34,916:INFO:SubProcess create_model() called ==================================
2023-07-04 09:34:34,917:INFO:Initializing create_model()
2023-07-04 09:34:34,917:INFO:create_model(self=<pycaret.regression.oop.RegressionExperiment object at 0x7f854a8330d0>, estimator=br, fold=KFold(n_splits=5, random_state=None, shuffle=False), round=4, cross_validation=True, predict=True, fit_kwargs={}, groups=None, refit=False, probability_threshold=None, experiment_custom_tags=None, verbose=False, system=False, add_to_model_list=True, metrics=None, display=<pycaret.internal.display.display.CommonDisplay object at 0x7f854a560910>, model_only=True, return_train_score=False, kwargs={})
2023-07-04 09:34:34,917:INFO:Checking exceptions
2023-07-04 09:34:34,917:INFO:Importing libraries
2023-07-04 09:34:34,917:INFO:Copying training dataset
2023-07-04 09:34:34,923:INFO:Defining folds
2023-07-04 09:34:34,924:INFO:Declaring metric variables
2023-07-04 09:34:34,929:INFO:Importing untrained model
2023-07-04 09:34:34,936:INFO:Bayesian Ridge Imported successfully
2023-07-04 09:34:34,948:INFO:Starting cross validation
2023-07-04 09:34:35,219:INFO:Cross validating with KFold(n_splits=5, random_state=None, shuffle=False), n_jobs=-1
2023-07-04 09:34:37,149:INFO:Calculating mean and std
2023-07-04 09:34:37,151:INFO:Creating metrics dataframe
2023-07-04 09:34:37,281:INFO:Uploading results into container
2023-07-04 09:34:37,282:INFO:Uploading model into container now
2023-07-04 09:34:37,282:INFO:_master_model_container: 41
2023-07-04 09:34:37,282:INFO:_display_container: 14
2023-07-04 09:34:37,283:INFO:BayesianRidge()
2023-07-04 09:34:37,283:INFO:create_model() successfully completed......................................
2023-07-04 09:34:37,416:INFO:SubProcess create_model() end ==================================
2023-07-04 09:34:37,416:INFO:Creating metrics dataframe
2023-07-04 09:34:37,433:INFO:Initializing Automatic Relevance Determination
2023-07-04 09:34:37,433:INFO:Total runtime is 0.37585263252258305 minutes
2023-07-04 09:34:37,438:INFO:SubProcess create_model() called ==================================
2023-07-04 09:34:37,438:INFO:Initializing create_model()
2023-07-04 09:34:37,439:INFO:create_model(self=<pycaret.regression.oop.RegressionExperiment object at 0x7f854a8330d0>, estimator=ard, fold=KFold(n_splits=5, random_state=None, shuffle=False), round=4, cross_validation=True, predict=True, fit_kwargs={}, groups=None, refit=False, probability_threshold=None, experiment_custom_tags=None, verbose=False, system=False, add_to_model_list=True, metrics=None, display=<pycaret.internal.display.display.CommonDisplay object at 0x7f854a560910>, model_only=True, return_train_score=False, kwargs={})
2023-07-04 09:34:37,439:INFO:Checking exceptions
2023-07-04 09:34:37,443:INFO:Importing libraries
2023-07-04 09:34:37,443:INFO:Copying training dataset
2023-07-04 09:34:37,452:INFO:Defining folds
2023-07-04 09:34:37,452:INFO:Declaring metric variables
2023-07-04 09:34:37,462:INFO:Importing untrained model
2023-07-04 09:34:37,472:INFO:Automatic Relevance Determination Imported successfully
2023-07-04 09:34:37,492:INFO:Starting cross validation
2023-07-04 09:34:37,769:INFO:Cross validating with KFold(n_splits=5, random_state=None, shuffle=False), n_jobs=-1
2023-07-04 09:34:40,023:WARNING:/home/thom/venvs/fairlearn/lib/python3.9/site-packages/pycaret/internal/pipeline.py:310: UserWarning: Persisting input arguments took 0.58s to run.
If this happens often in your code, it can cause performance problems 
(results will be correct in all cases). 
The reason for this is probably some large input arguments for a wrapped
 function (e.g. large strings).
THIS IS A JOBLIB ISSUE. If you can, kindly provide the joblib's team with an
 example so that they can fix the problem.
  X, _ = self._memory_full_transform(self, X, None, with_final=False)

2023-07-04 09:34:40,048:WARNING:/home/thom/venvs/fairlearn/lib/python3.9/site-packages/pycaret/internal/pipeline.py:310: UserWarning: Persisting input arguments took 0.59s to run.
If this happens often in your code, it can cause performance problems 
(results will be correct in all cases). 
The reason for this is probably some large input arguments for a wrapped
 function (e.g. large strings).
THIS IS A JOBLIB ISSUE. If you can, kindly provide the joblib's team with an
 example so that they can fix the problem.
  X, _ = self._memory_full_transform(self, X, None, with_final=False)

2023-07-04 09:34:40,136:WARNING:/home/thom/venvs/fairlearn/lib/python3.9/site-packages/pycaret/internal/pipeline.py:310: UserWarning: Persisting input arguments took 0.60s to run.
If this happens often in your code, it can cause performance problems 
(results will be correct in all cases). 
The reason for this is probably some large input arguments for a wrapped
 function (e.g. large strings).
THIS IS A JOBLIB ISSUE. If you can, kindly provide the joblib's team with an
 example so that they can fix the problem.
  X, _ = self._memory_full_transform(self, X, None, with_final=False)

2023-07-04 09:34:40,269:WARNING:/home/thom/venvs/fairlearn/lib/python3.9/site-packages/pycaret/internal/pipeline.py:310: UserWarning: Persisting input arguments took 0.55s to run.
If this happens often in your code, it can cause performance problems 
(results will be correct in all cases). 
The reason for this is probably some large input arguments for a wrapped
 function (e.g. large strings).
THIS IS A JOBLIB ISSUE. If you can, kindly provide the joblib's team with an
 example so that they can fix the problem.
  X, _ = self._memory_full_transform(self, X, None, with_final=False)

2023-07-04 09:34:41,274:INFO:Calculating mean and std
2023-07-04 09:34:41,276:INFO:Creating metrics dataframe
2023-07-04 09:34:41,398:INFO:Uploading results into container
2023-07-04 09:34:41,399:INFO:Uploading model into container now
2023-07-04 09:34:41,400:INFO:_master_model_container: 42
2023-07-04 09:34:41,400:INFO:_display_container: 14
2023-07-04 09:34:41,401:INFO:ARDRegression(n_iter=1000)
2023-07-04 09:34:41,401:INFO:create_model() successfully completed......................................
2023-07-04 09:34:41,549:INFO:SubProcess create_model() end ==================================
2023-07-04 09:34:41,549:INFO:Creating metrics dataframe
2023-07-04 09:34:41,565:INFO:Initializing Passive Aggressive Regressor
2023-07-04 09:34:41,565:INFO:Total runtime is 0.4447138905525208 minutes
2023-07-04 09:34:41,574:INFO:SubProcess create_model() called ==================================
2023-07-04 09:34:41,574:INFO:Initializing create_model()
2023-07-04 09:34:41,575:INFO:create_model(self=<pycaret.regression.oop.RegressionExperiment object at 0x7f854a8330d0>, estimator=par, fold=KFold(n_splits=5, random_state=None, shuffle=False), round=4, cross_validation=True, predict=True, fit_kwargs={}, groups=None, refit=False, probability_threshold=None, experiment_custom_tags=None, verbose=False, system=False, add_to_model_list=True, metrics=None, display=<pycaret.internal.display.display.CommonDisplay object at 0x7f854a560910>, model_only=True, return_train_score=False, kwargs={})
2023-07-04 09:34:41,575:INFO:Checking exceptions
2023-07-04 09:34:41,575:INFO:Importing libraries
2023-07-04 09:34:41,575:INFO:Copying training dataset
2023-07-04 09:34:41,581:INFO:Defining folds
2023-07-04 09:34:41,582:INFO:Declaring metric variables
2023-07-04 09:34:41,588:INFO:Importing untrained model
2023-07-04 09:34:41,594:INFO:Passive Aggressive Regressor Imported successfully
2023-07-04 09:34:41,604:INFO:Starting cross validation
2023-07-04 09:34:41,884:INFO:Cross validating with KFold(n_splits=5, random_state=None, shuffle=False), n_jobs=-1
2023-07-04 09:34:43,845:INFO:Calculating mean and std
2023-07-04 09:34:43,847:INFO:Creating metrics dataframe
2023-07-04 09:34:43,961:INFO:Uploading results into container
2023-07-04 09:34:43,962:INFO:Uploading model into container now
2023-07-04 09:34:43,962:INFO:_master_model_container: 43
2023-07-04 09:34:43,962:INFO:_display_container: 14
2023-07-04 09:34:43,963:INFO:PassiveAggressiveRegressor(random_state=2584)
2023-07-04 09:34:43,963:INFO:create_model() successfully completed......................................
2023-07-04 09:34:44,115:INFO:SubProcess create_model() end ==================================
2023-07-04 09:34:44,115:INFO:Creating metrics dataframe
2023-07-04 09:34:44,131:INFO:Initializing Random Sample Consensus
2023-07-04 09:34:44,131:INFO:Total runtime is 0.487487276395162 minutes
2023-07-04 09:34:44,137:INFO:SubProcess create_model() called ==================================
2023-07-04 09:34:44,137:INFO:Initializing create_model()
2023-07-04 09:34:44,137:INFO:create_model(self=<pycaret.regression.oop.RegressionExperiment object at 0x7f854a8330d0>, estimator=ransac, fold=KFold(n_splits=5, random_state=None, shuffle=False), round=4, cross_validation=True, predict=True, fit_kwargs={}, groups=None, refit=False, probability_threshold=None, experiment_custom_tags=None, verbose=False, system=False, add_to_model_list=True, metrics=None, display=<pycaret.internal.display.display.CommonDisplay object at 0x7f854a560910>, model_only=True, return_train_score=False, kwargs={})
2023-07-04 09:34:44,137:INFO:Checking exceptions
2023-07-04 09:34:44,138:INFO:Importing libraries
2023-07-04 09:34:44,138:INFO:Copying training dataset
2023-07-04 09:34:44,146:INFO:Defining folds
2023-07-04 09:34:44,146:INFO:Declaring metric variables
2023-07-04 09:34:44,154:INFO:Importing untrained model
2023-07-04 09:34:44,161:INFO:Random Sample Consensus Imported successfully
2023-07-04 09:34:44,172:INFO:Starting cross validation
2023-07-04 09:34:44,463:INFO:Cross validating with KFold(n_splits=5, random_state=None, shuffle=False), n_jobs=-1
2023-07-04 09:34:47,645:WARNING:/home/thom/venvs/fairlearn/lib/python3.9/site-packages/pycaret/internal/pipeline.py:310: UserWarning: Persisting input arguments took 0.57s to run.
If this happens often in your code, it can cause performance problems 
(results will be correct in all cases). 
The reason for this is probably some large input arguments for a wrapped
 function (e.g. large strings).
THIS IS A JOBLIB ISSUE. If you can, kindly provide the joblib's team with an
 example so that they can fix the problem.
  X, _ = self._memory_full_transform(self, X, None, with_final=False)

2023-07-04 09:34:47,660:WARNING:/home/thom/venvs/fairlearn/lib/python3.9/site-packages/pycaret/internal/pipeline.py:310: UserWarning: Persisting input arguments took 0.58s to run.
If this happens often in your code, it can cause performance problems 
(results will be correct in all cases). 
The reason for this is probably some large input arguments for a wrapped
 function (e.g. large strings).
THIS IS A JOBLIB ISSUE. If you can, kindly provide the joblib's team with an
 example so that they can fix the problem.
  X, _ = self._memory_full_transform(self, X, None, with_final=False)

2023-07-04 09:34:47,782:WARNING:/home/thom/venvs/fairlearn/lib/python3.9/site-packages/pycaret/internal/pipeline.py:310: UserWarning: Persisting input arguments took 0.61s to run.
If this happens often in your code, it can cause performance problems 
(results will be correct in all cases). 
The reason for this is probably some large input arguments for a wrapped
 function (e.g. large strings).
THIS IS A JOBLIB ISSUE. If you can, kindly provide the joblib's team with an
 example so that they can fix the problem.
  X, _ = self._memory_full_transform(self, X, None, with_final=False)

2023-07-04 09:34:47,819:WARNING:/home/thom/venvs/fairlearn/lib/python3.9/site-packages/pycaret/internal/pipeline.py:310: UserWarning: Persisting input arguments took 0.60s to run.
If this happens often in your code, it can cause performance problems 
(results will be correct in all cases). 
The reason for this is probably some large input arguments for a wrapped
 function (e.g. large strings).
THIS IS A JOBLIB ISSUE. If you can, kindly provide the joblib's team with an
 example so that they can fix the problem.
  X, _ = self._memory_full_transform(self, X, None, with_final=False)

2023-07-04 09:34:49,032:INFO:Calculating mean and std
2023-07-04 09:34:49,034:INFO:Creating metrics dataframe
2023-07-04 09:34:49,166:INFO:Uploading results into container
2023-07-04 09:34:49,166:INFO:Uploading model into container now
2023-07-04 09:34:49,167:INFO:_master_model_container: 44
2023-07-04 09:34:49,167:INFO:_display_container: 14
2023-07-04 09:34:49,168:INFO:RANSACRegressor(random_state=2584)
2023-07-04 09:34:49,168:INFO:create_model() successfully completed......................................
2023-07-04 09:34:49,320:INFO:SubProcess create_model() end ==================================
2023-07-04 09:34:49,320:INFO:Creating metrics dataframe
2023-07-04 09:34:49,336:INFO:Initializing TheilSen Regressor
2023-07-04 09:34:49,336:INFO:Total runtime is 0.5742319305737814 minutes
2023-07-04 09:34:49,343:INFO:SubProcess create_model() called ==================================
2023-07-04 09:34:49,343:INFO:Initializing create_model()
2023-07-04 09:34:49,343:INFO:create_model(self=<pycaret.regression.oop.RegressionExperiment object at 0x7f854a8330d0>, estimator=tr, fold=KFold(n_splits=5, random_state=None, shuffle=False), round=4, cross_validation=True, predict=True, fit_kwargs={}, groups=None, refit=False, probability_threshold=None, experiment_custom_tags=None, verbose=False, system=False, add_to_model_list=True, metrics=None, display=<pycaret.internal.display.display.CommonDisplay object at 0x7f854a560910>, model_only=True, return_train_score=False, kwargs={})
2023-07-04 09:34:49,343:INFO:Checking exceptions
2023-07-04 09:34:49,343:INFO:Importing libraries
2023-07-04 09:34:49,343:INFO:Copying training dataset
2023-07-04 09:34:49,349:INFO:Defining folds
2023-07-04 09:34:49,349:INFO:Declaring metric variables
2023-07-04 09:34:49,355:INFO:Importing untrained model
2023-07-04 09:34:49,361:INFO:TheilSen Regressor Imported successfully
2023-07-04 09:34:49,371:INFO:Starting cross validation
2023-07-04 09:34:49,639:INFO:Cross validating with KFold(n_splits=5, random_state=None, shuffle=False), n_jobs=-1
2023-07-04 09:34:53,821:WARNING:/home/thom/venvs/fairlearn/lib/python3.9/site-packages/pycaret/internal/pipeline.py:310: UserWarning: Persisting input arguments took 0.57s to run.
If this happens often in your code, it can cause performance problems 
(results will be correct in all cases). 
The reason for this is probably some large input arguments for a wrapped
 function (e.g. large strings).
THIS IS A JOBLIB ISSUE. If you can, kindly provide the joblib's team with an
 example so that they can fix the problem.
  X, _ = self._memory_full_transform(self, X, None, with_final=False)

2023-07-04 09:34:53,856:WARNING:/home/thom/venvs/fairlearn/lib/python3.9/site-packages/pycaret/internal/pipeline.py:310: UserWarning: Persisting input arguments took 0.59s to run.
If this happens often in your code, it can cause performance problems 
(results will be correct in all cases). 
The reason for this is probably some large input arguments for a wrapped
 function (e.g. large strings).
THIS IS A JOBLIB ISSUE. If you can, kindly provide the joblib's team with an
 example so that they can fix the problem.
  X, _ = self._memory_full_transform(self, X, None, with_final=False)

2023-07-04 09:34:53,895:WARNING:/home/thom/venvs/fairlearn/lib/python3.9/site-packages/pycaret/internal/pipeline.py:310: UserWarning: Persisting input arguments took 0.60s to run.
If this happens often in your code, it can cause performance problems 
(results will be correct in all cases). 
The reason for this is probably some large input arguments for a wrapped
 function (e.g. large strings).
THIS IS A JOBLIB ISSUE. If you can, kindly provide the joblib's team with an
 example so that they can fix the problem.
  X, _ = self._memory_full_transform(self, X, None, with_final=False)

2023-07-04 09:34:53,900:WARNING:/home/thom/venvs/fairlearn/lib/python3.9/site-packages/pycaret/internal/pipeline.py:310: UserWarning: Persisting input arguments took 0.60s to run.
If this happens often in your code, it can cause performance problems 
(results will be correct in all cases). 
The reason for this is probably some large input arguments for a wrapped
 function (e.g. large strings).
THIS IS A JOBLIB ISSUE. If you can, kindly provide the joblib's team with an
 example so that they can fix the problem.
  X, _ = self._memory_full_transform(self, X, None, with_final=False)

2023-07-04 09:34:57,787:INFO:Calculating mean and std
2023-07-04 09:34:57,789:INFO:Creating metrics dataframe
2023-07-04 09:34:57,904:INFO:Uploading results into container
2023-07-04 09:34:57,905:INFO:Uploading model into container now
2023-07-04 09:34:57,906:INFO:_master_model_container: 45
2023-07-04 09:34:57,906:INFO:_display_container: 14
2023-07-04 09:34:57,906:INFO:TheilSenRegressor(max_iter=1000, n_jobs=-1, random_state=2584)
2023-07-04 09:34:57,906:INFO:create_model() successfully completed......................................
2023-07-04 09:34:58,035:INFO:SubProcess create_model() end ==================================
2023-07-04 09:34:58,036:INFO:Creating metrics dataframe
2023-07-04 09:34:58,060:INFO:Initializing Huber Regressor
2023-07-04 09:34:58,061:INFO:Total runtime is 0.7196397145589193 minutes
2023-07-04 09:34:58,067:INFO:SubProcess create_model() called ==================================
2023-07-04 09:34:58,068:INFO:Initializing create_model()
2023-07-04 09:34:58,068:INFO:create_model(self=<pycaret.regression.oop.RegressionExperiment object at 0x7f854a8330d0>, estimator=huber, fold=KFold(n_splits=5, random_state=None, shuffle=False), round=4, cross_validation=True, predict=True, fit_kwargs={}, groups=None, refit=False, probability_threshold=None, experiment_custom_tags=None, verbose=False, system=False, add_to_model_list=True, metrics=None, display=<pycaret.internal.display.display.CommonDisplay object at 0x7f854a560910>, model_only=True, return_train_score=False, kwargs={})
2023-07-04 09:34:58,069:INFO:Checking exceptions
2023-07-04 09:34:58,069:INFO:Importing libraries
2023-07-04 09:34:58,069:INFO:Copying training dataset
2023-07-04 09:34:58,077:INFO:Defining folds
2023-07-04 09:34:58,078:INFO:Declaring metric variables
2023-07-04 09:34:58,083:INFO:Importing untrained model
2023-07-04 09:34:58,089:INFO:Huber Regressor Imported successfully
2023-07-04 09:34:58,099:INFO:Starting cross validation
2023-07-04 09:34:58,344:INFO:Cross validating with KFold(n_splits=5, random_state=None, shuffle=False), n_jobs=-1
2023-07-04 09:34:59,163:WARNING:/home/thom/venvs/fairlearn/lib/python3.9/site-packages/sklearn/linear_model/_huber.py:335: ConvergenceWarning: lbfgs failed to converge (status=1):
STOP: TOTAL NO. of ITERATIONS REACHED LIMIT.

Increase the number of iterations (max_iter) or scale the data as shown in:
    https://scikit-learn.org/stable/modules/preprocessing.html
  self.n_iter_ = _check_optimize_result("lbfgs", opt_res, self.max_iter)

2023-07-04 09:34:59,176:WARNING:/home/thom/venvs/fairlearn/lib/python3.9/site-packages/sklearn/linear_model/_huber.py:335: ConvergenceWarning: lbfgs failed to converge (status=1):
STOP: TOTAL NO. of ITERATIONS REACHED LIMIT.

Increase the number of iterations (max_iter) or scale the data as shown in:
    https://scikit-learn.org/stable/modules/preprocessing.html
  self.n_iter_ = _check_optimize_result("lbfgs", opt_res, self.max_iter)

2023-07-04 09:35:00,171:WARNING:/home/thom/venvs/fairlearn/lib/python3.9/site-packages/sklearn/linear_model/_huber.py:335: ConvergenceWarning: lbfgs failed to converge (status=1):
STOP: TOTAL NO. of ITERATIONS REACHED LIMIT.

Increase the number of iterations (max_iter) or scale the data as shown in:
    https://scikit-learn.org/stable/modules/preprocessing.html
  self.n_iter_ = _check_optimize_result("lbfgs", opt_res, self.max_iter)

2023-07-04 09:35:00,399:INFO:Calculating mean and std
2023-07-04 09:35:00,400:INFO:Creating metrics dataframe
2023-07-04 09:35:00,534:INFO:Uploading results into container
2023-07-04 09:35:00,535:INFO:Uploading model into container now
2023-07-04 09:35:00,536:INFO:_master_model_container: 46
2023-07-04 09:35:00,536:INFO:_display_container: 14
2023-07-04 09:35:00,537:INFO:HuberRegressor()
2023-07-04 09:35:00,537:INFO:create_model() successfully completed......................................
2023-07-04 09:35:00,685:INFO:SubProcess create_model() end ==================================
2023-07-04 09:35:00,685:INFO:Creating metrics dataframe
2023-07-04 09:35:00,701:INFO:Initializing Kernel Ridge
2023-07-04 09:35:00,701:INFO:Total runtime is 0.7636547207832337 minutes
2023-07-04 09:35:00,706:INFO:SubProcess create_model() called ==================================
2023-07-04 09:35:00,707:INFO:Initializing create_model()
2023-07-04 09:35:00,707:INFO:create_model(self=<pycaret.regression.oop.RegressionExperiment object at 0x7f854a8330d0>, estimator=kr, fold=KFold(n_splits=5, random_state=None, shuffle=False), round=4, cross_validation=True, predict=True, fit_kwargs={}, groups=None, refit=False, probability_threshold=None, experiment_custom_tags=None, verbose=False, system=False, add_to_model_list=True, metrics=None, display=<pycaret.internal.display.display.CommonDisplay object at 0x7f854a560910>, model_only=True, return_train_score=False, kwargs={})
2023-07-04 09:35:00,707:INFO:Checking exceptions
2023-07-04 09:35:00,707:INFO:Importing libraries
2023-07-04 09:35:00,708:INFO:Copying training dataset
2023-07-04 09:35:00,716:INFO:Defining folds
2023-07-04 09:35:00,717:INFO:Declaring metric variables
2023-07-04 09:35:00,723:INFO:Importing untrained model
2023-07-04 09:35:00,729:INFO:Kernel Ridge Imported successfully
2023-07-04 09:35:00,743:INFO:Starting cross validation
2023-07-04 09:35:00,989:INFO:Cross validating with KFold(n_splits=5, random_state=None, shuffle=False), n_jobs=-1
2023-07-04 09:35:01,697:WARNING:/home/thom/venvs/fairlearn/lib/python3.9/site-packages/sklearn/linear_model/_ridge.py:251: UserWarning: Singular matrix in solving dual problem. Using least-squares solution instead.
  warnings.warn(

2023-07-04 09:35:01,725:WARNING:/home/thom/venvs/fairlearn/lib/python3.9/site-packages/sklearn/linear_model/_ridge.py:251: UserWarning: Singular matrix in solving dual problem. Using least-squares solution instead.
  warnings.warn(

2023-07-04 09:35:01,744:WARNING:/home/thom/venvs/fairlearn/lib/python3.9/site-packages/sklearn/linear_model/_ridge.py:251: UserWarning: Singular matrix in solving dual problem. Using least-squares solution instead.
  warnings.warn(

2023-07-04 09:35:01,754:WARNING:/home/thom/venvs/fairlearn/lib/python3.9/site-packages/sklearn/linear_model/_ridge.py:251: UserWarning: Singular matrix in solving dual problem. Using least-squares solution instead.
  warnings.warn(

2023-07-04 09:35:03,851:WARNING:/home/thom/venvs/fairlearn/lib/python3.9/site-packages/pycaret/internal/pipeline.py:310: UserWarning: Persisting input arguments took 0.58s to run.
If this happens often in your code, it can cause performance problems 
(results will be correct in all cases). 
The reason for this is probably some large input arguments for a wrapped
 function (e.g. large strings).
THIS IS A JOBLIB ISSUE. If you can, kindly provide the joblib's team with an
 example so that they can fix the problem.
  X, _ = self._memory_full_transform(self, X, None, with_final=False)

2023-07-04 09:35:03,874:WARNING:/home/thom/venvs/fairlearn/lib/python3.9/site-packages/pycaret/internal/pipeline.py:310: UserWarning: Persisting input arguments took 0.58s to run.
If this happens often in your code, it can cause performance problems 
(results will be correct in all cases). 
The reason for this is probably some large input arguments for a wrapped
 function (e.g. large strings).
THIS IS A JOBLIB ISSUE. If you can, kindly provide the joblib's team with an
 example so that they can fix the problem.
  X, _ = self._memory_full_transform(self, X, None, with_final=False)

2023-07-04 09:35:03,910:WARNING:/home/thom/venvs/fairlearn/lib/python3.9/site-packages/pycaret/internal/pipeline.py:310: UserWarning: Persisting input arguments took 0.59s to run.
If this happens often in your code, it can cause performance problems 
(results will be correct in all cases). 
The reason for this is probably some large input arguments for a wrapped
 function (e.g. large strings).
THIS IS A JOBLIB ISSUE. If you can, kindly provide the joblib's team with an
 example so that they can fix the problem.
  X, _ = self._memory_full_transform(self, X, None, with_final=False)

2023-07-04 09:35:03,986:WARNING:/home/thom/venvs/fairlearn/lib/python3.9/site-packages/pycaret/internal/pipeline.py:310: UserWarning: Persisting input arguments took 0.61s to run.
If this happens often in your code, it can cause performance problems 
(results will be correct in all cases). 
The reason for this is probably some large input arguments for a wrapped
 function (e.g. large strings).
THIS IS A JOBLIB ISSUE. If you can, kindly provide the joblib's team with an
 example so that they can fix the problem.
  X, _ = self._memory_full_transform(self, X, None, with_final=False)

2023-07-04 09:35:04,334:WARNING:/home/thom/venvs/fairlearn/lib/python3.9/site-packages/sklearn/linear_model/_ridge.py:251: UserWarning: Singular matrix in solving dual problem. Using least-squares solution instead.
  warnings.warn(

2023-07-04 09:35:06,391:INFO:Calculating mean and std
2023-07-04 09:35:06,392:INFO:Creating metrics dataframe
2023-07-04 09:35:06,509:INFO:Uploading results into container
2023-07-04 09:35:06,510:INFO:Uploading model into container now
2023-07-04 09:35:06,511:INFO:_master_model_container: 47
2023-07-04 09:35:06,511:INFO:_display_container: 14
2023-07-04 09:35:06,511:INFO:KernelRidge()
2023-07-04 09:35:06,511:INFO:create_model() successfully completed......................................
2023-07-04 09:35:06,660:INFO:SubProcess create_model() end ==================================
2023-07-04 09:35:06,660:INFO:Creating metrics dataframe
2023-07-04 09:35:06,685:INFO:Initializing Support Vector Regression
2023-07-04 09:35:06,685:INFO:Total runtime is 0.8633793274561565 minutes
2023-07-04 09:35:06,692:INFO:SubProcess create_model() called ==================================
2023-07-04 09:35:06,693:INFO:Initializing create_model()
2023-07-04 09:35:06,693:INFO:create_model(self=<pycaret.regression.oop.RegressionExperiment object at 0x7f854a8330d0>, estimator=svm, fold=KFold(n_splits=5, random_state=None, shuffle=False), round=4, cross_validation=True, predict=True, fit_kwargs={}, groups=None, refit=False, probability_threshold=None, experiment_custom_tags=None, verbose=False, system=False, add_to_model_list=True, metrics=None, display=<pycaret.internal.display.display.CommonDisplay object at 0x7f854a560910>, model_only=True, return_train_score=False, kwargs={})
2023-07-04 09:35:06,693:INFO:Checking exceptions
2023-07-04 09:35:06,693:INFO:Importing libraries
2023-07-04 09:35:06,693:INFO:Copying training dataset
2023-07-04 09:35:06,702:INFO:Defining folds
2023-07-04 09:35:06,702:INFO:Declaring metric variables
2023-07-04 09:35:06,711:INFO:Importing untrained model
2023-07-04 09:35:06,718:INFO:Support Vector Regression Imported successfully
2023-07-04 09:35:06,730:INFO:Starting cross validation
2023-07-04 09:35:06,974:INFO:Cross validating with KFold(n_splits=5, random_state=None, shuffle=False), n_jobs=-1
2023-07-04 09:35:09,279:WARNING:/home/thom/venvs/fairlearn/lib/python3.9/site-packages/pycaret/internal/pipeline.py:310: UserWarning: Persisting input arguments took 0.57s to run.
If this happens often in your code, it can cause performance problems 
(results will be correct in all cases). 
The reason for this is probably some large input arguments for a wrapped
 function (e.g. large strings).
THIS IS A JOBLIB ISSUE. If you can, kindly provide the joblib's team with an
 example so that they can fix the problem.
  X, _ = self._memory_full_transform(self, X, None, with_final=False)

2023-07-04 09:35:09,346:WARNING:/home/thom/venvs/fairlearn/lib/python3.9/site-packages/pycaret/internal/pipeline.py:310: UserWarning: Persisting input arguments took 0.59s to run.
If this happens often in your code, it can cause performance problems 
(results will be correct in all cases). 
The reason for this is probably some large input arguments for a wrapped
 function (e.g. large strings).
THIS IS A JOBLIB ISSUE. If you can, kindly provide the joblib's team with an
 example so that they can fix the problem.
  X, _ = self._memory_full_transform(self, X, None, with_final=False)

2023-07-04 09:35:09,421:WARNING:/home/thom/venvs/fairlearn/lib/python3.9/site-packages/pycaret/internal/pipeline.py:310: UserWarning: Persisting input arguments took 0.60s to run.
If this happens often in your code, it can cause performance problems 
(results will be correct in all cases). 
The reason for this is probably some large input arguments for a wrapped
 function (e.g. large strings).
THIS IS A JOBLIB ISSUE. If you can, kindly provide the joblib's team with an
 example so that they can fix the problem.
  X, _ = self._memory_full_transform(self, X, None, with_final=False)

2023-07-04 09:35:09,555:WARNING:/home/thom/venvs/fairlearn/lib/python3.9/site-packages/pycaret/internal/pipeline.py:310: UserWarning: Persisting input arguments took 0.59s to run.
If this happens often in your code, it can cause performance problems 
(results will be correct in all cases). 
The reason for this is probably some large input arguments for a wrapped
 function (e.g. large strings).
THIS IS A JOBLIB ISSUE. If you can, kindly provide the joblib's team with an
 example so that they can fix the problem.
  X, _ = self._memory_full_transform(self, X, None, with_final=False)

2023-07-04 09:35:10,747:INFO:Calculating mean and std
2023-07-04 09:35:10,749:INFO:Creating metrics dataframe
2023-07-04 09:35:10,876:INFO:Uploading results into container
2023-07-04 09:35:10,877:INFO:Uploading model into container now
2023-07-04 09:35:10,878:INFO:_master_model_container: 48
2023-07-04 09:35:10,878:INFO:_display_container: 14
2023-07-04 09:35:10,878:INFO:SVR()
2023-07-04 09:35:10,879:INFO:create_model() successfully completed......................................
2023-07-04 09:35:11,026:INFO:SubProcess create_model() end ==================================
2023-07-04 09:35:11,026:INFO:Creating metrics dataframe
2023-07-04 09:35:11,047:INFO:Initializing K Neighbors Regressor
2023-07-04 09:35:11,047:INFO:Total runtime is 0.9360874414443972 minutes
2023-07-04 09:35:11,053:INFO:SubProcess create_model() called ==================================
2023-07-04 09:35:11,054:INFO:Initializing create_model()
2023-07-04 09:35:11,054:INFO:create_model(self=<pycaret.regression.oop.RegressionExperiment object at 0x7f854a8330d0>, estimator=knn, fold=KFold(n_splits=5, random_state=None, shuffle=False), round=4, cross_validation=True, predict=True, fit_kwargs={}, groups=None, refit=False, probability_threshold=None, experiment_custom_tags=None, verbose=False, system=False, add_to_model_list=True, metrics=None, display=<pycaret.internal.display.display.CommonDisplay object at 0x7f854a560910>, model_only=True, return_train_score=False, kwargs={})
2023-07-04 09:35:11,054:INFO:Checking exceptions
2023-07-04 09:35:11,054:INFO:Importing libraries
2023-07-04 09:35:11,054:INFO:Copying training dataset
2023-07-04 09:35:11,060:INFO:Defining folds
2023-07-04 09:35:11,060:INFO:Declaring metric variables
2023-07-04 09:35:11,066:INFO:Importing untrained model
2023-07-04 09:35:11,073:INFO:K Neighbors Regressor Imported successfully
2023-07-04 09:35:11,083:INFO:Starting cross validation
2023-07-04 09:35:11,337:INFO:Cross validating with KFold(n_splits=5, random_state=None, shuffle=False), n_jobs=-1
2023-07-04 09:35:13,312:INFO:Calculating mean and std
2023-07-04 09:35:13,314:INFO:Creating metrics dataframe
2023-07-04 09:35:13,443:INFO:Uploading results into container
2023-07-04 09:35:13,444:INFO:Uploading model into container now
2023-07-04 09:35:13,445:INFO:_master_model_container: 49
2023-07-04 09:35:13,445:INFO:_display_container: 14
2023-07-04 09:35:13,445:INFO:KNeighborsRegressor(n_jobs=-1)
2023-07-04 09:35:13,446:INFO:create_model() successfully completed......................................
2023-07-04 09:35:13,601:INFO:SubProcess create_model() end ==================================
2023-07-04 09:35:13,601:INFO:Creating metrics dataframe
2023-07-04 09:35:13,623:INFO:Initializing Decision Tree Regressor
2023-07-04 09:35:13,623:INFO:Total runtime is 0.9790155092875165 minutes
2023-07-04 09:35:13,630:INFO:SubProcess create_model() called ==================================
2023-07-04 09:35:13,631:INFO:Initializing create_model()
2023-07-04 09:35:13,631:INFO:create_model(self=<pycaret.regression.oop.RegressionExperiment object at 0x7f854a8330d0>, estimator=dt, fold=KFold(n_splits=5, random_state=None, shuffle=False), round=4, cross_validation=True, predict=True, fit_kwargs={}, groups=None, refit=False, probability_threshold=None, experiment_custom_tags=None, verbose=False, system=False, add_to_model_list=True, metrics=None, display=<pycaret.internal.display.display.CommonDisplay object at 0x7f854a560910>, model_only=True, return_train_score=False, kwargs={})
2023-07-04 09:35:13,631:INFO:Checking exceptions
2023-07-04 09:35:13,631:INFO:Importing libraries
2023-07-04 09:35:13,631:INFO:Copying training dataset
2023-07-04 09:35:13,640:INFO:Defining folds
2023-07-04 09:35:13,640:INFO:Declaring metric variables
2023-07-04 09:35:13,648:INFO:Importing untrained model
2023-07-04 09:35:13,656:INFO:Decision Tree Regressor Imported successfully
2023-07-04 09:35:13,670:INFO:Starting cross validation
2023-07-04 09:35:13,929:INFO:Cross validating with KFold(n_splits=5, random_state=None, shuffle=False), n_jobs=-1
2023-07-04 09:35:16,732:INFO:Calculating mean and std
2023-07-04 09:35:16,734:INFO:Creating metrics dataframe
2023-07-04 09:35:16,872:INFO:Uploading results into container
2023-07-04 09:35:16,873:INFO:Uploading model into container now
2023-07-04 09:35:16,874:INFO:_master_model_container: 50
2023-07-04 09:35:16,874:INFO:_display_container: 14
2023-07-04 09:35:16,874:INFO:DecisionTreeRegressor(random_state=2584)
2023-07-04 09:35:16,875:INFO:create_model() successfully completed......................................
2023-07-04 09:35:17,030:INFO:SubProcess create_model() end ==================================
2023-07-04 09:35:17,030:INFO:Creating metrics dataframe
2023-07-04 09:35:17,047:INFO:Initializing Random Forest Regressor
2023-07-04 09:35:17,047:INFO:Total runtime is 1.0360749363899233 minutes
2023-07-04 09:35:17,053:INFO:SubProcess create_model() called ==================================
2023-07-04 09:35:17,054:INFO:Initializing create_model()
2023-07-04 09:35:17,055:INFO:create_model(self=<pycaret.regression.oop.RegressionExperiment object at 0x7f854a8330d0>, estimator=rf, fold=KFold(n_splits=5, random_state=None, shuffle=False), round=4, cross_validation=True, predict=True, fit_kwargs={}, groups=None, refit=False, probability_threshold=None, experiment_custom_tags=None, verbose=False, system=False, add_to_model_list=True, metrics=None, display=<pycaret.internal.display.display.CommonDisplay object at 0x7f854a560910>, model_only=True, return_train_score=False, kwargs={})
2023-07-04 09:35:17,055:INFO:Checking exceptions
2023-07-04 09:35:17,055:INFO:Importing libraries
2023-07-04 09:35:17,055:INFO:Copying training dataset
2023-07-04 09:35:17,069:INFO:Defining folds
2023-07-04 09:35:17,069:INFO:Declaring metric variables
2023-07-04 09:35:17,075:INFO:Importing untrained model
2023-07-04 09:35:17,082:INFO:Random Forest Regressor Imported successfully
2023-07-04 09:35:17,094:INFO:Starting cross validation
2023-07-04 09:35:17,387:INFO:Cross validating with KFold(n_splits=5, random_state=None, shuffle=False), n_jobs=-1
2023-07-04 09:35:19,622:INFO:Calculating mean and std
2023-07-04 09:35:19,624:INFO:Creating metrics dataframe
2023-07-04 09:35:19,753:INFO:Uploading results into container
2023-07-04 09:35:19,754:INFO:Uploading model into container now
2023-07-04 09:35:19,754:INFO:_master_model_container: 51
2023-07-04 09:35:19,754:INFO:_display_container: 14
2023-07-04 09:35:19,755:INFO:RandomForestRegressor(n_jobs=-1, random_state=2584)
2023-07-04 09:35:19,755:INFO:create_model() successfully completed......................................
2023-07-04 09:35:19,885:INFO:SubProcess create_model() end ==================================
2023-07-04 09:35:19,886:INFO:Creating metrics dataframe
2023-07-04 09:35:19,903:INFO:Initializing Extra Trees Regressor
2023-07-04 09:35:19,903:INFO:Total runtime is 1.0836878101030987 minutes
2023-07-04 09:35:19,908:INFO:SubProcess create_model() called ==================================
2023-07-04 09:35:19,909:INFO:Initializing create_model()
2023-07-04 09:35:19,909:INFO:create_model(self=<pycaret.regression.oop.RegressionExperiment object at 0x7f854a8330d0>, estimator=et, fold=KFold(n_splits=5, random_state=None, shuffle=False), round=4, cross_validation=True, predict=True, fit_kwargs={}, groups=None, refit=False, probability_threshold=None, experiment_custom_tags=None, verbose=False, system=False, add_to_model_list=True, metrics=None, display=<pycaret.internal.display.display.CommonDisplay object at 0x7f854a560910>, model_only=True, return_train_score=False, kwargs={})
2023-07-04 09:35:19,909:INFO:Checking exceptions
2023-07-04 09:35:19,909:INFO:Importing libraries
2023-07-04 09:35:19,910:INFO:Copying training dataset
2023-07-04 09:35:19,918:INFO:Defining folds
2023-07-04 09:35:19,918:INFO:Declaring metric variables
2023-07-04 09:35:19,924:INFO:Importing untrained model
2023-07-04 09:35:19,930:INFO:Extra Trees Regressor Imported successfully
2023-07-04 09:35:19,944:INFO:Starting cross validation
2023-07-04 09:35:20,235:INFO:Cross validating with KFold(n_splits=5, random_state=None, shuffle=False), n_jobs=-1
2023-07-04 09:35:22,533:INFO:Calculating mean and std
2023-07-04 09:35:22,534:INFO:Creating metrics dataframe
2023-07-04 09:35:22,663:INFO:Uploading results into container
2023-07-04 09:35:22,664:INFO:Uploading model into container now
2023-07-04 09:35:22,665:INFO:_master_model_container: 52
2023-07-04 09:35:22,665:INFO:_display_container: 14
2023-07-04 09:35:22,665:INFO:ExtraTreesRegressor(n_jobs=-1, random_state=2584)
2023-07-04 09:35:22,665:INFO:create_model() successfully completed......................................
2023-07-04 09:35:22,795:INFO:SubProcess create_model() end ==================================
2023-07-04 09:35:22,795:INFO:Creating metrics dataframe
2023-07-04 09:35:22,815:INFO:Initializing AdaBoost Regressor
2023-07-04 09:35:22,816:INFO:Total runtime is 1.1322234749794007 minutes
2023-07-04 09:35:22,821:INFO:SubProcess create_model() called ==================================
2023-07-04 09:35:22,821:INFO:Initializing create_model()
2023-07-04 09:35:22,821:INFO:create_model(self=<pycaret.regression.oop.RegressionExperiment object at 0x7f854a8330d0>, estimator=ada, fold=KFold(n_splits=5, random_state=None, shuffle=False), round=4, cross_validation=True, predict=True, fit_kwargs={}, groups=None, refit=False, probability_threshold=None, experiment_custom_tags=None, verbose=False, system=False, add_to_model_list=True, metrics=None, display=<pycaret.internal.display.display.CommonDisplay object at 0x7f854a560910>, model_only=True, return_train_score=False, kwargs={})
2023-07-04 09:35:22,821:INFO:Checking exceptions
2023-07-04 09:35:22,821:INFO:Importing libraries
2023-07-04 09:35:22,821:INFO:Copying training dataset
2023-07-04 09:35:22,830:INFO:Defining folds
2023-07-04 09:35:22,830:INFO:Declaring metric variables
2023-07-04 09:35:22,838:INFO:Importing untrained model
2023-07-04 09:35:22,845:INFO:AdaBoost Regressor Imported successfully
2023-07-04 09:35:22,856:INFO:Starting cross validation
2023-07-04 09:35:23,104:INFO:Cross validating with KFold(n_splits=5, random_state=None, shuffle=False), n_jobs=-1
2023-07-04 09:35:26,314:INFO:Calculating mean and std
2023-07-04 09:35:26,316:INFO:Creating metrics dataframe
2023-07-04 09:35:26,437:INFO:Uploading results into container
2023-07-04 09:35:26,438:INFO:Uploading model into container now
2023-07-04 09:35:26,439:INFO:_master_model_container: 53
2023-07-04 09:35:26,439:INFO:_display_container: 14
2023-07-04 09:35:26,439:INFO:AdaBoostRegressor(random_state=2584)
2023-07-04 09:35:26,439:INFO:create_model() successfully completed......................................
2023-07-04 09:35:26,588:INFO:SubProcess create_model() end ==================================
2023-07-04 09:35:26,589:INFO:Creating metrics dataframe
2023-07-04 09:35:26,607:INFO:Initializing Gradient Boosting Regressor
2023-07-04 09:35:26,608:INFO:Total runtime is 1.19542449315389 minutes
2023-07-04 09:35:26,612:INFO:SubProcess create_model() called ==================================
2023-07-04 09:35:26,613:INFO:Initializing create_model()
2023-07-04 09:35:26,613:INFO:create_model(self=<pycaret.regression.oop.RegressionExperiment object at 0x7f854a8330d0>, estimator=gbr, fold=KFold(n_splits=5, random_state=None, shuffle=False), round=4, cross_validation=True, predict=True, fit_kwargs={}, groups=None, refit=False, probability_threshold=None, experiment_custom_tags=None, verbose=False, system=False, add_to_model_list=True, metrics=None, display=<pycaret.internal.display.display.CommonDisplay object at 0x7f854a560910>, model_only=True, return_train_score=False, kwargs={})
2023-07-04 09:35:26,613:INFO:Checking exceptions
2023-07-04 09:35:26,613:INFO:Importing libraries
2023-07-04 09:35:26,613:INFO:Copying training dataset
2023-07-04 09:35:26,622:INFO:Defining folds
2023-07-04 09:35:26,623:INFO:Declaring metric variables
2023-07-04 09:35:26,628:INFO:Importing untrained model
2023-07-04 09:35:26,634:INFO:Gradient Boosting Regressor Imported successfully
2023-07-04 09:35:26,646:INFO:Starting cross validation
2023-07-04 09:35:26,909:INFO:Cross validating with KFold(n_splits=5, random_state=None, shuffle=False), n_jobs=-1
2023-07-04 09:35:29,474:WARNING:/home/thom/venvs/fairlearn/lib/python3.9/site-packages/pycaret/internal/pipeline.py:310: UserWarning: Persisting input arguments took 0.68s to run.
If this happens often in your code, it can cause performance problems 
(results will be correct in all cases). 
The reason for this is probably some large input arguments for a wrapped
 function (e.g. large strings).
THIS IS A JOBLIB ISSUE. If you can, kindly provide the joblib's team with an
 example so that they can fix the problem.
  X, _ = self._memory_full_transform(self, X, None, with_final=False)

2023-07-04 09:35:29,491:WARNING:/home/thom/venvs/fairlearn/lib/python3.9/site-packages/pycaret/internal/pipeline.py:310: UserWarning: Persisting input arguments took 0.71s to run.
If this happens often in your code, it can cause performance problems 
(results will be correct in all cases). 
The reason for this is probably some large input arguments for a wrapped
 function (e.g. large strings).
THIS IS A JOBLIB ISSUE. If you can, kindly provide the joblib's team with an
 example so that they can fix the problem.
  X, _ = self._memory_full_transform(self, X, None, with_final=False)

2023-07-04 09:35:29,551:WARNING:/home/thom/venvs/fairlearn/lib/python3.9/site-packages/pycaret/internal/pipeline.py:310: UserWarning: Persisting input arguments took 0.71s to run.
If this happens often in your code, it can cause performance problems 
(results will be correct in all cases). 
The reason for this is probably some large input arguments for a wrapped
 function (e.g. large strings).
THIS IS A JOBLIB ISSUE. If you can, kindly provide the joblib's team with an
 example so that they can fix the problem.
  X, _ = self._memory_full_transform(self, X, None, with_final=False)

2023-07-04 09:35:29,565:WARNING:/home/thom/venvs/fairlearn/lib/python3.9/site-packages/pycaret/internal/pipeline.py:310: UserWarning: Persisting input arguments took 0.70s to run.
If this happens often in your code, it can cause performance problems 
(results will be correct in all cases). 
The reason for this is probably some large input arguments for a wrapped
 function (e.g. large strings).
THIS IS A JOBLIB ISSUE. If you can, kindly provide the joblib's team with an
 example so that they can fix the problem.
  X, _ = self._memory_full_transform(self, X, None, with_final=False)

2023-07-04 09:35:30,834:INFO:Calculating mean and std
2023-07-04 09:35:30,836:INFO:Creating metrics dataframe
2023-07-04 09:35:30,974:INFO:Uploading results into container
2023-07-04 09:35:30,975:INFO:Uploading model into container now
2023-07-04 09:35:30,975:INFO:_master_model_container: 54
2023-07-04 09:35:30,975:INFO:_display_container: 14
2023-07-04 09:35:30,976:INFO:GradientBoostingRegressor(random_state=2584)
2023-07-04 09:35:30,976:INFO:create_model() successfully completed......................................
2023-07-04 09:35:31,105:INFO:SubProcess create_model() end ==================================
2023-07-04 09:35:31,105:INFO:Creating metrics dataframe
2023-07-04 09:35:31,127:INFO:Initializing MLP Regressor
2023-07-04 09:35:31,128:INFO:Total runtime is 1.2707568844159445 minutes
2023-07-04 09:35:31,134:INFO:SubProcess create_model() called ==================================
2023-07-04 09:35:31,135:INFO:Initializing create_model()
2023-07-04 09:35:31,135:INFO:create_model(self=<pycaret.regression.oop.RegressionExperiment object at 0x7f854a8330d0>, estimator=mlp, fold=KFold(n_splits=5, random_state=None, shuffle=False), round=4, cross_validation=True, predict=True, fit_kwargs={}, groups=None, refit=False, probability_threshold=None, experiment_custom_tags=None, verbose=False, system=False, add_to_model_list=True, metrics=None, display=<pycaret.internal.display.display.CommonDisplay object at 0x7f854a560910>, model_only=True, return_train_score=False, kwargs={})
2023-07-04 09:35:31,135:INFO:Checking exceptions
2023-07-04 09:35:31,135:INFO:Importing libraries
2023-07-04 09:35:31,135:INFO:Copying training dataset
2023-07-04 09:35:31,143:INFO:Defining folds
2023-07-04 09:35:31,144:INFO:Declaring metric variables
2023-07-04 09:35:31,151:INFO:Importing untrained model
2023-07-04 09:35:31,158:INFO:MLP Regressor Imported successfully
2023-07-04 09:35:31,168:INFO:Starting cross validation
2023-07-04 09:35:31,427:INFO:Cross validating with KFold(n_splits=5, random_state=None, shuffle=False), n_jobs=-1
2023-07-04 09:35:34,747:WARNING:/home/thom/venvs/fairlearn/lib/python3.9/site-packages/pycaret/internal/pipeline.py:310: UserWarning: Persisting input arguments took 1.27s to run.
If this happens often in your code, it can cause performance problems 
(results will be correct in all cases). 
The reason for this is probably some large input arguments for a wrapped
 function (e.g. large strings).
THIS IS A JOBLIB ISSUE. If you can, kindly provide the joblib's team with an
 example so that they can fix the problem.
  X, _ = self._memory_full_transform(self, X, None, with_final=False)

2023-07-04 09:35:34,861:WARNING:/home/thom/venvs/fairlearn/lib/python3.9/site-packages/pycaret/internal/pipeline.py:310: UserWarning: Persisting input arguments took 1.16s to run.
If this happens often in your code, it can cause performance problems 
(results will be correct in all cases). 
The reason for this is probably some large input arguments for a wrapped
 function (e.g. large strings).
THIS IS A JOBLIB ISSUE. If you can, kindly provide the joblib's team with an
 example so that they can fix the problem.
  X, _ = self._memory_full_transform(self, X, None, with_final=False)

2023-07-04 09:35:34,933:WARNING:/home/thom/venvs/fairlearn/lib/python3.9/site-packages/pycaret/internal/pipeline.py:310: UserWarning: Persisting input arguments took 0.88s to run.
If this happens often in your code, it can cause performance problems 
(results will be correct in all cases). 
The reason for this is probably some large input arguments for a wrapped
 function (e.g. large strings).
THIS IS A JOBLIB ISSUE. If you can, kindly provide the joblib's team with an
 example so that they can fix the problem.
  X, _ = self._memory_full_transform(self, X, None, with_final=False)

2023-07-04 09:35:34,975:WARNING:/home/thom/venvs/fairlearn/lib/python3.9/site-packages/pycaret/internal/pipeline.py:310: UserWarning: Persisting input arguments took 1.10s to run.
If this happens often in your code, it can cause performance problems 
(results will be correct in all cases). 
The reason for this is probably some large input arguments for a wrapped
 function (e.g. large strings).
THIS IS A JOBLIB ISSUE. If you can, kindly provide the joblib's team with an
 example so that they can fix the problem.
  X, _ = self._memory_full_transform(self, X, None, with_final=False)

2023-07-04 09:35:36,187:INFO:Calculating mean and std
2023-07-04 09:35:36,189:INFO:Creating metrics dataframe
2023-07-04 09:35:36,315:INFO:Uploading results into container
2023-07-04 09:35:36,316:INFO:Uploading model into container now
2023-07-04 09:35:36,317:INFO:_master_model_container: 55
2023-07-04 09:35:36,317:INFO:_display_container: 14
2023-07-04 09:35:36,317:INFO:MLPRegressor(max_iter=500, random_state=2584)
2023-07-04 09:35:36,318:INFO:create_model() successfully completed......................................
2023-07-04 09:35:36,446:INFO:SubProcess create_model() end ==================================
2023-07-04 09:35:36,447:INFO:Creating metrics dataframe
2023-07-04 09:35:36,467:INFO:Initializing Light Gradient Boosting Machine
2023-07-04 09:35:36,467:INFO:Total runtime is 1.3597458879152935 minutes
2023-07-04 09:35:36,473:INFO:SubProcess create_model() called ==================================
2023-07-04 09:35:36,473:INFO:Initializing create_model()
2023-07-04 09:35:36,473:INFO:create_model(self=<pycaret.regression.oop.RegressionExperiment object at 0x7f854a8330d0>, estimator=lightgbm, fold=KFold(n_splits=5, random_state=None, shuffle=False), round=4, cross_validation=True, predict=True, fit_kwargs={}, groups=None, refit=False, probability_threshold=None, experiment_custom_tags=None, verbose=False, system=False, add_to_model_list=True, metrics=None, display=<pycaret.internal.display.display.CommonDisplay object at 0x7f854a560910>, model_only=True, return_train_score=False, kwargs={})
2023-07-04 09:35:36,473:INFO:Checking exceptions
2023-07-04 09:35:36,473:INFO:Importing libraries
2023-07-04 09:35:36,474:INFO:Copying training dataset
2023-07-04 09:35:36,480:INFO:Defining folds
2023-07-04 09:35:36,480:INFO:Declaring metric variables
2023-07-04 09:35:36,485:INFO:Importing untrained model
2023-07-04 09:35:36,491:INFO:Light Gradient Boosting Machine Imported successfully
2023-07-04 09:35:36,503:INFO:Starting cross validation
2023-07-04 09:35:36,769:INFO:Cross validating with KFold(n_splits=5, random_state=None, shuffle=False), n_jobs=-1
2023-07-04 09:35:38,907:INFO:Calculating mean and std
2023-07-04 09:35:38,909:INFO:Creating metrics dataframe
2023-07-04 09:35:39,040:INFO:Uploading results into container
2023-07-04 09:35:39,041:INFO:Uploading model into container now
2023-07-04 09:35:39,042:INFO:_master_model_container: 56
2023-07-04 09:35:39,042:INFO:_display_container: 14
2023-07-04 09:35:39,043:INFO:LGBMRegressor(random_state=2584)
2023-07-04 09:35:39,043:INFO:create_model() successfully completed......................................
2023-07-04 09:35:39,189:INFO:SubProcess create_model() end ==================================
2023-07-04 09:35:39,189:INFO:Creating metrics dataframe
2023-07-04 09:35:39,209:INFO:Initializing Dummy Regressor
2023-07-04 09:35:39,210:INFO:Total runtime is 1.40545658270518 minutes
2023-07-04 09:35:39,215:INFO:SubProcess create_model() called ==================================
2023-07-04 09:35:39,215:INFO:Initializing create_model()
2023-07-04 09:35:39,215:INFO:create_model(self=<pycaret.regression.oop.RegressionExperiment object at 0x7f854a8330d0>, estimator=dummy, fold=KFold(n_splits=5, random_state=None, shuffle=False), round=4, cross_validation=True, predict=True, fit_kwargs={}, groups=None, refit=False, probability_threshold=None, experiment_custom_tags=None, verbose=False, system=False, add_to_model_list=True, metrics=None, display=<pycaret.internal.display.display.CommonDisplay object at 0x7f854a560910>, model_only=True, return_train_score=False, kwargs={})
2023-07-04 09:35:39,216:INFO:Checking exceptions
2023-07-04 09:35:39,216:INFO:Importing libraries
2023-07-04 09:35:39,216:INFO:Copying training dataset
2023-07-04 09:35:39,223:INFO:Defining folds
2023-07-04 09:35:39,223:INFO:Declaring metric variables
2023-07-04 09:35:39,229:INFO:Importing untrained model
2023-07-04 09:35:39,235:INFO:Dummy Regressor Imported successfully
2023-07-04 09:35:39,249:INFO:Starting cross validation
2023-07-04 09:35:39,505:INFO:Cross validating with KFold(n_splits=5, random_state=None, shuffle=False), n_jobs=-1
2023-07-04 09:35:41,449:INFO:Calculating mean and std
2023-07-04 09:35:41,450:INFO:Creating metrics dataframe
2023-07-04 09:35:41,570:INFO:Uploading results into container
2023-07-04 09:35:41,571:INFO:Uploading model into container now
2023-07-04 09:35:41,571:INFO:_master_model_container: 57
2023-07-04 09:35:41,571:INFO:_display_container: 14
2023-07-04 09:35:41,572:INFO:DummyRegressor()
2023-07-04 09:35:41,572:INFO:create_model() successfully completed......................................
2023-07-04 09:35:41,718:INFO:SubProcess create_model() end ==================================
2023-07-04 09:35:41,718:INFO:Creating metrics dataframe
2023-07-04 09:35:41,757:INFO:Initializing create_model()
2023-07-04 09:35:41,757:INFO:create_model(self=<pycaret.regression.oop.RegressionExperiment object at 0x7f854a8330d0>, estimator=GradientBoostingRegressor(random_state=2584), fold=KFold(n_splits=5, random_state=None, shuffle=False), round=4, cross_validation=False, predict=False, fit_kwargs={}, groups=None, refit=True, probability_threshold=None, experiment_custom_tags=None, verbose=False, system=False, add_to_model_list=True, metrics=None, display=None, model_only=True, return_train_score=False, kwargs={})
2023-07-04 09:35:41,757:INFO:Checking exceptions
2023-07-04 09:35:41,760:INFO:Importing libraries
2023-07-04 09:35:41,760:INFO:Copying training dataset
2023-07-04 09:35:41,764:INFO:Defining folds
2023-07-04 09:35:41,764:INFO:Declaring metric variables
2023-07-04 09:35:41,764:INFO:Importing untrained model
2023-07-04 09:35:41,764:INFO:Declaring custom model
2023-07-04 09:35:41,765:INFO:Gradient Boosting Regressor Imported successfully
2023-07-04 09:35:42,024:INFO:Cross validation set to False
2023-07-04 09:35:42,024:INFO:Fitting Model
2023-07-04 09:35:42,407:INFO:GradientBoostingRegressor(random_state=2584)
2023-07-04 09:35:42,407:INFO:create_model() successfully completed......................................
2023-07-04 09:35:42,750:INFO:Initializing create_model()
2023-07-04 09:35:42,751:INFO:create_model(self=<pycaret.regression.oop.RegressionExperiment object at 0x7f854a8330d0>, estimator=BayesianRidge(), fold=KFold(n_splits=5, random_state=None, shuffle=False), round=4, cross_validation=False, predict=False, fit_kwargs={}, groups=None, refit=True, probability_threshold=None, experiment_custom_tags=None, verbose=False, system=False, add_to_model_list=True, metrics=None, display=None, model_only=True, return_train_score=False, kwargs={})
2023-07-04 09:35:42,752:INFO:Checking exceptions
2023-07-04 09:35:42,760:INFO:Importing libraries
2023-07-04 09:35:42,761:INFO:Copying training dataset
2023-07-04 09:35:42,778:INFO:Defining folds
2023-07-04 09:35:42,778:INFO:Declaring metric variables
2023-07-04 09:35:42,780:INFO:Importing untrained model
2023-07-04 09:35:42,780:INFO:Declaring custom model
2023-07-04 09:35:42,784:INFO:Bayesian Ridge Imported successfully
2023-07-04 09:35:43,534:INFO:Cross validation set to False
2023-07-04 09:35:43,534:INFO:Fitting Model
2023-07-04 09:35:43,948:INFO:BayesianRidge()
2023-07-04 09:35:43,948:INFO:create_model() successfully completed......................................
2023-07-04 09:35:44,114:INFO:Initializing create_model()
2023-07-04 09:35:44,115:INFO:create_model(self=<pycaret.regression.oop.RegressionExperiment object at 0x7f854a8330d0>, estimator=Ridge(random_state=2584), fold=KFold(n_splits=5, random_state=None, shuffle=False), round=4, cross_validation=False, predict=False, fit_kwargs={}, groups=None, refit=True, probability_threshold=None, experiment_custom_tags=None, verbose=False, system=False, add_to_model_list=True, metrics=None, display=None, model_only=True, return_train_score=False, kwargs={})
2023-07-04 09:35:44,115:INFO:Checking exceptions
2023-07-04 09:35:44,119:INFO:Importing libraries
2023-07-04 09:35:44,119:INFO:Copying training dataset
2023-07-04 09:35:44,124:INFO:Defining folds
2023-07-04 09:35:44,124:INFO:Declaring metric variables
2023-07-04 09:35:44,124:INFO:Importing untrained model
2023-07-04 09:35:44,124:INFO:Declaring custom model
2023-07-04 09:35:44,125:INFO:Ridge Regression Imported successfully
2023-07-04 09:35:44,328:INFO:Cross validation set to False
2023-07-04 09:35:44,329:INFO:Fitting Model
2023-07-04 09:35:44,730:INFO:Ridge(random_state=2584)
2023-07-04 09:35:44,730:INFO:create_model() successfully completed......................................
2023-07-04 09:35:44,874:INFO:Initializing create_model()
2023-07-04 09:35:44,874:INFO:create_model(self=<pycaret.regression.oop.RegressionExperiment object at 0x7f854a8330d0>, estimator=LinearRegression(n_jobs=-1), fold=KFold(n_splits=5, random_state=None, shuffle=False), round=4, cross_validation=False, predict=False, fit_kwargs={}, groups=None, refit=True, probability_threshold=None, experiment_custom_tags=None, verbose=False, system=False, add_to_model_list=True, metrics=None, display=None, model_only=True, return_train_score=False, kwargs={})
2023-07-04 09:35:44,875:INFO:Checking exceptions
2023-07-04 09:35:44,877:INFO:Importing libraries
2023-07-04 09:35:44,877:INFO:Copying training dataset
2023-07-04 09:35:44,882:INFO:Defining folds
2023-07-04 09:35:44,882:INFO:Declaring metric variables
2023-07-04 09:35:44,882:INFO:Importing untrained model
2023-07-04 09:35:44,882:INFO:Declaring custom model
2023-07-04 09:35:44,883:INFO:Linear Regression Imported successfully
2023-07-04 09:35:45,085:INFO:Cross validation set to False
2023-07-04 09:35:45,085:INFO:Fitting Model
2023-07-04 09:35:45,493:INFO:LinearRegression(n_jobs=-1)
2023-07-04 09:35:45,493:INFO:create_model() successfully completed......................................
2023-07-04 09:35:45,636:INFO:Initializing create_model()
2023-07-04 09:35:45,636:INFO:create_model(self=<pycaret.regression.oop.RegressionExperiment object at 0x7f854a8330d0>, estimator=HuberRegressor(), fold=KFold(n_splits=5, random_state=None, shuffle=False), round=4, cross_validation=False, predict=False, fit_kwargs={}, groups=None, refit=True, probability_threshold=None, experiment_custom_tags=None, verbose=False, system=False, add_to_model_list=True, metrics=None, display=None, model_only=True, return_train_score=False, kwargs={})
2023-07-04 09:35:45,636:INFO:Checking exceptions
2023-07-04 09:35:45,640:INFO:Importing libraries
2023-07-04 09:35:45,640:INFO:Copying training dataset
2023-07-04 09:35:45,648:INFO:Defining folds
2023-07-04 09:35:45,648:INFO:Declaring metric variables
2023-07-04 09:35:45,648:INFO:Importing untrained model
2023-07-04 09:35:45,648:INFO:Declaring custom model
2023-07-04 09:35:45,649:INFO:Huber Regressor Imported successfully
2023-07-04 09:35:45,863:INFO:Cross validation set to False
2023-07-04 09:35:45,863:INFO:Fitting Model
2023-07-04 09:35:46,300:WARNING:/home/thom/venvs/fairlearn/lib/python3.9/site-packages/sklearn/linear_model/_huber.py:335: ConvergenceWarning: lbfgs failed to converge (status=1):
STOP: TOTAL NO. of ITERATIONS REACHED LIMIT.

Increase the number of iterations (max_iter) or scale the data as shown in:
    https://scikit-learn.org/stable/modules/preprocessing.html
  self.n_iter_ = _check_optimize_result("lbfgs", opt_res, self.max_iter)

2023-07-04 09:35:46,400:INFO:HuberRegressor()
2023-07-04 09:35:46,400:INFO:create_model() successfully completed......................................
2023-07-04 09:35:46,622:INFO:_master_model_container: 57
2023-07-04 09:35:46,622:INFO:_display_container: 14
2023-07-04 09:35:46,624:INFO:[GradientBoostingRegressor(random_state=2584), BayesianRidge(), Ridge(random_state=2584), LinearRegression(n_jobs=-1), HuberRegressor()]
2023-07-04 09:35:46,624:INFO:compare_models() successfully completed......................................
2023-07-04 09:35:46,633:INFO:Initializing blend_models()
2023-07-04 09:35:46,634:INFO:blend_models(self=<pycaret.regression.oop.RegressionExperiment object at 0x7f854a8330d0>, estimator_list=[GradientBoostingRegressor(random_state=2584), BayesianRidge(), Ridge(random_state=2584), LinearRegression(n_jobs=-1), HuberRegressor()], fold=None, round=4, choose_better=False, optimize=R2, method=auto, weights=None, fit_kwargs=None, groups=None, probability_threshold=None, verbose=True, return_train_score=False)
2023-07-04 09:35:46,634:INFO:Checking exceptions
2023-07-04 09:35:46,664:INFO:Importing libraries
2023-07-04 09:35:46,664:INFO:Copying training dataset
2023-07-04 09:35:46,671:INFO:Getting model names
2023-07-04 09:35:46,679:INFO:SubProcess create_model() called ==================================
2023-07-04 09:35:46,688:INFO:Initializing create_model()
2023-07-04 09:35:46,688:INFO:create_model(self=<pycaret.regression.oop.RegressionExperiment object at 0x7f854a8330d0>, estimator=VotingRegressor(estimators=[('Gradient Boosting Regressor',
                             GradientBoostingRegressor(random_state=2584)),
                            ('Bayesian Ridge', BayesianRidge()),
                            ('Ridge Regression', Ridge(random_state=2584)),
                            ('Linear Regression', LinearRegression(n_jobs=-1)),
                            ('Huber Regressor', HuberRegressor())],
                n_jobs=-1), fold=KFold(n_splits=10, random_state=None, shuffle=False), round=4, cross_validation=True, predict=True, fit_kwargs={}, groups=None, refit=True, probability_threshold=None, experiment_custom_tags=None, verbose=True, system=False, add_to_model_list=True, metrics=None, display=<pycaret.internal.display.display.CommonDisplay object at 0x7f854a5606a0>, model_only=True, return_train_score=False, kwargs={})
2023-07-04 09:35:46,688:INFO:Checking exceptions
2023-07-04 09:35:46,689:INFO:Importing libraries
2023-07-04 09:35:46,689:INFO:Copying training dataset
2023-07-04 09:35:46,694:INFO:Defining folds
2023-07-04 09:35:46,694:INFO:Declaring metric variables
2023-07-04 09:35:46,698:INFO:Importing untrained model
2023-07-04 09:35:46,698:INFO:Declaring custom model
2023-07-04 09:35:46,708:INFO:Voting Regressor Imported successfully
2023-07-04 09:35:46,722:INFO:Starting cross validation
2023-07-04 09:35:47,016:INFO:Cross validating with KFold(n_splits=10, random_state=None, shuffle=False), n_jobs=-1
2023-07-04 09:35:47,924:WARNING:/home/thom/venvs/fairlearn/lib/python3.9/site-packages/sklearn/linear_model/_huber.py:335: ConvergenceWarning: lbfgs failed to converge (status=1):
STOP: TOTAL NO. of ITERATIONS REACHED LIMIT.

Increase the number of iterations (max_iter) or scale the data as shown in:
    https://scikit-learn.org/stable/modules/preprocessing.html
  self.n_iter_ = _check_optimize_result("lbfgs", opt_res, self.max_iter)

2023-07-04 09:35:47,950:WARNING:/home/thom/venvs/fairlearn/lib/python3.9/site-packages/sklearn/linear_model/_huber.py:335: ConvergenceWarning: lbfgs failed to converge (status=1):
STOP: TOTAL NO. of ITERATIONS REACHED LIMIT.

Increase the number of iterations (max_iter) or scale the data as shown in:
    https://scikit-learn.org/stable/modules/preprocessing.html
  self.n_iter_ = _check_optimize_result("lbfgs", opt_res, self.max_iter)

2023-07-04 09:35:48,059:WARNING:/home/thom/venvs/fairlearn/lib/python3.9/site-packages/sklearn/linear_model/_huber.py:335: ConvergenceWarning: lbfgs failed to converge (status=1):
STOP: TOTAL NO. of ITERATIONS REACHED LIMIT.

Increase the number of iterations (max_iter) or scale the data as shown in:
    https://scikit-learn.org/stable/modules/preprocessing.html
  self.n_iter_ = _check_optimize_result("lbfgs", opt_res, self.max_iter)

2023-07-04 09:35:50,184:WARNING:/home/thom/venvs/fairlearn/lib/python3.9/site-packages/pycaret/internal/pipeline.py:310: UserWarning: Persisting input arguments took 0.74s to run.
If this happens often in your code, it can cause performance problems 
(results will be correct in all cases). 
The reason for this is probably some large input arguments for a wrapped
 function (e.g. large strings).
THIS IS A JOBLIB ISSUE. If you can, kindly provide the joblib's team with an
 example so that they can fix the problem.
  X, _ = self._memory_full_transform(self, X, None, with_final=False)

2023-07-04 09:35:50,193:WARNING:/home/thom/venvs/fairlearn/lib/python3.9/site-packages/pycaret/internal/pipeline.py:310: UserWarning: Persisting input arguments took 0.76s to run.
If this happens often in your code, it can cause performance problems 
(results will be correct in all cases). 
The reason for this is probably some large input arguments for a wrapped
 function (e.g. large strings).
THIS IS A JOBLIB ISSUE. If you can, kindly provide the joblib's team with an
 example so that they can fix the problem.
  X, _ = self._memory_full_transform(self, X, None, with_final=False)

2023-07-04 09:35:50,347:WARNING:/home/thom/venvs/fairlearn/lib/python3.9/site-packages/pycaret/internal/pipeline.py:310: UserWarning: Persisting input arguments took 0.77s to run.
If this happens often in your code, it can cause performance problems 
(results will be correct in all cases). 
The reason for this is probably some large input arguments for a wrapped
 function (e.g. large strings).
THIS IS A JOBLIB ISSUE. If you can, kindly provide the joblib's team with an
 example so that they can fix the problem.
  X, _ = self._memory_full_transform(self, X, None, with_final=False)

2023-07-04 09:35:50,382:WARNING:/home/thom/venvs/fairlearn/lib/python3.9/site-packages/pycaret/internal/pipeline.py:310: UserWarning: Persisting input arguments took 0.80s to run.
If this happens often in your code, it can cause performance problems 
(results will be correct in all cases). 
The reason for this is probably some large input arguments for a wrapped
 function (e.g. large strings).
THIS IS A JOBLIB ISSUE. If you can, kindly provide the joblib's team with an
 example so that they can fix the problem.
  X, _ = self._memory_full_transform(self, X, None, with_final=False)

2023-07-04 09:35:51,284:WARNING:/home/thom/venvs/fairlearn/lib/python3.9/site-packages/sklearn/linear_model/_huber.py:335: ConvergenceWarning: lbfgs failed to converge (status=1):
STOP: TOTAL NO. of ITERATIONS REACHED LIMIT.

Increase the number of iterations (max_iter) or scale the data as shown in:
    https://scikit-learn.org/stable/modules/preprocessing.html
  self.n_iter_ = _check_optimize_result("lbfgs", opt_res, self.max_iter)

2023-07-04 09:35:51,286:WARNING:/home/thom/venvs/fairlearn/lib/python3.9/site-packages/sklearn/linear_model/_huber.py:335: ConvergenceWarning: lbfgs failed to converge (status=1):
STOP: TOTAL NO. of ITERATIONS REACHED LIMIT.

Increase the number of iterations (max_iter) or scale the data as shown in:
    https://scikit-learn.org/stable/modules/preprocessing.html
  self.n_iter_ = _check_optimize_result("lbfgs", opt_res, self.max_iter)

2023-07-04 09:35:51,406:WARNING:/home/thom/venvs/fairlearn/lib/python3.9/site-packages/sklearn/linear_model/_huber.py:335: ConvergenceWarning: lbfgs failed to converge (status=1):
STOP: TOTAL NO. of ITERATIONS REACHED LIMIT.

Increase the number of iterations (max_iter) or scale the data as shown in:
    https://scikit-learn.org/stable/modules/preprocessing.html
  self.n_iter_ = _check_optimize_result("lbfgs", opt_res, self.max_iter)

2023-07-04 09:35:51,647:WARNING:/home/thom/venvs/fairlearn/lib/python3.9/site-packages/sklearn/linear_model/_huber.py:335: ConvergenceWarning: lbfgs failed to converge (status=1):
STOP: TOTAL NO. of ITERATIONS REACHED LIMIT.

Increase the number of iterations (max_iter) or scale the data as shown in:
    https://scikit-learn.org/stable/modules/preprocessing.html
  self.n_iter_ = _check_optimize_result("lbfgs", opt_res, self.max_iter)

2023-07-04 09:35:52,089:WARNING:/home/thom/venvs/fairlearn/lib/python3.9/site-packages/pycaret/internal/pipeline.py:260: UserWarning: Persisting input arguments took 0.60s to run.
If this happens often in your code, it can cause performance problems 
(results will be correct in all cases). 
The reason for this is probably some large input arguments for a wrapped
 function (e.g. large strings).
THIS IS A JOBLIB ISSUE. If you can, kindly provide the joblib's team with an
 example so that they can fix the problem.
  fitted_estimator = self._memory_fit(

2023-07-04 09:35:52,349:WARNING:/home/thom/venvs/fairlearn/lib/python3.9/site-packages/pycaret/internal/pipeline.py:260: UserWarning: Persisting input arguments took 0.64s to run.
If this happens often in your code, it can cause performance problems 
(results will be correct in all cases). 
The reason for this is probably some large input arguments for a wrapped
 function (e.g. large strings).
THIS IS A JOBLIB ISSUE. If you can, kindly provide the joblib's team with an
 example so that they can fix the problem.
  fitted_estimator = self._memory_fit(

2023-07-04 09:35:54,266:WARNING:/home/thom/venvs/fairlearn/lib/python3.9/site-packages/pycaret/internal/pipeline.py:310: UserWarning: Persisting input arguments took 0.78s to run.
If this happens often in your code, it can cause performance problems 
(results will be correct in all cases). 
The reason for this is probably some large input arguments for a wrapped
 function (e.g. large strings).
THIS IS A JOBLIB ISSUE. If you can, kindly provide the joblib's team with an
 example so that they can fix the problem.
  X, _ = self._memory_full_transform(self, X, None, with_final=False)

2023-07-04 09:35:54,357:WARNING:/home/thom/venvs/fairlearn/lib/python3.9/site-packages/pycaret/internal/pipeline.py:310: UserWarning: Persisting input arguments took 0.83s to run.
If this happens often in your code, it can cause performance problems 
(results will be correct in all cases). 
The reason for this is probably some large input arguments for a wrapped
 function (e.g. large strings).
THIS IS A JOBLIB ISSUE. If you can, kindly provide the joblib's team with an
 example so that they can fix the problem.
  X, _ = self._memory_full_transform(self, X, None, with_final=False)

2023-07-04 09:35:54,395:WARNING:/home/thom/venvs/fairlearn/lib/python3.9/site-packages/pycaret/internal/pipeline.py:310: UserWarning: Persisting input arguments took 0.75s to run.
If this happens often in your code, it can cause performance problems 
(results will be correct in all cases). 
The reason for this is probably some large input arguments for a wrapped
 function (e.g. large strings).
THIS IS A JOBLIB ISSUE. If you can, kindly provide the joblib's team with an
 example so that they can fix the problem.
  X, _ = self._memory_full_transform(self, X, None, with_final=False)

2023-07-04 09:35:54,492:WARNING:/home/thom/venvs/fairlearn/lib/python3.9/site-packages/pycaret/internal/pipeline.py:310: UserWarning: Persisting input arguments took 0.77s to run.
If this happens often in your code, it can cause performance problems 
(results will be correct in all cases). 
The reason for this is probably some large input arguments for a wrapped
 function (e.g. large strings).
THIS IS A JOBLIB ISSUE. If you can, kindly provide the joblib's team with an
 example so that they can fix the problem.
  X, _ = self._memory_full_transform(self, X, None, with_final=False)

2023-07-04 09:35:54,959:WARNING:/home/thom/venvs/fairlearn/lib/python3.9/site-packages/sklearn/linear_model/_huber.py:335: ConvergenceWarning: lbfgs failed to converge (status=1):
STOP: TOTAL NO. of ITERATIONS REACHED LIMIT.

Increase the number of iterations (max_iter) or scale the data as shown in:
    https://scikit-learn.org/stable/modules/preprocessing.html
  self.n_iter_ = _check_optimize_result("lbfgs", opt_res, self.max_iter)

2023-07-04 09:35:56,216:INFO:Calculating mean and std
2023-07-04 09:35:56,219:INFO:Creating metrics dataframe
2023-07-04 09:35:56,232:INFO:Finalizing model
2023-07-04 09:35:56,696:WARNING:/home/thom/venvs/fairlearn/lib/python3.9/site-packages/sklearn/linear_model/_huber.py:335: ConvergenceWarning: lbfgs failed to converge (status=1):
STOP: TOTAL NO. of ITERATIONS REACHED LIMIT.

Increase the number of iterations (max_iter) or scale the data as shown in:
    https://scikit-learn.org/stable/modules/preprocessing.html
  self.n_iter_ = _check_optimize_result("lbfgs", opt_res, self.max_iter)

2023-07-04 09:35:56,955:INFO:Uploading results into container
2023-07-04 09:35:56,956:INFO:Uploading model into container now
2023-07-04 09:35:56,957:INFO:_master_model_container: 58
2023-07-04 09:35:56,957:INFO:_display_container: 15
2023-07-04 09:35:56,963:INFO:VotingRegressor(estimators=[('Gradient Boosting Regressor',
                             GradientBoostingRegressor(random_state=2584)),
                            ('Bayesian Ridge', BayesianRidge()),
                            ('Ridge Regression', Ridge(random_state=2584)),
                            ('Linear Regression', LinearRegression(n_jobs=-1)),
                            ('Huber Regressor', HuberRegressor())],
                n_jobs=-1)
2023-07-04 09:35:56,963:INFO:create_model() successfully completed......................................
2023-07-04 09:35:57,108:INFO:SubProcess create_model() end ==================================
2023-07-04 09:35:57,125:INFO:_master_model_container: 58
2023-07-04 09:35:57,125:INFO:_display_container: 15
2023-07-04 09:35:57,134:INFO:VotingRegressor(estimators=[('Gradient Boosting Regressor',
                             GradientBoostingRegressor(random_state=2584)),
                            ('Bayesian Ridge', BayesianRidge()),
                            ('Ridge Regression', Ridge(random_state=2584)),
                            ('Linear Regression', LinearRegression(n_jobs=-1)),
                            ('Huber Regressor', HuberRegressor())],
                n_jobs=-1)
2023-07-04 09:35:57,134:INFO:blend_models() successfully completed......................................
2023-07-04 09:35:57,302:INFO:Initializing stack_models()
2023-07-04 09:35:57,302:INFO:stack_models(self=<pycaret.regression.oop.RegressionExperiment object at 0x7f854a8330d0>, estimator_list=[GradientBoostingRegressor(random_state=2584), BayesianRidge(), Ridge(random_state=2584), LinearRegression(n_jobs=-1), HuberRegressor()], meta_model=None, meta_model_fold=5, fold=None, round=4, method=auto, restack=True, choose_better=False, optimize=R2, fit_kwargs=None, groups=None, probability_threshold=None, verbose=True, return_train_score=False)
2023-07-04 09:35:57,302:INFO:Checking exceptions
2023-07-04 09:35:57,305:INFO:Defining meta model
2023-07-04 09:35:57,350:INFO:Getting model names
2023-07-04 09:35:57,350:INFO:[('Gradient Boosting Regressor', GradientBoostingRegressor(random_state=2584)), ('Bayesian Ridge', BayesianRidge()), ('Ridge Regression', Ridge(random_state=2584)), ('Linear Regression', LinearRegression(n_jobs=-1)), ('Huber Regressor', HuberRegressor())]
2023-07-04 09:35:57,359:INFO:SubProcess create_model() called ==================================
2023-07-04 09:35:57,365:INFO:Initializing create_model()
2023-07-04 09:35:57,366:INFO:create_model(self=<pycaret.regression.oop.RegressionExperiment object at 0x7f854a8330d0>, estimator=StackingRegressor(cv=5,
                  estimators=[('Gradient Boosting Regressor',
                               GradientBoostingRegressor(random_state=2584)),
                              ('Bayesian Ridge', BayesianRidge()),
                              ('Ridge Regression', Ridge(random_state=2584)),
                              ('Linear Regression',
                               LinearRegression(n_jobs=-1)),
                              ('Huber Regressor', HuberRegressor())],
                  final_estimator=LinearRegression(n_jobs=-1), n_jobs=-1,
                  passthrough=True), fold=KFold(n_splits=10, random_state=None, shuffle=False), round=4, cross_validation=True, predict=True, fit_kwargs={}, groups=None, refit=True, probability_threshold=None, experiment_custom_tags=None, verbose=True, system=False, add_to_model_list=True, metrics=None, display=<pycaret.internal.display.display.CommonDisplay object at 0x7f854a9f9d90>, model_only=True, return_train_score=False, kwargs={})
2023-07-04 09:35:57,366:INFO:Checking exceptions
2023-07-04 09:35:57,366:INFO:Importing libraries
2023-07-04 09:35:57,366:INFO:Copying training dataset
2023-07-04 09:35:57,373:INFO:Defining folds
2023-07-04 09:35:57,373:INFO:Declaring metric variables
2023-07-04 09:35:57,377:INFO:Importing untrained model
2023-07-04 09:35:57,377:INFO:Declaring custom model
2023-07-04 09:35:57,385:INFO:Stacking Regressor Imported successfully
2023-07-04 09:35:57,395:INFO:Starting cross validation
2023-07-04 09:35:57,653:INFO:Cross validating with KFold(n_splits=10, random_state=None, shuffle=False), n_jobs=-1
2023-07-04 09:35:58,605:WARNING:/home/thom/venvs/fairlearn/lib/python3.9/site-packages/sklearn/linear_model/_huber.py:335: ConvergenceWarning: lbfgs failed to converge (status=1):
STOP: TOTAL NO. of ITERATIONS REACHED LIMIT.

Increase the number of iterations (max_iter) or scale the data as shown in:
    https://scikit-learn.org/stable/modules/preprocessing.html
  self.n_iter_ = _check_optimize_result("lbfgs", opt_res, self.max_iter)

2023-07-04 09:35:58,611:WARNING:/home/thom/venvs/fairlearn/lib/python3.9/site-packages/sklearn/linear_model/_huber.py:335: ConvergenceWarning: lbfgs failed to converge (status=1):
STOP: TOTAL NO. of ITERATIONS REACHED LIMIT.

Increase the number of iterations (max_iter) or scale the data as shown in:
    https://scikit-learn.org/stable/modules/preprocessing.html
  self.n_iter_ = _check_optimize_result("lbfgs", opt_res, self.max_iter)

2023-07-04 09:35:58,676:WARNING:/home/thom/venvs/fairlearn/lib/python3.9/site-packages/sklearn/linear_model/_huber.py:335: ConvergenceWarning: lbfgs failed to converge (status=1):
STOP: TOTAL NO. of ITERATIONS REACHED LIMIT.

Increase the number of iterations (max_iter) or scale the data as shown in:
    https://scikit-learn.org/stable/modules/preprocessing.html
  self.n_iter_ = _check_optimize_result("lbfgs", opt_res, self.max_iter)

2023-07-04 09:35:59,127:WARNING:/home/thom/venvs/fairlearn/lib/python3.9/site-packages/sklearn/linear_model/_huber.py:335: ConvergenceWarning: lbfgs failed to converge (status=1):
STOP: TOTAL NO. of ITERATIONS REACHED LIMIT.

Increase the number of iterations (max_iter) or scale the data as shown in:
    https://scikit-learn.org/stable/modules/preprocessing.html
  self.n_iter_ = _check_optimize_result("lbfgs", opt_res, self.max_iter)

2023-07-04 09:35:59,144:WARNING:/home/thom/venvs/fairlearn/lib/python3.9/site-packages/sklearn/linear_model/_huber.py:335: ConvergenceWarning: lbfgs failed to converge (status=1):
STOP: TOTAL NO. of ITERATIONS REACHED LIMIT.

Increase the number of iterations (max_iter) or scale the data as shown in:
    https://scikit-learn.org/stable/modules/preprocessing.html
  self.n_iter_ = _check_optimize_result("lbfgs", opt_res, self.max_iter)

2023-07-04 09:35:59,155:WARNING:/home/thom/venvs/fairlearn/lib/python3.9/site-packages/sklearn/linear_model/_huber.py:335: ConvergenceWarning: lbfgs failed to converge (status=1):
STOP: TOTAL NO. of ITERATIONS REACHED LIMIT.

Increase the number of iterations (max_iter) or scale the data as shown in:
    https://scikit-learn.org/stable/modules/preprocessing.html
  self.n_iter_ = _check_optimize_result("lbfgs", opt_res, self.max_iter)

2023-07-04 09:35:59,251:WARNING:/home/thom/venvs/fairlearn/lib/python3.9/site-packages/sklearn/linear_model/_huber.py:335: ConvergenceWarning: lbfgs failed to converge (status=1):
STOP: TOTAL NO. of ITERATIONS REACHED LIMIT.

Increase the number of iterations (max_iter) or scale the data as shown in:
    https://scikit-learn.org/stable/modules/preprocessing.html
  self.n_iter_ = _check_optimize_result("lbfgs", opt_res, self.max_iter)

2023-07-04 09:35:59,299:WARNING:/home/thom/venvs/fairlearn/lib/python3.9/site-packages/sklearn/linear_model/_huber.py:335: ConvergenceWarning: lbfgs failed to converge (status=1):
STOP: TOTAL NO. of ITERATIONS REACHED LIMIT.

Increase the number of iterations (max_iter) or scale the data as shown in:
    https://scikit-learn.org/stable/modules/preprocessing.html
  self.n_iter_ = _check_optimize_result("lbfgs", opt_res, self.max_iter)

2023-07-04 09:35:59,338:WARNING:/home/thom/venvs/fairlearn/lib/python3.9/site-packages/sklearn/linear_model/_huber.py:335: ConvergenceWarning: lbfgs failed to converge (status=1):
STOP: TOTAL NO. of ITERATIONS REACHED LIMIT.

Increase the number of iterations (max_iter) or scale the data as shown in:
    https://scikit-learn.org/stable/modules/preprocessing.html
  self.n_iter_ = _check_optimize_result("lbfgs", opt_res, self.max_iter)

2023-07-04 09:35:59,356:WARNING:/home/thom/venvs/fairlearn/lib/python3.9/site-packages/sklearn/linear_model/_huber.py:335: ConvergenceWarning: lbfgs failed to converge (status=1):
STOP: TOTAL NO. of ITERATIONS REACHED LIMIT.

Increase the number of iterations (max_iter) or scale the data as shown in:
    https://scikit-learn.org/stable/modules/preprocessing.html
  self.n_iter_ = _check_optimize_result("lbfgs", opt_res, self.max_iter)

2023-07-04 09:35:59,438:WARNING:/home/thom/venvs/fairlearn/lib/python3.9/site-packages/sklearn/linear_model/_huber.py:335: ConvergenceWarning: lbfgs failed to converge (status=1):
STOP: TOTAL NO. of ITERATIONS REACHED LIMIT.

Increase the number of iterations (max_iter) or scale the data as shown in:
    https://scikit-learn.org/stable/modules/preprocessing.html
  self.n_iter_ = _check_optimize_result("lbfgs", opt_res, self.max_iter)

2023-07-04 09:35:59,455:WARNING:/home/thom/venvs/fairlearn/lib/python3.9/site-packages/sklearn/linear_model/_huber.py:335: ConvergenceWarning: lbfgs failed to converge (status=1):
STOP: TOTAL NO. of ITERATIONS REACHED LIMIT.

Increase the number of iterations (max_iter) or scale the data as shown in:
    https://scikit-learn.org/stable/modules/preprocessing.html
  self.n_iter_ = _check_optimize_result("lbfgs", opt_res, self.max_iter)

2023-07-04 09:35:59,526:WARNING:/home/thom/venvs/fairlearn/lib/python3.9/site-packages/sklearn/linear_model/_huber.py:335: ConvergenceWarning: lbfgs failed to converge (status=1):
STOP: TOTAL NO. of ITERATIONS REACHED LIMIT.

Increase the number of iterations (max_iter) or scale the data as shown in:
    https://scikit-learn.org/stable/modules/preprocessing.html
  self.n_iter_ = _check_optimize_result("lbfgs", opt_res, self.max_iter)

2023-07-04 09:35:59,565:WARNING:/home/thom/venvs/fairlearn/lib/python3.9/site-packages/sklearn/linear_model/_huber.py:335: ConvergenceWarning: lbfgs failed to converge (status=1):
STOP: TOTAL NO. of ITERATIONS REACHED LIMIT.

Increase the number of iterations (max_iter) or scale the data as shown in:
    https://scikit-learn.org/stable/modules/preprocessing.html
  self.n_iter_ = _check_optimize_result("lbfgs", opt_res, self.max_iter)

2023-07-04 09:35:59,614:WARNING:/home/thom/venvs/fairlearn/lib/python3.9/site-packages/sklearn/linear_model/_huber.py:335: ConvergenceWarning: lbfgs failed to converge (status=1):
STOP: TOTAL NO. of ITERATIONS REACHED LIMIT.

Increase the number of iterations (max_iter) or scale the data as shown in:
    https://scikit-learn.org/stable/modules/preprocessing.html
  self.n_iter_ = _check_optimize_result("lbfgs", opt_res, self.max_iter)

2023-07-04 09:35:59,614:WARNING:/home/thom/venvs/fairlearn/lib/python3.9/site-packages/sklearn/linear_model/_huber.py:335: ConvergenceWarning: lbfgs failed to converge (status=1):
STOP: TOTAL NO. of ITERATIONS REACHED LIMIT.

Increase the number of iterations (max_iter) or scale the data as shown in:
    https://scikit-learn.org/stable/modules/preprocessing.html
  self.n_iter_ = _check_optimize_result("lbfgs", opt_res, self.max_iter)

2023-07-04 09:35:59,692:WARNING:/home/thom/venvs/fairlearn/lib/python3.9/site-packages/sklearn/linear_model/_huber.py:335: ConvergenceWarning: lbfgs failed to converge (status=1):
STOP: TOTAL NO. of ITERATIONS REACHED LIMIT.

Increase the number of iterations (max_iter) or scale the data as shown in:
    https://scikit-learn.org/stable/modules/preprocessing.html
  self.n_iter_ = _check_optimize_result("lbfgs", opt_res, self.max_iter)

2023-07-04 09:35:59,748:WARNING:/home/thom/venvs/fairlearn/lib/python3.9/site-packages/sklearn/linear_model/_huber.py:335: ConvergenceWarning: lbfgs failed to converge (status=1):
STOP: TOTAL NO. of ITERATIONS REACHED LIMIT.

Increase the number of iterations (max_iter) or scale the data as shown in:
    https://scikit-learn.org/stable/modules/preprocessing.html
  self.n_iter_ = _check_optimize_result("lbfgs", opt_res, self.max_iter)

2023-07-04 09:35:59,777:WARNING:/home/thom/venvs/fairlearn/lib/python3.9/site-packages/sklearn/linear_model/_huber.py:335: ConvergenceWarning: lbfgs failed to converge (status=1):
STOP: TOTAL NO. of ITERATIONS REACHED LIMIT.

Increase the number of iterations (max_iter) or scale the data as shown in:
    https://scikit-learn.org/stable/modules/preprocessing.html
  self.n_iter_ = _check_optimize_result("lbfgs", opt_res, self.max_iter)

2023-07-04 09:35:59,791:WARNING:/home/thom/venvs/fairlearn/lib/python3.9/site-packages/sklearn/linear_model/_huber.py:335: ConvergenceWarning: lbfgs failed to converge (status=1):
STOP: TOTAL NO. of ITERATIONS REACHED LIMIT.

Increase the number of iterations (max_iter) or scale the data as shown in:
    https://scikit-learn.org/stable/modules/preprocessing.html
  self.n_iter_ = _check_optimize_result("lbfgs", opt_res, self.max_iter)

2023-07-04 09:35:59,812:WARNING:/home/thom/venvs/fairlearn/lib/python3.9/site-packages/sklearn/linear_model/_huber.py:335: ConvergenceWarning: lbfgs failed to converge (status=1):
STOP: TOTAL NO. of ITERATIONS REACHED LIMIT.

Increase the number of iterations (max_iter) or scale the data as shown in:
    https://scikit-learn.org/stable/modules/preprocessing.html
  self.n_iter_ = _check_optimize_result("lbfgs", opt_res, self.max_iter)

2023-07-04 09:35:59,913:WARNING:/home/thom/venvs/fairlearn/lib/python3.9/site-packages/sklearn/linear_model/_huber.py:335: ConvergenceWarning: lbfgs failed to converge (status=1):
STOP: TOTAL NO. of ITERATIONS REACHED LIMIT.

Increase the number of iterations (max_iter) or scale the data as shown in:
    https://scikit-learn.org/stable/modules/preprocessing.html
  self.n_iter_ = _check_optimize_result("lbfgs", opt_res, self.max_iter)

2023-07-04 09:35:59,954:WARNING:/home/thom/venvs/fairlearn/lib/python3.9/site-packages/sklearn/linear_model/_huber.py:335: ConvergenceWarning: lbfgs failed to converge (status=1):
STOP: TOTAL NO. of ITERATIONS REACHED LIMIT.

Increase the number of iterations (max_iter) or scale the data as shown in:
    https://scikit-learn.org/stable/modules/preprocessing.html
  self.n_iter_ = _check_optimize_result("lbfgs", opt_res, self.max_iter)

2023-07-04 09:36:01,351:WARNING:/home/thom/venvs/fairlearn/lib/python3.9/site-packages/pycaret/internal/pipeline.py:260: UserWarning: Persisting input arguments took 0.54s to run.
If this happens often in your code, it can cause performance problems 
(results will be correct in all cases). 
The reason for this is probably some large input arguments for a wrapped
 function (e.g. large strings).
THIS IS A JOBLIB ISSUE. If you can, kindly provide the joblib's team with an
 example so that they can fix the problem.
  fitted_estimator = self._memory_fit(

2023-07-04 09:36:01,379:WARNING:/home/thom/venvs/fairlearn/lib/python3.9/site-packages/pycaret/internal/pipeline.py:260: UserWarning: Persisting input arguments took 0.58s to run.
If this happens often in your code, it can cause performance problems 
(results will be correct in all cases). 
The reason for this is probably some large input arguments for a wrapped
 function (e.g. large strings).
THIS IS A JOBLIB ISSUE. If you can, kindly provide the joblib's team with an
 example so that they can fix the problem.
  fitted_estimator = self._memory_fit(

2023-07-04 09:36:01,401:WARNING:/home/thom/venvs/fairlearn/lib/python3.9/site-packages/pycaret/internal/pipeline.py:260: UserWarning: Persisting input arguments took 0.57s to run.
If this happens often in your code, it can cause performance problems 
(results will be correct in all cases). 
The reason for this is probably some large input arguments for a wrapped
 function (e.g. large strings).
THIS IS A JOBLIB ISSUE. If you can, kindly provide the joblib's team with an
 example so that they can fix the problem.
  fitted_estimator = self._memory_fit(

2023-07-04 09:36:03,122:WARNING:/home/thom/venvs/fairlearn/lib/python3.9/site-packages/pycaret/internal/pipeline.py:310: UserWarning: Persisting input arguments took 0.79s to run.
If this happens often in your code, it can cause performance problems 
(results will be correct in all cases). 
The reason for this is probably some large input arguments for a wrapped
 function (e.g. large strings).
THIS IS A JOBLIB ISSUE. If you can, kindly provide the joblib's team with an
 example so that they can fix the problem.
  X, _ = self._memory_full_transform(self, X, None, with_final=False)

2023-07-04 09:36:03,216:WARNING:/home/thom/venvs/fairlearn/lib/python3.9/site-packages/pycaret/internal/pipeline.py:310: UserWarning: Persisting input arguments took 0.74s to run.
If this happens often in your code, it can cause performance problems 
(results will be correct in all cases). 
The reason for this is probably some large input arguments for a wrapped
 function (e.g. large strings).
THIS IS A JOBLIB ISSUE. If you can, kindly provide the joblib's team with an
 example so that they can fix the problem.
  X, _ = self._memory_full_transform(self, X, None, with_final=False)

2023-07-04 09:36:03,259:WARNING:/home/thom/venvs/fairlearn/lib/python3.9/site-packages/pycaret/internal/pipeline.py:310: UserWarning: Persisting input arguments took 0.74s to run.
If this happens often in your code, it can cause performance problems 
(results will be correct in all cases). 
The reason for this is probably some large input arguments for a wrapped
 function (e.g. large strings).
THIS IS A JOBLIB ISSUE. If you can, kindly provide the joblib's team with an
 example so that they can fix the problem.
  X, _ = self._memory_full_transform(self, X, None, with_final=False)

2023-07-04 09:36:03,462:WARNING:/home/thom/venvs/fairlearn/lib/python3.9/site-packages/pycaret/internal/pipeline.py:310: UserWarning: Persisting input arguments took 0.90s to run.
If this happens often in your code, it can cause performance problems 
(results will be correct in all cases). 
The reason for this is probably some large input arguments for a wrapped
 function (e.g. large strings).
THIS IS A JOBLIB ISSUE. If you can, kindly provide the joblib's team with an
 example so that they can fix the problem.
  X, _ = self._memory_full_transform(self, X, None, with_final=False)

2023-07-04 09:36:04,185:WARNING:/home/thom/venvs/fairlearn/lib/python3.9/site-packages/sklearn/linear_model/_huber.py:335: ConvergenceWarning: lbfgs failed to converge (status=1):
STOP: TOTAL NO. of ITERATIONS REACHED LIMIT.

Increase the number of iterations (max_iter) or scale the data as shown in:
    https://scikit-learn.org/stable/modules/preprocessing.html
  self.n_iter_ = _check_optimize_result("lbfgs", opt_res, self.max_iter)

2023-07-04 09:36:04,252:WARNING:/home/thom/venvs/fairlearn/lib/python3.9/site-packages/sklearn/linear_model/_huber.py:335: ConvergenceWarning: lbfgs failed to converge (status=1):
STOP: TOTAL NO. of ITERATIONS REACHED LIMIT.

Increase the number of iterations (max_iter) or scale the data as shown in:
    https://scikit-learn.org/stable/modules/preprocessing.html
  self.n_iter_ = _check_optimize_result("lbfgs", opt_res, self.max_iter)

2023-07-04 09:36:04,297:WARNING:/home/thom/venvs/fairlearn/lib/python3.9/site-packages/sklearn/linear_model/_huber.py:335: ConvergenceWarning: lbfgs failed to converge (status=1):
STOP: TOTAL NO. of ITERATIONS REACHED LIMIT.

Increase the number of iterations (max_iter) or scale the data as shown in:
    https://scikit-learn.org/stable/modules/preprocessing.html
  self.n_iter_ = _check_optimize_result("lbfgs", opt_res, self.max_iter)

2023-07-04 09:36:04,539:WARNING:/home/thom/venvs/fairlearn/lib/python3.9/site-packages/sklearn/linear_model/_huber.py:335: ConvergenceWarning: lbfgs failed to converge (status=1):
STOP: TOTAL NO. of ITERATIONS REACHED LIMIT.

Increase the number of iterations (max_iter) or scale the data as shown in:
    https://scikit-learn.org/stable/modules/preprocessing.html
  self.n_iter_ = _check_optimize_result("lbfgs", opt_res, self.max_iter)

2023-07-04 09:36:04,658:WARNING:/home/thom/venvs/fairlearn/lib/python3.9/site-packages/sklearn/linear_model/_huber.py:335: ConvergenceWarning: lbfgs failed to converge (status=1):
STOP: TOTAL NO. of ITERATIONS REACHED LIMIT.

Increase the number of iterations (max_iter) or scale the data as shown in:
    https://scikit-learn.org/stable/modules/preprocessing.html
  self.n_iter_ = _check_optimize_result("lbfgs", opt_res, self.max_iter)

2023-07-04 09:36:04,777:WARNING:/home/thom/venvs/fairlearn/lib/python3.9/site-packages/sklearn/linear_model/_huber.py:335: ConvergenceWarning: lbfgs failed to converge (status=1):
STOP: TOTAL NO. of ITERATIONS REACHED LIMIT.

Increase the number of iterations (max_iter) or scale the data as shown in:
    https://scikit-learn.org/stable/modules/preprocessing.html
  self.n_iter_ = _check_optimize_result("lbfgs", opt_res, self.max_iter)

2023-07-04 09:36:04,784:WARNING:/home/thom/venvs/fairlearn/lib/python3.9/site-packages/sklearn/linear_model/_huber.py:335: ConvergenceWarning: lbfgs failed to converge (status=1):
STOP: TOTAL NO. of ITERATIONS REACHED LIMIT.

Increase the number of iterations (max_iter) or scale the data as shown in:
    https://scikit-learn.org/stable/modules/preprocessing.html
  self.n_iter_ = _check_optimize_result("lbfgs", opt_res, self.max_iter)

2023-07-04 09:36:04,811:WARNING:/home/thom/venvs/fairlearn/lib/python3.9/site-packages/sklearn/linear_model/_huber.py:335: ConvergenceWarning: lbfgs failed to converge (status=1):
STOP: TOTAL NO. of ITERATIONS REACHED LIMIT.

Increase the number of iterations (max_iter) or scale the data as shown in:
    https://scikit-learn.org/stable/modules/preprocessing.html
  self.n_iter_ = _check_optimize_result("lbfgs", opt_res, self.max_iter)

2023-07-04 09:36:04,922:WARNING:/home/thom/venvs/fairlearn/lib/python3.9/site-packages/sklearn/linear_model/_huber.py:335: ConvergenceWarning: lbfgs failed to converge (status=1):
STOP: TOTAL NO. of ITERATIONS REACHED LIMIT.

Increase the number of iterations (max_iter) or scale the data as shown in:
    https://scikit-learn.org/stable/modules/preprocessing.html
  self.n_iter_ = _check_optimize_result("lbfgs", opt_res, self.max_iter)

2023-07-04 09:36:04,963:WARNING:/home/thom/venvs/fairlearn/lib/python3.9/site-packages/sklearn/linear_model/_huber.py:335: ConvergenceWarning: lbfgs failed to converge (status=1):
STOP: TOTAL NO. of ITERATIONS REACHED LIMIT.

Increase the number of iterations (max_iter) or scale the data as shown in:
    https://scikit-learn.org/stable/modules/preprocessing.html
  self.n_iter_ = _check_optimize_result("lbfgs", opt_res, self.max_iter)

2023-07-04 09:36:04,976:WARNING:/home/thom/venvs/fairlearn/lib/python3.9/site-packages/sklearn/linear_model/_huber.py:335: ConvergenceWarning: lbfgs failed to converge (status=1):
STOP: TOTAL NO. of ITERATIONS REACHED LIMIT.

Increase the number of iterations (max_iter) or scale the data as shown in:
    https://scikit-learn.org/stable/modules/preprocessing.html
  self.n_iter_ = _check_optimize_result("lbfgs", opt_res, self.max_iter)

2023-07-04 09:36:05,051:WARNING:/home/thom/venvs/fairlearn/lib/python3.9/site-packages/sklearn/linear_model/_huber.py:335: ConvergenceWarning: lbfgs failed to converge (status=1):
STOP: TOTAL NO. of ITERATIONS REACHED LIMIT.

Increase the number of iterations (max_iter) or scale the data as shown in:
    https://scikit-learn.org/stable/modules/preprocessing.html
  self.n_iter_ = _check_optimize_result("lbfgs", opt_res, self.max_iter)

2023-07-04 09:36:05,110:WARNING:/home/thom/venvs/fairlearn/lib/python3.9/site-packages/sklearn/linear_model/_huber.py:335: ConvergenceWarning: lbfgs failed to converge (status=1):
STOP: TOTAL NO. of ITERATIONS REACHED LIMIT.

Increase the number of iterations (max_iter) or scale the data as shown in:
    https://scikit-learn.org/stable/modules/preprocessing.html
  self.n_iter_ = _check_optimize_result("lbfgs", opt_res, self.max_iter)

2023-07-04 09:36:05,122:WARNING:/home/thom/venvs/fairlearn/lib/python3.9/site-packages/sklearn/linear_model/_huber.py:335: ConvergenceWarning: lbfgs failed to converge (status=1):
STOP: TOTAL NO. of ITERATIONS REACHED LIMIT.

Increase the number of iterations (max_iter) or scale the data as shown in:
    https://scikit-learn.org/stable/modules/preprocessing.html
  self.n_iter_ = _check_optimize_result("lbfgs", opt_res, self.max_iter)

2023-07-04 09:36:05,141:WARNING:/home/thom/venvs/fairlearn/lib/python3.9/site-packages/sklearn/linear_model/_huber.py:335: ConvergenceWarning: lbfgs failed to converge (status=1):
STOP: TOTAL NO. of ITERATIONS REACHED LIMIT.

Increase the number of iterations (max_iter) or scale the data as shown in:
    https://scikit-learn.org/stable/modules/preprocessing.html
  self.n_iter_ = _check_optimize_result("lbfgs", opt_res, self.max_iter)

2023-07-04 09:36:05,287:WARNING:/home/thom/venvs/fairlearn/lib/python3.9/site-packages/sklearn/linear_model/_huber.py:335: ConvergenceWarning: lbfgs failed to converge (status=1):
STOP: TOTAL NO. of ITERATIONS REACHED LIMIT.

Increase the number of iterations (max_iter) or scale the data as shown in:
    https://scikit-learn.org/stable/modules/preprocessing.html
  self.n_iter_ = _check_optimize_result("lbfgs", opt_res, self.max_iter)

2023-07-04 09:36:05,296:WARNING:/home/thom/venvs/fairlearn/lib/python3.9/site-packages/sklearn/linear_model/_huber.py:335: ConvergenceWarning: lbfgs failed to converge (status=1):
STOP: TOTAL NO. of ITERATIONS REACHED LIMIT.

Increase the number of iterations (max_iter) or scale the data as shown in:
    https://scikit-learn.org/stable/modules/preprocessing.html
  self.n_iter_ = _check_optimize_result("lbfgs", opt_res, self.max_iter)

2023-07-04 09:36:05,312:WARNING:/home/thom/venvs/fairlearn/lib/python3.9/site-packages/sklearn/linear_model/_huber.py:335: ConvergenceWarning: lbfgs failed to converge (status=1):
STOP: TOTAL NO. of ITERATIONS REACHED LIMIT.

Increase the number of iterations (max_iter) or scale the data as shown in:
    https://scikit-learn.org/stable/modules/preprocessing.html
  self.n_iter_ = _check_optimize_result("lbfgs", opt_res, self.max_iter)

2023-07-04 09:36:05,380:WARNING:/home/thom/venvs/fairlearn/lib/python3.9/site-packages/sklearn/linear_model/_huber.py:335: ConvergenceWarning: lbfgs failed to converge (status=1):
STOP: TOTAL NO. of ITERATIONS REACHED LIMIT.

Increase the number of iterations (max_iter) or scale the data as shown in:
    https://scikit-learn.org/stable/modules/preprocessing.html
  self.n_iter_ = _check_optimize_result("lbfgs", opt_res, self.max_iter)

2023-07-04 09:36:05,427:WARNING:/home/thom/venvs/fairlearn/lib/python3.9/site-packages/sklearn/linear_model/_huber.py:335: ConvergenceWarning: lbfgs failed to converge (status=1):
STOP: TOTAL NO. of ITERATIONS REACHED LIMIT.

Increase the number of iterations (max_iter) or scale the data as shown in:
    https://scikit-learn.org/stable/modules/preprocessing.html
  self.n_iter_ = _check_optimize_result("lbfgs", opt_res, self.max_iter)

2023-07-04 09:36:05,471:WARNING:/home/thom/venvs/fairlearn/lib/python3.9/site-packages/sklearn/linear_model/_huber.py:335: ConvergenceWarning: lbfgs failed to converge (status=1):
STOP: TOTAL NO. of ITERATIONS REACHED LIMIT.

Increase the number of iterations (max_iter) or scale the data as shown in:
    https://scikit-learn.org/stable/modules/preprocessing.html
  self.n_iter_ = _check_optimize_result("lbfgs", opt_res, self.max_iter)

2023-07-04 09:36:05,525:WARNING:/home/thom/venvs/fairlearn/lib/python3.9/site-packages/sklearn/linear_model/_huber.py:335: ConvergenceWarning: lbfgs failed to converge (status=1):
STOP: TOTAL NO. of ITERATIONS REACHED LIMIT.

Increase the number of iterations (max_iter) or scale the data as shown in:
    https://scikit-learn.org/stable/modules/preprocessing.html
  self.n_iter_ = _check_optimize_result("lbfgs", opt_res, self.max_iter)

2023-07-04 09:36:05,622:WARNING:/home/thom/venvs/fairlearn/lib/python3.9/site-packages/sklearn/linear_model/_huber.py:335: ConvergenceWarning: lbfgs failed to converge (status=1):
STOP: TOTAL NO. of ITERATIONS REACHED LIMIT.

Increase the number of iterations (max_iter) or scale the data as shown in:
    https://scikit-learn.org/stable/modules/preprocessing.html
  self.n_iter_ = _check_optimize_result("lbfgs", opt_res, self.max_iter)

2023-07-04 09:36:08,033:WARNING:/home/thom/venvs/fairlearn/lib/python3.9/site-packages/pycaret/internal/pipeline.py:310: UserWarning: Persisting input arguments took 0.76s to run.
If this happens often in your code, it can cause performance problems 
(results will be correct in all cases). 
The reason for this is probably some large input arguments for a wrapped
 function (e.g. large strings).
THIS IS A JOBLIB ISSUE. If you can, kindly provide the joblib's team with an
 example so that they can fix the problem.
  X, _ = self._memory_full_transform(self, X, None, with_final=False)

2023-07-04 09:36:08,150:WARNING:/home/thom/venvs/fairlearn/lib/python3.9/site-packages/pycaret/internal/pipeline.py:310: UserWarning: Persisting input arguments took 0.80s to run.
If this happens often in your code, it can cause performance problems 
(results will be correct in all cases). 
The reason for this is probably some large input arguments for a wrapped
 function (e.g. large strings).
THIS IS A JOBLIB ISSUE. If you can, kindly provide the joblib's team with an
 example so that they can fix the problem.
  X, _ = self._memory_full_transform(self, X, None, with_final=False)

2023-07-04 09:36:08,179:WARNING:/home/thom/venvs/fairlearn/lib/python3.9/site-packages/pycaret/internal/pipeline.py:310: UserWarning: Persisting input arguments took 0.80s to run.
If this happens often in your code, it can cause performance problems 
(results will be correct in all cases). 
The reason for this is probably some large input arguments for a wrapped
 function (e.g. large strings).
THIS IS A JOBLIB ISSUE. If you can, kindly provide the joblib's team with an
 example so that they can fix the problem.
  X, _ = self._memory_full_transform(self, X, None, with_final=False)

2023-07-04 09:36:08,388:WARNING:/home/thom/venvs/fairlearn/lib/python3.9/site-packages/pycaret/internal/pipeline.py:310: UserWarning: Persisting input arguments took 0.80s to run.
If this happens often in your code, it can cause performance problems 
(results will be correct in all cases). 
The reason for this is probably some large input arguments for a wrapped
 function (e.g. large strings).
THIS IS A JOBLIB ISSUE. If you can, kindly provide the joblib's team with an
 example so that they can fix the problem.
  X, _ = self._memory_full_transform(self, X, None, with_final=False)

2023-07-04 09:36:08,848:WARNING:/home/thom/venvs/fairlearn/lib/python3.9/site-packages/sklearn/linear_model/_huber.py:335: ConvergenceWarning: lbfgs failed to converge (status=1):
STOP: TOTAL NO. of ITERATIONS REACHED LIMIT.

Increase the number of iterations (max_iter) or scale the data as shown in:
    https://scikit-learn.org/stable/modules/preprocessing.html
  self.n_iter_ = _check_optimize_result("lbfgs", opt_res, self.max_iter)

2023-07-04 09:36:09,148:WARNING:/home/thom/venvs/fairlearn/lib/python3.9/site-packages/sklearn/linear_model/_huber.py:335: ConvergenceWarning: lbfgs failed to converge (status=1):
STOP: TOTAL NO. of ITERATIONS REACHED LIMIT.

Increase the number of iterations (max_iter) or scale the data as shown in:
    https://scikit-learn.org/stable/modules/preprocessing.html
  self.n_iter_ = _check_optimize_result("lbfgs", opt_res, self.max_iter)

2023-07-04 09:36:09,187:WARNING:/home/thom/venvs/fairlearn/lib/python3.9/site-packages/sklearn/linear_model/_huber.py:335: ConvergenceWarning: lbfgs failed to converge (status=1):
STOP: TOTAL NO. of ITERATIONS REACHED LIMIT.

Increase the number of iterations (max_iter) or scale the data as shown in:
    https://scikit-learn.org/stable/modules/preprocessing.html
  self.n_iter_ = _check_optimize_result("lbfgs", opt_res, self.max_iter)

2023-07-04 09:36:09,251:WARNING:/home/thom/venvs/fairlearn/lib/python3.9/site-packages/sklearn/linear_model/_huber.py:335: ConvergenceWarning: lbfgs failed to converge (status=1):
STOP: TOTAL NO. of ITERATIONS REACHED LIMIT.

Increase the number of iterations (max_iter) or scale the data as shown in:
    https://scikit-learn.org/stable/modules/preprocessing.html
  self.n_iter_ = _check_optimize_result("lbfgs", opt_res, self.max_iter)

2023-07-04 09:36:09,297:WARNING:/home/thom/venvs/fairlearn/lib/python3.9/site-packages/sklearn/linear_model/_huber.py:335: ConvergenceWarning: lbfgs failed to converge (status=1):
STOP: TOTAL NO. of ITERATIONS REACHED LIMIT.

Increase the number of iterations (max_iter) or scale the data as shown in:
    https://scikit-learn.org/stable/modules/preprocessing.html
  self.n_iter_ = _check_optimize_result("lbfgs", opt_res, self.max_iter)

2023-07-04 09:36:09,367:WARNING:/home/thom/venvs/fairlearn/lib/python3.9/site-packages/sklearn/linear_model/_huber.py:335: ConvergenceWarning: lbfgs failed to converge (status=1):
STOP: TOTAL NO. of ITERATIONS REACHED LIMIT.

Increase the number of iterations (max_iter) or scale the data as shown in:
    https://scikit-learn.org/stable/modules/preprocessing.html
  self.n_iter_ = _check_optimize_result("lbfgs", opt_res, self.max_iter)

2023-07-04 09:36:09,410:WARNING:/home/thom/venvs/fairlearn/lib/python3.9/site-packages/sklearn/linear_model/_huber.py:335: ConvergenceWarning: lbfgs failed to converge (status=1):
STOP: TOTAL NO. of ITERATIONS REACHED LIMIT.

Increase the number of iterations (max_iter) or scale the data as shown in:
    https://scikit-learn.org/stable/modules/preprocessing.html
  self.n_iter_ = _check_optimize_result("lbfgs", opt_res, self.max_iter)

2023-07-04 09:36:09,575:WARNING:/home/thom/venvs/fairlearn/lib/python3.9/site-packages/sklearn/linear_model/_huber.py:335: ConvergenceWarning: lbfgs failed to converge (status=1):
STOP: TOTAL NO. of ITERATIONS REACHED LIMIT.

Increase the number of iterations (max_iter) or scale the data as shown in:
    https://scikit-learn.org/stable/modules/preprocessing.html
  self.n_iter_ = _check_optimize_result("lbfgs", opt_res, self.max_iter)

2023-07-04 09:36:09,747:WARNING:/home/thom/venvs/fairlearn/lib/python3.9/site-packages/sklearn/linear_model/_huber.py:335: ConvergenceWarning: lbfgs failed to converge (status=1):
STOP: TOTAL NO. of ITERATIONS REACHED LIMIT.

Increase the number of iterations (max_iter) or scale the data as shown in:
    https://scikit-learn.org/stable/modules/preprocessing.html
  self.n_iter_ = _check_optimize_result("lbfgs", opt_res, self.max_iter)

2023-07-04 09:36:09,996:WARNING:/home/thom/venvs/fairlearn/lib/python3.9/site-packages/sklearn/linear_model/_huber.py:335: ConvergenceWarning: lbfgs failed to converge (status=1):
STOP: TOTAL NO. of ITERATIONS REACHED LIMIT.

Increase the number of iterations (max_iter) or scale the data as shown in:
    https://scikit-learn.org/stable/modules/preprocessing.html
  self.n_iter_ = _check_optimize_result("lbfgs", opt_res, self.max_iter)

2023-07-04 09:36:10,152:WARNING:/home/thom/venvs/fairlearn/lib/python3.9/site-packages/sklearn/linear_model/_huber.py:335: ConvergenceWarning: lbfgs failed to converge (status=1):
STOP: TOTAL NO. of ITERATIONS REACHED LIMIT.

Increase the number of iterations (max_iter) or scale the data as shown in:
    https://scikit-learn.org/stable/modules/preprocessing.html
  self.n_iter_ = _check_optimize_result("lbfgs", opt_res, self.max_iter)

2023-07-04 09:36:11,904:INFO:Calculating mean and std
2023-07-04 09:36:11,906:INFO:Creating metrics dataframe
2023-07-04 09:36:11,918:INFO:Finalizing model
2023-07-04 09:36:12,396:WARNING:/home/thom/venvs/fairlearn/lib/python3.9/site-packages/sklearn/linear_model/_huber.py:335: ConvergenceWarning: lbfgs failed to converge (status=1):
STOP: TOTAL NO. of ITERATIONS REACHED LIMIT.

Increase the number of iterations (max_iter) or scale the data as shown in:
    https://scikit-learn.org/stable/modules/preprocessing.html
  self.n_iter_ = _check_optimize_result("lbfgs", opt_res, self.max_iter)

2023-07-04 09:36:13,000:WARNING:/home/thom/venvs/fairlearn/lib/python3.9/site-packages/sklearn/linear_model/_huber.py:335: ConvergenceWarning: lbfgs failed to converge (status=1):
STOP: TOTAL NO. of ITERATIONS REACHED LIMIT.

Increase the number of iterations (max_iter) or scale the data as shown in:
    https://scikit-learn.org/stable/modules/preprocessing.html
  self.n_iter_ = _check_optimize_result("lbfgs", opt_res, self.max_iter)

2023-07-04 09:36:13,007:WARNING:/home/thom/venvs/fairlearn/lib/python3.9/site-packages/sklearn/linear_model/_huber.py:335: ConvergenceWarning: lbfgs failed to converge (status=1):
STOP: TOTAL NO. of ITERATIONS REACHED LIMIT.

Increase the number of iterations (max_iter) or scale the data as shown in:
    https://scikit-learn.org/stable/modules/preprocessing.html
  self.n_iter_ = _check_optimize_result("lbfgs", opt_res, self.max_iter)

2023-07-04 09:36:13,016:WARNING:/home/thom/venvs/fairlearn/lib/python3.9/site-packages/sklearn/linear_model/_huber.py:335: ConvergenceWarning: lbfgs failed to converge (status=1):
STOP: TOTAL NO. of ITERATIONS REACHED LIMIT.

Increase the number of iterations (max_iter) or scale the data as shown in:
    https://scikit-learn.org/stable/modules/preprocessing.html
  self.n_iter_ = _check_optimize_result("lbfgs", opt_res, self.max_iter)

2023-07-04 09:36:13,024:WARNING:/home/thom/venvs/fairlearn/lib/python3.9/site-packages/sklearn/linear_model/_huber.py:335: ConvergenceWarning: lbfgs failed to converge (status=1):
STOP: TOTAL NO. of ITERATIONS REACHED LIMIT.

Increase the number of iterations (max_iter) or scale the data as shown in:
    https://scikit-learn.org/stable/modules/preprocessing.html
  self.n_iter_ = _check_optimize_result("lbfgs", opt_res, self.max_iter)

2023-07-04 09:36:13,080:WARNING:/home/thom/venvs/fairlearn/lib/python3.9/site-packages/sklearn/linear_model/_huber.py:335: ConvergenceWarning: lbfgs failed to converge (status=1):
STOP: TOTAL NO. of ITERATIONS REACHED LIMIT.

Increase the number of iterations (max_iter) or scale the data as shown in:
    https://scikit-learn.org/stable/modules/preprocessing.html
  self.n_iter_ = _check_optimize_result("lbfgs", opt_res, self.max_iter)

2023-07-04 09:36:13,278:INFO:Uploading results into container
2023-07-04 09:36:13,280:INFO:Uploading model into container now
2023-07-04 09:36:13,280:INFO:_master_model_container: 59
2023-07-04 09:36:13,280:INFO:_display_container: 16
2023-07-04 09:36:13,289:INFO:StackingRegressor(cv=5,
                  estimators=[('Gradient Boosting Regressor',
                               GradientBoostingRegressor(random_state=2584)),
                              ('Bayesian Ridge', BayesianRidge()),
                              ('Ridge Regression', Ridge(random_state=2584)),
                              ('Linear Regression',
                               LinearRegression(n_jobs=-1)),
                              ('Huber Regressor', HuberRegressor())],
                  final_estimator=LinearRegression(n_jobs=-1), n_jobs=-1,
                  passthrough=True)
2023-07-04 09:36:13,289:INFO:create_model() successfully completed......................................
2023-07-04 09:36:13,436:INFO:SubProcess create_model() end ==================================
2023-07-04 09:36:13,457:INFO:_master_model_container: 59
2023-07-04 09:36:13,458:INFO:_display_container: 16
2023-07-04 09:36:13,463:INFO:StackingRegressor(cv=5,
                  estimators=[('Gradient Boosting Regressor',
                               GradientBoostingRegressor(random_state=2584)),
                              ('Bayesian Ridge', BayesianRidge()),
                              ('Ridge Regression', Ridge(random_state=2584)),
                              ('Linear Regression',
                               LinearRegression(n_jobs=-1)),
                              ('Huber Regressor', HuberRegressor())],
                  final_estimator=LinearRegression(n_jobs=-1), n_jobs=-1,
                  passthrough=True)
2023-07-04 09:36:13,463:INFO:stack_models() successfully completed......................................
2023-07-04 09:36:13,636:INFO:Initializing plot_model()
2023-07-04 09:36:13,637:INFO:plot_model(plot=residuals, fold=None, verbose=True, display=None, display_format=None, estimator=DecisionTreeRegressor(random_state=2584), feature_name=None, fit_kwargs=None, groups=None, label=False, plot_kwargs=None, save=False, scale=1, self=<pycaret.regression.oop.RegressionExperiment object at 0x7f854a8330d0>, system=True)
2023-07-04 09:36:13,637:INFO:Checking exceptions
2023-07-04 09:36:13,641:INFO:Preloading libraries
2023-07-04 09:36:13,642:INFO:Copying training dataset
2023-07-04 09:36:13,642:INFO:Plot type: residuals
2023-07-04 09:36:14,584:INFO:Fitting Model
2023-07-04 09:36:14,586:WARNING:/home/thom/venvs/fairlearn/lib/python3.9/site-packages/sklearn/base.py:450: UserWarning: X does not have valid feature names, but DecisionTreeRegressor was fitted with feature names
  warnings.warn(

2023-07-04 09:36:14,642:INFO:Scoring test/hold-out set
2023-07-04 09:36:15,510:INFO:Visual Rendered Successfully
2023-07-04 09:36:15,677:INFO:plot_model() successfully completed......................................
2023-07-04 09:36:15,687:INFO:Initializing plot_model()
2023-07-04 09:36:15,687:INFO:plot_model(plot=error, fold=None, verbose=True, display=None, display_format=None, estimator=DecisionTreeRegressor(random_state=2584), feature_name=None, fit_kwargs=None, groups=None, label=False, plot_kwargs=None, save=False, scale=1, self=<pycaret.regression.oop.RegressionExperiment object at 0x7f854a8330d0>, system=True)
2023-07-04 09:36:15,687:INFO:Checking exceptions
2023-07-04 09:36:15,695:INFO:Preloading libraries
2023-07-04 09:36:15,695:INFO:Copying training dataset
2023-07-04 09:36:15,695:INFO:Plot type: error
2023-07-04 09:36:16,728:INFO:Fitting Model
2023-07-04 09:36:16,729:WARNING:/home/thom/venvs/fairlearn/lib/python3.9/site-packages/sklearn/base.py:450: UserWarning: X does not have valid feature names, but DecisionTreeRegressor was fitted with feature names
  warnings.warn(

2023-07-04 09:36:16,729:INFO:Scoring test/hold-out set
2023-07-04 09:36:17,192:INFO:Visual Rendered Successfully
2023-07-04 09:36:17,327:INFO:plot_model() successfully completed......................................
2023-07-04 09:36:17,334:INFO:Initializing plot_model()
2023-07-04 09:36:17,334:INFO:plot_model(plot=feature, fold=None, verbose=True, display=None, display_format=None, estimator=DecisionTreeRegressor(random_state=2584), feature_name=None, fit_kwargs=None, groups=None, label=False, plot_kwargs=None, save=False, scale=1, self=<pycaret.regression.oop.RegressionExperiment object at 0x7f854a8330d0>, system=True)
2023-07-04 09:36:17,335:INFO:Checking exceptions
2023-07-04 09:36:17,341:INFO:Preloading libraries
2023-07-04 09:36:17,342:INFO:Copying training dataset
2023-07-04 09:36:17,342:INFO:Plot type: feature
2023-07-04 09:36:17,347:WARNING:No coef_ found. Trying feature_importances_
2023-07-04 09:36:17,806:INFO:Visual Rendered Successfully
2023-07-04 09:36:17,965:INFO:plot_model() successfully completed......................................
2023-07-04 09:36:17,975:INFO:Initializing evaluate_model()
2023-07-04 09:36:17,976:INFO:evaluate_model(self=<pycaret.regression.oop.RegressionExperiment object at 0x7f854a8330d0>, estimator=DecisionTreeRegressor(random_state=2584), fold=None, fit_kwargs=None, plot_kwargs=None, feature_name=None, groups=None)
2023-07-04 09:36:17,996:INFO:Initializing plot_model()
2023-07-04 09:36:17,997:INFO:plot_model(plot=pipeline, fold=KFold(n_splits=10, random_state=None, shuffle=False), verbose=False, display=None, display_format=None, estimator=DecisionTreeRegressor(random_state=2584), feature_name=None, fit_kwargs={}, groups=None, label=False, plot_kwargs=None, save=False, scale=1, self=<pycaret.regression.oop.RegressionExperiment object at 0x7f854a8330d0>, system=True)
2023-07-04 09:36:17,997:INFO:Checking exceptions
2023-07-04 09:36:18,000:INFO:Preloading libraries
2023-07-04 09:36:18,000:INFO:Copying training dataset
2023-07-04 09:36:18,001:INFO:Plot type: pipeline
2023-07-04 09:36:18,134:INFO:Visual Rendered Successfully
2023-07-04 09:36:18,276:INFO:plot_model() successfully completed......................................
2023-07-04 09:36:18,306:INFO:Initializing interpret_model()
2023-07-04 09:36:18,307:INFO:interpret_model(estimator=LGBMRegressor(bagging_fraction=0.8, bagging_freq=0, feature_fraction=0.6,
              learning_rate=0.15, min_child_samples=26, min_split_gain=0.4,
              n_estimators=40, num_leaves=60, random_state=2584, reg_alpha=5,
              reg_lambda=1), use_train_data=False, X_new_sample=None, y_new_sample=None, feature=None, kwargs={}, observation=None, plot=summary, save=False, self=<pycaret.regression.oop.RegressionExperiment object at 0x7f854a8330d0>)
2023-07-04 09:36:18,307:INFO:Checking exceptions
2023-07-04 09:36:18,307:INFO:Soft dependency imported: shap: 0.41.0
2023-07-04 09:36:18,733:WARNING:/home/thom/venvs/fairlearn/lib/python3.9/site-packages/shap/utils/_clustering.py:35: NumbaDeprecationWarning: The 'nopython' keyword argument was not supplied to the 'numba.jit' decorator. The implicit default value for this argument is currently False, but it will be changed to True in Numba 0.59.0. See https://numba.readthedocs.io/en/stable/reference/deprecation.html#deprecation-of-object-mode-fall-back-behaviour-when-using-jit for details.
  def _pt_shuffle_rec(i, indexes, index_mask, partition_tree, M, pos):

2023-07-04 09:36:18,773:WARNING:/home/thom/venvs/fairlearn/lib/python3.9/site-packages/shap/utils/_clustering.py:54: NumbaDeprecationWarning: The 'nopython' keyword argument was not supplied to the 'numba.jit' decorator. The implicit default value for this argument is currently False, but it will be changed to True in Numba 0.59.0. See https://numba.readthedocs.io/en/stable/reference/deprecation.html#deprecation-of-object-mode-fall-back-behaviour-when-using-jit for details.
  def delta_minimization_order(all_masks, max_swap_size=100, num_passes=2):

2023-07-04 09:36:18,774:WARNING:/home/thom/venvs/fairlearn/lib/python3.9/site-packages/shap/utils/_clustering.py:63: NumbaDeprecationWarning: The 'nopython' keyword argument was not supplied to the 'numba.jit' decorator. The implicit default value for this argument is currently False, but it will be changed to True in Numba 0.59.0. See https://numba.readthedocs.io/en/stable/reference/deprecation.html#deprecation-of-object-mode-fall-back-behaviour-when-using-jit for details.
  def _reverse_window(order, start, length):

2023-07-04 09:36:18,775:WARNING:/home/thom/venvs/fairlearn/lib/python3.9/site-packages/shap/utils/_clustering.py:69: NumbaDeprecationWarning: The 'nopython' keyword argument was not supplied to the 'numba.jit' decorator. The implicit default value for this argument is currently False, but it will be changed to True in Numba 0.59.0. See https://numba.readthedocs.io/en/stable/reference/deprecation.html#deprecation-of-object-mode-fall-back-behaviour-when-using-jit for details.
  def _reverse_window_score_gain(masks, order, start, length):

2023-07-04 09:36:18,775:WARNING:/home/thom/venvs/fairlearn/lib/python3.9/site-packages/shap/utils/_clustering.py:77: NumbaDeprecationWarning: The 'nopython' keyword argument was not supplied to the 'numba.jit' decorator. The implicit default value for this argument is currently False, but it will be changed to True in Numba 0.59.0. See https://numba.readthedocs.io/en/stable/reference/deprecation.html#deprecation-of-object-mode-fall-back-behaviour-when-using-jit for details.
  def _mask_delta_score(m1, m2):

2023-07-04 09:36:18,778:WARNING:/home/thom/venvs/fairlearn/lib/python3.9/site-packages/shap/links.py:5: NumbaDeprecationWarning: The 'nopython' keyword argument was not supplied to the 'numba.jit' decorator. The implicit default value for this argument is currently False, but it will be changed to True in Numba 0.59.0. See https://numba.readthedocs.io/en/stable/reference/deprecation.html#deprecation-of-object-mode-fall-back-behaviour-when-using-jit for details.
  def identity(x):

2023-07-04 09:36:18,778:WARNING:/home/thom/venvs/fairlearn/lib/python3.9/site-packages/shap/links.py:10: NumbaDeprecationWarning: The 'nopython' keyword argument was not supplied to the 'numba.jit' decorator. The implicit default value for this argument is currently False, but it will be changed to True in Numba 0.59.0. See https://numba.readthedocs.io/en/stable/reference/deprecation.html#deprecation-of-object-mode-fall-back-behaviour-when-using-jit for details.
  def _identity_inverse(x):

2023-07-04 09:36:18,779:WARNING:/home/thom/venvs/fairlearn/lib/python3.9/site-packages/shap/links.py:15: NumbaDeprecationWarning: The 'nopython' keyword argument was not supplied to the 'numba.jit' decorator. The implicit default value for this argument is currently False, but it will be changed to True in Numba 0.59.0. See https://numba.readthedocs.io/en/stable/reference/deprecation.html#deprecation-of-object-mode-fall-back-behaviour-when-using-jit for details.
  def logit(x):

2023-07-04 09:36:18,779:WARNING:/home/thom/venvs/fairlearn/lib/python3.9/site-packages/shap/links.py:20: NumbaDeprecationWarning: The 'nopython' keyword argument was not supplied to the 'numba.jit' decorator. The implicit default value for this argument is currently False, but it will be changed to True in Numba 0.59.0. See https://numba.readthedocs.io/en/stable/reference/deprecation.html#deprecation-of-object-mode-fall-back-behaviour-when-using-jit for details.
  def _logit_inverse(x):

2023-07-04 09:36:18,781:WARNING:/home/thom/venvs/fairlearn/lib/python3.9/site-packages/shap/utils/_masked_model.py:363: NumbaDeprecationWarning: The 'nopython' keyword argument was not supplied to the 'numba.jit' decorator. The implicit default value for this argument is currently False, but it will be changed to True in Numba 0.59.0. See https://numba.readthedocs.io/en/stable/reference/deprecation.html#deprecation-of-object-mode-fall-back-behaviour-when-using-jit for details.
  def _build_fixed_single_output(averaged_outs, last_outs, outputs, batch_positions, varying_rows, num_varying_rows, link, linearizing_weights):

2023-07-04 09:36:18,782:WARNING:/home/thom/venvs/fairlearn/lib/python3.9/site-packages/shap/utils/_masked_model.py:385: NumbaDeprecationWarning: The 'nopython' keyword argument was not supplied to the 'numba.jit' decorator. The implicit default value for this argument is currently False, but it will be changed to True in Numba 0.59.0. See https://numba.readthedocs.io/en/stable/reference/deprecation.html#deprecation-of-object-mode-fall-back-behaviour-when-using-jit for details.
  def _build_fixed_multi_output(averaged_outs, last_outs, outputs, batch_positions, varying_rows, num_varying_rows, link, linearizing_weights):

2023-07-04 09:36:18,782:WARNING:/home/thom/venvs/fairlearn/lib/python3.9/site-packages/shap/utils/_masked_model.py:428: NumbaDeprecationWarning: The 'nopython' keyword argument was not supplied to the 'numba.jit' decorator. The implicit default value for this argument is currently False, but it will be changed to True in Numba 0.59.0. See https://numba.readthedocs.io/en/stable/reference/deprecation.html#deprecation-of-object-mode-fall-back-behaviour-when-using-jit for details.
  def _init_masks(cluster_matrix, M, indices_row_pos, indptr):

2023-07-04 09:36:18,783:WARNING:/home/thom/venvs/fairlearn/lib/python3.9/site-packages/shap/utils/_masked_model.py:439: NumbaDeprecationWarning: The 'nopython' keyword argument was not supplied to the 'numba.jit' decorator. The implicit default value for this argument is currently False, but it will be changed to True in Numba 0.59.0. See https://numba.readthedocs.io/en/stable/reference/deprecation.html#deprecation-of-object-mode-fall-back-behaviour-when-using-jit for details.
  def _rec_fill_masks(cluster_matrix, indices_row_pos, indptr, indices, M, ind):

2023-07-04 09:36:18,790:WARNING:/home/thom/venvs/fairlearn/lib/python3.9/site-packages/shap/maskers/_tabular.py:186: NumbaDeprecationWarning: The 'nopython' keyword argument was not supplied to the 'numba.jit' decorator. The implicit default value for this argument is currently False, but it will be changed to True in Numba 0.59.0. See https://numba.readthedocs.io/en/stable/reference/deprecation.html#deprecation-of-object-mode-fall-back-behaviour-when-using-jit for details.
  def _single_delta_mask(dind, masked_inputs, last_mask, data, x, noop_code):

2023-07-04 09:36:18,790:WARNING:/home/thom/venvs/fairlearn/lib/python3.9/site-packages/shap/maskers/_tabular.py:197: NumbaDeprecationWarning: The 'nopython' keyword argument was not supplied to the 'numba.jit' decorator. The implicit default value for this argument is currently False, but it will be changed to True in Numba 0.59.0. See https://numba.readthedocs.io/en/stable/reference/deprecation.html#deprecation-of-object-mode-fall-back-behaviour-when-using-jit for details.
  def _delta_masking(masks, x, curr_delta_inds, varying_rows_out,

2023-07-04 09:36:18,792:WARNING:/home/thom/venvs/fairlearn/lib/python3.9/site-packages/shap/maskers/_image.py:175: NumbaDeprecationWarning: The 'nopython' keyword argument was not supplied to the 'numba.jit' decorator. The implicit default value for this argument is currently False, but it will be changed to True in Numba 0.59.0. See https://numba.readthedocs.io/en/stable/reference/deprecation.html#deprecation-of-object-mode-fall-back-behaviour-when-using-jit for details.
  def _jit_build_partition_tree(xmin, xmax, ymin, ymax, zmin, zmax, total_ywidth, total_zwidth, M, clustering, q):

2023-07-04 09:36:18,801:WARNING:/home/thom/venvs/fairlearn/lib/python3.9/site-packages/shap/explainers/_partition.py:676: NumbaDeprecationWarning: The 'nopython' keyword argument was not supplied to the 'numba.jit' decorator. The implicit default value for this argument is currently False, but it will be changed to True in Numba 0.59.0. See https://numba.readthedocs.io/en/stable/reference/deprecation.html#deprecation-of-object-mode-fall-back-behaviour-when-using-jit for details.
  def lower_credit(i, value, M, values, clustering):

2023-07-04 09:36:18,806:WARNING:The 'nopython' keyword argument was not supplied to the 'numba.jit' decorator. The implicit default value for this argument is currently False, but it will be changed to True in Numba 0.59.0. See https://numba.readthedocs.io/en/stable/reference/deprecation.html#deprecation-of-object-mode-fall-back-behaviour-when-using-jit for details.

2023-07-04 09:36:18,806:WARNING:The 'nopython' keyword argument was not supplied to the 'numba.jit' decorator. The implicit default value for this argument is currently False, but it will be changed to True in Numba 0.59.0. See https://numba.readthedocs.io/en/stable/reference/deprecation.html#deprecation-of-object-mode-fall-back-behaviour-when-using-jit for details.

2023-07-04 09:36:19,159:INFO:plot type: summary
2023-07-04 09:36:19,159:INFO:Creating TreeExplainer
2023-07-04 09:36:19,173:INFO:Compiling shap values
2023-07-04 09:36:19,224:WARNING:No data for colormapping provided via 'c'. Parameters 'vmin', 'vmax' will be ignored

2023-07-04 09:36:19,995:INFO:Visual Rendered Successfully
2023-07-04 09:36:19,995:INFO:interpret_model() successfully completed......................................
2023-07-04 09:36:20,147:INFO:Initializing interpret_model()
2023-07-04 09:36:20,147:INFO:interpret_model(estimator=LGBMRegressor(bagging_fraction=0.8, bagging_freq=0, feature_fraction=0.6,
              learning_rate=0.15, min_child_samples=26, min_split_gain=0.4,
              n_estimators=40, num_leaves=60, random_state=2584, reg_alpha=5,
              reg_lambda=1), use_train_data=False, X_new_sample=None, y_new_sample=None, feature=None, kwargs={}, observation=None, plot=correlation, save=False, self=<pycaret.regression.oop.RegressionExperiment object at 0x7f854a8330d0>)
2023-07-04 09:36:20,148:INFO:Checking exceptions
2023-07-04 09:36:20,148:INFO:Soft dependency imported: shap: 0.41.0
2023-07-04 09:36:20,409:INFO:plot type: correlation
2023-07-04 09:36:20,409:WARNING:No feature passed. Default value of feature used for correlation plot: num_imputer__JS
2023-07-04 09:36:20,409:INFO:Creating TreeExplainer
2023-07-04 09:36:20,421:INFO:Compiling shap values
2023-07-04 09:36:20,444:INFO:model type detected: type 2
2023-07-04 09:36:20,767:INFO:Visual Rendered Successfully
2023-07-04 09:36:20,768:INFO:interpret_model() successfully completed......................................
2023-07-04 09:36:20,922:INFO:Initializing interpret_model()
2023-07-04 09:36:20,922:INFO:interpret_model(estimator=LGBMRegressor(bagging_fraction=0.8, bagging_freq=0, feature_fraction=0.6,
              learning_rate=0.15, min_child_samples=26, min_split_gain=0.4,
              n_estimators=40, num_leaves=60, random_state=2584, reg_alpha=5,
              reg_lambda=1), use_train_data=False, X_new_sample=None, y_new_sample=None, feature=None, kwargs={}, observation=12, plot=reason, save=False, self=<pycaret.regression.oop.RegressionExperiment object at 0x7f854a8330d0>)
2023-07-04 09:36:20,922:INFO:Checking exceptions
2023-07-04 09:36:20,923:INFO:Soft dependency imported: shap: 0.41.0
2023-07-04 09:36:21,158:INFO:plot type: reason
2023-07-04 09:36:21,159:INFO:model type detected: type 2
2023-07-04 09:36:21,159:INFO:Creating TreeExplainer
2023-07-04 09:36:21,171:INFO:Compiling shap values
2023-07-04 09:36:21,205:INFO:Visual Rendered Successfully
2023-07-04 09:36:21,206:INFO:interpret_model() successfully completed......................................
2023-07-04 09:36:21,401:INFO:Initializing automl()
2023-07-04 09:36:21,401:INFO:automl(self=<pycaret.regression.oop.RegressionExperiment object at 0x7f854a8330d0>, optimize=MAE, use_holdout=False, turbo=True, return_train_score=False)
2023-07-04 09:36:21,401:INFO:Model Selection Basis : CV Results on Training set
2023-07-04 09:36:21,401:INFO:Checking model 18
2023-07-04 09:36:21,402:INFO:Checking model 19
2023-07-04 09:36:21,402:INFO:Checking model 20
2023-07-04 09:36:21,402:INFO:Checking model 21
2023-07-04 09:36:21,402:INFO:Checking model 22
2023-07-04 09:36:21,403:INFO:Checking model 23
2023-07-04 09:36:21,403:INFO:Checking model 24
2023-07-04 09:36:21,403:INFO:Checking model 25
2023-07-04 09:36:21,404:INFO:Checking model 26
2023-07-04 09:36:21,404:INFO:Checking model 27
2023-07-04 09:36:21,404:INFO:Checking model 28
2023-07-04 09:36:21,405:INFO:Checking model 29
2023-07-04 09:36:21,405:INFO:Checking model 30
2023-07-04 09:36:21,405:INFO:Checking model 31
2023-07-04 09:36:21,405:INFO:Checking model 32
2023-07-04 09:36:21,406:INFO:Checking model 57
2023-07-04 09:36:21,406:INFO:Checking model 58
2023-07-04 09:36:21,416:INFO:Initializing create_model()
2023-07-04 09:36:21,416:INFO:create_model(self=<pycaret.regression.oop.RegressionExperiment object at 0x7f854a8330d0>, estimator=VotingRegressor(estimators=[('Gradient Boosting Regressor',
                             GradientBoostingRegressor(random_state=2584)),
                            ('Bayesian Ridge', BayesianRidge()),
                            ('Ridge Regression', Ridge(random_state=2584)),
                            ('Linear Regression', LinearRegression(n_jobs=-1)),
                            ('Huber Regressor', HuberRegressor())],
                n_jobs=-1), fold=None, round=4, cross_validation=False, predict=False, fit_kwargs=None, groups=None, refit=True, probability_threshold=None, experiment_custom_tags=None, verbose=False, system=False, add_to_model_list=True, metrics=None, display=None, model_only=True, return_train_score=False, kwargs={})
2023-07-04 09:36:21,416:INFO:Checking exceptions
2023-07-04 09:36:21,419:INFO:Importing libraries
2023-07-04 09:36:21,419:INFO:Copying training dataset
2023-07-04 09:36:21,426:INFO:Defining folds
2023-07-04 09:36:21,426:INFO:Declaring metric variables
2023-07-04 09:36:21,426:INFO:Importing untrained model
2023-07-04 09:36:21,426:INFO:Declaring custom model
2023-07-04 09:36:21,431:INFO:Voting Regressor Imported successfully
2023-07-04 09:36:21,737:INFO:Cross validation set to False
2023-07-04 09:36:21,738:INFO:Fitting Model
2023-07-04 09:36:22,179:INFO:VotingRegressor(estimators=[('Gradient Boosting Regressor',
                             GradientBoostingRegressor(random_state=2584)),
                            ('Bayesian Ridge', BayesianRidge()),
                            ('Ridge Regression', Ridge(random_state=2584)),
                            ('Linear Regression', LinearRegression(n_jobs=-1)),
                            ('Huber Regressor', HuberRegressor())],
                n_jobs=-1)
2023-07-04 09:36:22,179:INFO:create_model() successfully completed......................................
2023-07-04 09:36:22,520:INFO:VotingRegressor(estimators=[('Gradient Boosting Regressor',
                             GradientBoostingRegressor(random_state=2584)),
                            ('Bayesian Ridge', BayesianRidge()),
                            ('Ridge Regression', Ridge(random_state=2584)),
                            ('Linear Regression', LinearRegression(n_jobs=-1)),
                            ('Huber Regressor', HuberRegressor())],
                n_jobs=-1)
2023-07-04 09:36:22,520:INFO:automl() successfully completed......................................
2023-07-04 09:36:22,549:INFO:Initializing predict_model()
2023-07-04 09:36:22,550:INFO:predict_model(self=<pycaret.regression.oop.RegressionExperiment object at 0x7f854a8330d0>, estimator=LGBMRegressor(bagging_fraction=0.8, bagging_freq=0, feature_fraction=0.6,
              learning_rate=0.15, min_child_samples=26, min_split_gain=0.4,
              n_estimators=40, num_leaves=60, random_state=2584, reg_alpha=5,
              reg_lambda=1), probability_threshold=None, encoded_labels=False, raw_score=False, round=4, verbose=True, ml_usecase=None, preprocess=True, encode_labels=<function _SupervisedExperiment.predict_model.<locals>.encode_labels at 0x7f854a4bab80>)
2023-07-04 09:36:22,550:INFO:Checking exceptions
2023-07-04 09:36:22,551:INFO:Preloading libraries
2023-07-04 09:36:23,224:INFO:Initializing predict_model()
2023-07-04 09:36:23,225:INFO:predict_model(self=<pycaret.regression.oop.RegressionExperiment object at 0x7f854a8330d0>, estimator=VotingRegressor(estimators=[('Gradient Boosting Regressor',
                             GradientBoostingRegressor(random_state=2584)),
                            ('Bayesian Ridge', BayesianRidge()),
                            ('Ridge Regression', Ridge(random_state=2584)),
                            ('Linear Regression', LinearRegression(n_jobs=-1)),
                            ('Huber Regressor', HuberRegressor())],
                n_jobs=-1), probability_threshold=None, encoded_labels=False, raw_score=False, round=4, verbose=True, ml_usecase=None, preprocess=True, encode_labels=<function _SupervisedExperiment.predict_model.<locals>.encode_labels at 0x7f854a4ba4c0>)
2023-07-04 09:36:23,225:INFO:Checking exceptions
2023-07-04 09:36:23,225:INFO:Preloading libraries
2023-07-04 09:36:23,228:INFO:Set up data.
2023-07-04 09:36:23,237:INFO:Set up index.
2023-07-04 09:36:25,231:INFO:Initializing save_model()
2023-07-04 09:36:25,231:INFO:save_model(model=VotingRegressor(estimators=[('Gradient Boosting Regressor',
                             GradientBoostingRegressor(random_state=2584)),
                            ('Bayesian Ridge', BayesianRidge()),
                            ('Ridge Regression', Ridge(random_state=2584)),
                            ('Linear Regression', LinearRegression(n_jobs=-1)),
                            ('Huber Regressor', HuberRegressor())],
                n_jobs=-1), model_name=best-model, prep_pipe_=Pipeline(memory=FastMemory(location=/tmp/joblib),
         steps=[('iterative_imputer',
                 TransformerWrapper(transformer=IterativeImputer(cat_estimator=LGBMClassifier(random_state=2584),
                                                                 cat_estimator_prepare_for_categoricals_type=(LGBMClassifier(random_state=2584),
                                                                                                              {}),
                                                                 categorical_indices=[],
                                                                 max_iter=5,
                                                                 num_estimator=LGBMRegressor(random_state=2584),
                                                                 num_estimator_prepare_for_categoricals_type=(LGBMRegressor(random_state=2584),
                                                                                                              {}),
                                                                 random_state=2584,
                                                                 skip_complete=True))),
                ('clean_column_names',
                 TransformerWrapper(transformer=CleanColumnNames()))]), verbose=True, use_case=MLUsecase.REGRESSION, kwargs={})
2023-07-04 09:36:25,231:INFO:Adding model into prep_pipe
2023-07-04 09:36:25,599:INFO:best-model.pkl saved in current working directory
2023-07-04 09:36:25,654:INFO:Pipeline(memory=FastMemory(location=/tmp/joblib),
         steps=[('iterative_imputer',
                 TransformerWrapper(transformer=IterativeImputer(cat_estimator=LGBMClassifier(random_state=2584),
                                                                 cat_estimator_prepare_for_categoricals_type=(LGBMClassifier(random_state=2584),
                                                                                                              {}),
                                                                 categorical_indices=[],
                                                                 max_iter=5,
                                                                 num_estimator=LGBMRegressor(random_state=2584),
                                                                 num_estimator...
                 TransformerWrapper(transformer=CleanColumnNames())),
                ('trained_model',
                 VotingRegressor(estimators=[('Gradient Boosting Regressor',
                                              GradientBoostingRegressor(random_state=2584)),
                                             ('Bayesian Ridge',
                                              BayesianRidge()),
                                             ('Ridge Regression',
                                              Ridge(random_state=2584)),
                                             ('Linear Regression',
                                              LinearRegression(n_jobs=-1)),
                                             ('Huber Regressor',
                                              HuberRegressor())],
                                 n_jobs=-1))])
2023-07-04 09:36:25,654:INFO:save_model() successfully completed......................................
2023-07-04 09:36:26,079:INFO:Initializing plot_model()
2023-07-04 09:36:26,079:INFO:plot_model(plot=parameter, fold=KFold(n_splits=10, random_state=None, shuffle=False), verbose=False, display=None, display_format=None, estimator=LinearRegression(fit_intercept=False, n_jobs=-1), feature_name=None, fit_kwargs={}, groups=None, label=False, plot_kwargs=None, save=False, scale=1, self=<pycaret.regression.oop.RegressionExperiment object at 0x7f854a8330d0>, system=True)
2023-07-04 09:36:26,079:INFO:Checking exceptions
2023-07-04 09:36:26,083:INFO:Preloading libraries
2023-07-04 09:36:26,083:INFO:Copying training dataset
2023-07-04 09:36:26,083:INFO:Plot type: parameter
2023-07-04 09:36:26,090:INFO:Visual Rendered Successfully
2023-07-04 09:36:26,259:INFO:plot_model() successfully completed......................................
2023-07-04 09:36:26,276:INFO:Initializing plot_model()
2023-07-04 09:36:26,276:INFO:plot_model(plot=feature, fold=KFold(n_splits=10, random_state=None, shuffle=False), verbose=False, display=None, display_format=None, estimator=RandomForestRegressor(bootstrap=False, max_depth=6, max_features='log2',
                      min_impurity_decrease=0.01, min_samples_leaf=6,
                      n_estimators=300, n_jobs=-1, random_state=2584), feature_name=None, fit_kwargs={}, groups=None, label=False, plot_kwargs=None, save=False, scale=1, self=<pycaret.regression.oop.RegressionExperiment object at 0x7f854a8330d0>, system=True)
2023-07-04 09:36:26,276:INFO:Checking exceptions
2023-07-04 09:36:26,359:INFO:Preloading libraries
2023-07-04 09:36:26,391:INFO:Copying training dataset
2023-07-04 09:36:26,391:INFO:Plot type: feature
2023-07-04 09:36:26,392:WARNING:No coef_ found. Trying feature_importances_
2023-07-04 09:36:26,937:INFO:Visual Rendered Successfully
2023-07-04 09:36:27,095:INFO:plot_model() successfully completed......................................
2023-07-04 09:36:27,134:INFO:Initializing plot_model()
2023-07-04 09:36:27,134:INFO:plot_model(plot=feature, fold=KFold(n_splits=10, random_state=None, shuffle=False), verbose=False, display=None, display_format=None, estimator=LinearRegression(fit_intercept=False, n_jobs=-1), feature_name=None, fit_kwargs={}, groups=None, label=False, plot_kwargs=None, save=False, scale=1, self=<pycaret.regression.oop.RegressionExperiment object at 0x7f854a8330d0>, system=True)
2023-07-04 09:36:27,134:INFO:Checking exceptions
2023-07-04 09:36:27,138:INFO:Preloading libraries
2023-07-04 09:36:27,138:INFO:Copying training dataset
2023-07-04 09:36:27,138:INFO:Plot type: feature
2023-07-04 09:36:27,814:INFO:Visual Rendered Successfully
2023-07-04 09:36:28,000:INFO:plot_model() successfully completed......................................
2023-07-04 10:13:28,516:INFO:Initializing plot_model()
2023-07-04 10:13:28,517:INFO:plot_model(plot=feature, fold=KFold(n_splits=10, random_state=None, shuffle=False), verbose=False, display=None, display_format=None, estimator=LGBMRegressor(bagging_fraction=0.8, bagging_freq=0, feature_fraction=0.6,
              learning_rate=0.15, min_child_samples=26, min_split_gain=0.4,
              n_estimators=40, num_leaves=60, random_state=2584, reg_alpha=5,
              reg_lambda=1), feature_name=None, fit_kwargs={}, groups=None, label=False, plot_kwargs=None, save=False, scale=1, self=<pycaret.regression.oop.RegressionExperiment object at 0x7f854a8330d0>, system=True)
2023-07-04 10:13:28,517:INFO:Checking exceptions
2023-07-04 10:13:28,520:INFO:Preloading libraries
2023-07-04 10:13:28,533:INFO:Copying training dataset
2023-07-04 10:13:28,533:INFO:Plot type: feature
2023-07-04 10:13:28,534:WARNING:No coef_ found. Trying feature_importances_
2023-07-04 10:13:29,118:INFO:Visual Rendered Successfully
2023-07-04 10:13:29,301:INFO:plot_model() successfully completed......................................
2023-07-04 10:13:35,121:INFO:Initializing plot_model()
2023-07-04 10:13:35,122:INFO:plot_model(plot=feature, fold=KFold(n_splits=10, random_state=None, shuffle=False), verbose=False, display=None, display_format=None, estimator=KNeighborsRegressor(metric='manhattan', n_jobs=-1, n_neighbors=14), feature_name=None, fit_kwargs={}, groups=None, label=False, plot_kwargs=None, save=False, scale=1, self=<pycaret.regression.oop.RegressionExperiment object at 0x7f854a8330d0>, system=True)
2023-07-04 10:13:35,122:INFO:Checking exceptions
2023-07-04 10:13:45,689:INFO:Initializing plot_model()
2023-07-04 10:13:45,689:INFO:plot_model(plot=error, fold=KFold(n_splits=10, random_state=None, shuffle=False), verbose=False, display=None, display_format=None, estimator=KNeighborsRegressor(metric='manhattan', n_jobs=-1, n_neighbors=14), feature_name=None, fit_kwargs={}, groups=None, label=False, plot_kwargs=None, save=False, scale=1, self=<pycaret.regression.oop.RegressionExperiment object at 0x7f854a8330d0>, system=True)
2023-07-04 10:13:45,689:INFO:Checking exceptions
2023-07-04 10:13:45,692:INFO:Preloading libraries
2023-07-04 10:13:45,693:INFO:Copying training dataset
2023-07-04 10:13:45,693:INFO:Plot type: error
2023-07-04 10:13:46,585:INFO:Fitting Model
2023-07-04 10:13:46,586:WARNING:X does not have valid feature names, but KNeighborsRegressor was fitted with feature names

2023-07-04 10:13:46,586:INFO:Scoring test/hold-out set
2023-07-04 10:13:47,011:INFO:Visual Rendered Successfully
2023-07-04 10:13:47,203:INFO:plot_model() successfully completed......................................
2023-07-04 10:14:06,522:INFO:Initializing plot_model()
2023-07-04 10:14:06,522:INFO:plot_model(plot=feature, fold=KFold(n_splits=10, random_state=None, shuffle=False), verbose=False, display=None, display_format=None, estimator=DecisionTreeRegressor(random_state=2584), feature_name=None, fit_kwargs={}, groups=None, label=False, plot_kwargs=None, save=False, scale=1, self=<pycaret.regression.oop.RegressionExperiment object at 0x7f854a8330d0>, system=True)
2023-07-04 10:14:06,522:INFO:Checking exceptions
2023-07-04 10:14:06,525:INFO:Preloading libraries
2023-07-04 10:14:06,525:INFO:Copying training dataset
2023-07-04 10:14:06,525:INFO:Plot type: feature
2023-07-04 10:14:06,526:WARNING:No coef_ found. Trying feature_importances_
2023-07-04 10:14:07,039:INFO:Visual Rendered Successfully
2023-07-04 10:14:07,226:INFO:plot_model() successfully completed......................................
2023-07-04 10:15:22,527:INFO:Initializing load_model()
2023-07-04 10:15:22,527:INFO:load_model(model_name=best-model-other, platform=None, authentication=None, verbose=True)
2023-07-04 10:15:27,103:INFO:Initializing save_model()
2023-07-04 10:15:27,103:INFO:save_model(model=VotingRegressor(estimators=[('Gradient Boosting Regressor',
                             GradientBoostingRegressor(random_state=2584)),
                            ('Bayesian Ridge', BayesianRidge()),
                            ('Ridge Regression', Ridge(random_state=2584)),
                            ('Linear Regression', LinearRegression(n_jobs=-1)),
                            ('Huber Regressor', HuberRegressor())],
                n_jobs=-1), model_name=best-model-other, prep_pipe_=Pipeline(memory=FastMemory(location=/tmp/joblib),
         steps=[('iterative_imputer',
                 TransformerWrapper(transformer=IterativeImputer(cat_estimator=LGBMClassifier(random_state=2584),
                                                                 cat_estimator_prepare_for_categoricals_type=(LGBMClassifier(random_state=2584),
                                                                                                              {}),
                                                                 categorical_indices=[],
                                                                 max_iter=5,
                                                                 num_estimator=LGBMRegressor(random_state=2584),
                                                                 num_estimator_prepare_for_categoricals_type=(LGBMRegressor(random_state=2584),
                                                                                                              {}),
                                                                 random_state=2584,
                                                                 skip_complete=True))),
                ('clean_column_names',
                 TransformerWrapper(transformer=CleanColumnNames()))]), verbose=True, use_case=MLUsecase.REGRESSION, kwargs={})
2023-07-04 10:15:27,103:INFO:Adding model into prep_pipe
2023-07-04 10:15:27,505:INFO:best-model-other.pkl saved in current working directory
2023-07-04 10:15:27,560:INFO:Pipeline(memory=FastMemory(location=/tmp/joblib),
         steps=[('iterative_imputer',
                 TransformerWrapper(transformer=IterativeImputer(cat_estimator=LGBMClassifier(random_state=2584),
                                                                 cat_estimator_prepare_for_categoricals_type=(LGBMClassifier(random_state=2584),
                                                                                                              {}),
                                                                 categorical_indices=[],
                                                                 max_iter=5,
                                                                 num_estimator=LGBMRegressor(random_state=2584),
                                                                 num_estimator...
                 TransformerWrapper(transformer=CleanColumnNames())),
                ('trained_model',
                 VotingRegressor(estimators=[('Gradient Boosting Regressor',
                                              GradientBoostingRegressor(random_state=2584)),
                                             ('Bayesian Ridge',
                                              BayesianRidge()),
                                             ('Ridge Regression',
                                              Ridge(random_state=2584)),
                                             ('Linear Regression',
                                              LinearRegression(n_jobs=-1)),
                                             ('Huber Regressor',
                                              HuberRegressor())],
                                 n_jobs=-1))])
2023-07-04 10:15:27,560:INFO:save_model() successfully completed......................................
2023-07-04 10:15:27,816:INFO:Initializing load_model()
2023-07-04 10:15:27,816:INFO:load_model(model_name=best-model-other, platform=None, authentication=None, verbose=True)
2023-07-04 10:15:29,321:INFO:Initializing get_config()
2023-07-04 10:15:29,321:INFO:get_config(self=<pycaret.regression.oop.RegressionExperiment object at 0x7f854a8330d0>, variable=X_train)
2023-07-04 10:15:29,322:INFO:Variable: 'X_train' used to return the transformed values in PyCaret 2.x. From PyCaret 3.x, this will return the raw values. If you need the transformed values, call get_config with 'X_train_transformed' instead.
2023-07-04 10:15:29,322:WARNING:Variable: 'X_train' used to return the transformed values in PyCaret 2.x. From PyCaret 3.x, this will return the raw values. If you need the transformed values, call get_config with 'X_train_transformed' instead.

2023-07-04 10:15:29,334:INFO:Variable:  returned as         JS  WW     D  BH  W&S    WE    RP    JD    SJ     V  CG  TP
874    NaN NaN   NaN NaN  NaN   NaN  96.0   NaN   NaN   NaN NaN NaN
883   92.0 NaN   NaN NaN  NaN   NaN   NaN   NaN   NaN   NaN NaN NaN
1299  94.0 NaN  94.0 NaN  NaN  96.0  93.0  96.0   NaN   NaN NaN NaN
1871   NaN NaN  93.0 NaN  NaN   NaN  97.0  95.0   NaN   NaN NaN NaN
847   95.0 NaN   NaN NaN  NaN   NaN  98.0   NaN   NaN  96.0 NaN NaN
...    ...  ..   ...  ..  ...   ...   ...   ...   ...   ...  ..  ..
2059   NaN NaN   NaN NaN  NaN   NaN  97.0   NaN   NaN   NaN NaN NaN
947    NaN NaN   NaN NaN  NaN   NaN   NaN   NaN   NaN   NaN NaN NaN
1985  92.0 NaN   NaN NaN  NaN  94.0  94.0   NaN   NaN   NaN NaN NaN
368   91.0 NaN   NaN NaN  NaN   NaN   NaN   NaN  93.0   NaN NaN NaN
1503  94.0 NaN   NaN NaN  NaN  92.0   NaN   NaN   NaN   NaN NaN NaN

[1165 rows x 12 columns]
2023-07-04 10:15:29,334:INFO:get_config() successfully completed......................................
2023-07-04 10:15:30,117:INFO:Soft dependency imported: m2cgen: 0.10.0
2023-07-04 10:16:47,230:INFO:gpu_param set to False
2023-07-04 10:16:47,522:WARNING:
'xgboost' is a soft dependency and not included in the pycaret installation. Please run: `pip install xgboost` to install.
Alternately, you can install this by running `pip install pycaret[models]`
2023-07-04 10:16:47,522:WARNING:
'catboost' is a soft dependency and not included in the pycaret installation. Please run: `pip install catboost` to install.
Alternately, you can install this by running `pip install pycaret[models]`
2023-07-04 10:16:47,754:WARNING:
'xgboost' is a soft dependency and not included in the pycaret installation. Please run: `pip install xgboost` to install.
Alternately, you can install this by running `pip install pycaret[models]`
2023-07-04 10:16:47,755:WARNING:
'catboost' is a soft dependency and not included in the pycaret installation. Please run: `pip install catboost` to install.
Alternately, you can install this by running `pip install pycaret[models]`
2023-07-04 10:17:02,406:INFO:gpu_param set to False
2023-07-04 10:17:02,680:WARNING:
'xgboost' is a soft dependency and not included in the pycaret installation. Please run: `pip install xgboost` to install.
Alternately, you can install this by running `pip install pycaret[models]`
2023-07-04 10:17:02,681:WARNING:
'catboost' is a soft dependency and not included in the pycaret installation. Please run: `pip install catboost` to install.
Alternately, you can install this by running `pip install pycaret[models]`
2023-07-04 10:17:02,922:WARNING:
'xgboost' is a soft dependency and not included in the pycaret installation. Please run: `pip install xgboost` to install.
Alternately, you can install this by running `pip install pycaret[models]`
2023-07-04 10:17:02,923:WARNING:
'catboost' is a soft dependency and not included in the pycaret installation. Please run: `pip install catboost` to install.
Alternately, you can install this by running `pip install pycaret[models]`
2023-07-04 10:17:13,959:INFO:gpu_param set to False
2023-07-04 10:17:14,248:WARNING:
'xgboost' is a soft dependency and not included in the pycaret installation. Please run: `pip install xgboost` to install.
Alternately, you can install this by running `pip install pycaret[models]`
2023-07-04 10:17:14,248:WARNING:
'catboost' is a soft dependency and not included in the pycaret installation. Please run: `pip install catboost` to install.
Alternately, you can install this by running `pip install pycaret[models]`
2023-07-04 10:17:14,553:WARNING:
'xgboost' is a soft dependency and not included in the pycaret installation. Please run: `pip install xgboost` to install.
Alternately, you can install this by running `pip install pycaret[models]`
2023-07-04 10:17:14,554:WARNING:
'catboost' is a soft dependency and not included in the pycaret installation. Please run: `pip install catboost` to install.
Alternately, you can install this by running `pip install pycaret[models]`
2023-07-04 10:17:23,227:INFO:gpu_param set to False
2023-07-04 10:17:23,569:WARNING:
'xgboost' is a soft dependency and not included in the pycaret installation. Please run: `pip install xgboost` to install.
Alternately, you can install this by running `pip install pycaret[models]`
2023-07-04 10:17:23,569:WARNING:
'catboost' is a soft dependency and not included in the pycaret installation. Please run: `pip install catboost` to install.
Alternately, you can install this by running `pip install pycaret[models]`
2023-07-04 10:17:23,933:WARNING:
'xgboost' is a soft dependency and not included in the pycaret installation. Please run: `pip install xgboost` to install.
Alternately, you can install this by running `pip install pycaret[models]`
2023-07-04 10:17:23,934:WARNING:
'catboost' is a soft dependency and not included in the pycaret installation. Please run: `pip install catboost` to install.
Alternately, you can install this by running `pip install pycaret[models]`
2023-07-04 10:17:29,787:INFO:gpu_param set to False
2023-07-04 10:17:30,059:WARNING:
'xgboost' is a soft dependency and not included in the pycaret installation. Please run: `pip install xgboost` to install.
Alternately, you can install this by running `pip install pycaret[models]`
2023-07-04 10:17:30,059:WARNING:
'catboost' is a soft dependency and not included in the pycaret installation. Please run: `pip install catboost` to install.
Alternately, you can install this by running `pip install pycaret[models]`
2023-07-04 10:17:30,291:WARNING:
'xgboost' is a soft dependency and not included in the pycaret installation. Please run: `pip install xgboost` to install.
Alternately, you can install this by running `pip install pycaret[models]`
2023-07-04 10:17:30,292:WARNING:
'catboost' is a soft dependency and not included in the pycaret installation. Please run: `pip install catboost` to install.
Alternately, you can install this by running `pip install pycaret[models]`
2023-07-04 10:17:30,294:INFO:Initializing compare_models()
2023-07-04 10:17:30,294:INFO:compare_models(self=<pycaret.regression.oop.RegressionExperiment object at 0x7f854a8330d0>, include=['ada', 'ard', 'br', 'dt', 'dummy', 'en', 'et', 'huber', 'knn', 'kr', 'lar', 'lasso', 'lightgbm', 'llar', 'lr', 'mlp', 'omp', 'par', 'ransac', 'rf', 'ridge', 'svm', 'tr'], fold=5, round=4, cross_validation=True, sort=R2, n_select=5, budget_time=None, turbo=True, errors=ignore, fit_kwargs=None, groups=None, experiment_custom_tags=None, probability_threshold=None, verbose=True, parallel=None, caller_params={'self': <pycaret.regression.oop.RegressionExperiment object at 0x7f854a8330d0>, 'include': ['ada', 'ard', 'br', 'dt', 'dummy', 'en', 'et', 'huber', 'knn', 'kr', 'lar', 'lasso', 'lightgbm', 'llar', 'lr', 'mlp', 'omp', 'par', 'ransac', 'rf', 'ridge', 'svm', 'tr'], 'exclude': None, 'fold': 5, 'round': 4, 'cross_validation': True, 'sort': 'R2', 'n_select': 5, 'budget_time': None, 'turbo': True, 'errors': 'ignore', 'fit_kwargs': None, 'groups': None, 'experiment_custom_tags': None, 'engine': None, 'verbose': True, 'parallel': None, '__class__': <class 'pycaret.regression.oop.RegressionExperiment'>}, exclude=None)
2023-07-04 10:17:30,294:INFO:Checking exceptions
2023-07-04 10:17:30,296:INFO:Preparing display monitor
2023-07-04 10:17:30,330:INFO:Initializing AdaBoost Regressor
2023-07-04 10:17:30,330:INFO:Total runtime is 3.24249267578125e-06 minutes
2023-07-04 10:17:30,335:INFO:SubProcess create_model() called ==================================
2023-07-04 10:17:30,336:INFO:Initializing create_model()
2023-07-04 10:17:30,336:INFO:create_model(self=<pycaret.regression.oop.RegressionExperiment object at 0x7f854a8330d0>, estimator=ada, fold=KFold(n_splits=5, random_state=None, shuffle=False), round=4, cross_validation=True, predict=True, fit_kwargs={}, groups=None, refit=False, probability_threshold=None, experiment_custom_tags=None, verbose=False, system=False, add_to_model_list=True, metrics=None, display=<pycaret.internal.display.display.CommonDisplay object at 0x7f8534543eb0>, model_only=True, return_train_score=False, kwargs={})
2023-07-04 10:17:30,336:INFO:Checking exceptions
2023-07-04 10:17:30,336:INFO:Importing libraries
2023-07-04 10:17:30,336:INFO:Copying training dataset
2023-07-04 10:17:30,341:INFO:Defining folds
2023-07-04 10:17:30,341:INFO:Declaring metric variables
2023-07-04 10:17:30,347:INFO:Importing untrained model
2023-07-04 10:17:30,352:INFO:AdaBoost Regressor Imported successfully
2023-07-04 10:17:30,368:INFO:Starting cross validation
2023-07-04 10:17:30,713:INFO:Cross validating with KFold(n_splits=5, random_state=None, shuffle=False), n_jobs=-1
2023-07-04 10:17:35,728:INFO:Calculating mean and std
2023-07-04 10:17:35,730:INFO:Creating metrics dataframe
2023-07-04 10:17:35,894:INFO:Uploading results into container
2023-07-04 10:17:35,895:INFO:Uploading model into container now
2023-07-04 10:17:35,895:INFO:_master_model_container: 60
2023-07-04 10:17:35,895:INFO:_display_container: 18
2023-07-04 10:17:35,896:INFO:AdaBoostRegressor(random_state=2584)
2023-07-04 10:17:35,896:INFO:create_model() successfully completed......................................
2023-07-04 10:17:36,098:INFO:SubProcess create_model() end ==================================
2023-07-04 10:17:36,098:INFO:Creating metrics dataframe
2023-07-04 10:17:36,114:INFO:Initializing Automatic Relevance Determination
2023-07-04 10:17:36,114:INFO:Total runtime is 0.09640172322591145 minutes
2023-07-04 10:17:36,119:INFO:SubProcess create_model() called ==================================
2023-07-04 10:17:36,120:INFO:Initializing create_model()
2023-07-04 10:17:36,120:INFO:create_model(self=<pycaret.regression.oop.RegressionExperiment object at 0x7f854a8330d0>, estimator=ard, fold=KFold(n_splits=5, random_state=None, shuffle=False), round=4, cross_validation=True, predict=True, fit_kwargs={}, groups=None, refit=False, probability_threshold=None, experiment_custom_tags=None, verbose=False, system=False, add_to_model_list=True, metrics=None, display=<pycaret.internal.display.display.CommonDisplay object at 0x7f8534543eb0>, model_only=True, return_train_score=False, kwargs={})
2023-07-04 10:17:36,120:INFO:Checking exceptions
2023-07-04 10:17:36,120:INFO:Importing libraries
2023-07-04 10:17:36,120:INFO:Copying training dataset
2023-07-04 10:17:36,127:INFO:Defining folds
2023-07-04 10:17:36,127:INFO:Declaring metric variables
2023-07-04 10:17:36,134:INFO:Importing untrained model
2023-07-04 10:17:36,141:INFO:Automatic Relevance Determination Imported successfully
2023-07-04 10:17:36,155:INFO:Starting cross validation
2023-07-04 10:17:36,393:INFO:Cross validating with KFold(n_splits=5, random_state=None, shuffle=False), n_jobs=-1
2023-07-04 10:17:38,342:INFO:Calculating mean and std
2023-07-04 10:17:38,344:INFO:Creating metrics dataframe
2023-07-04 10:17:38,493:INFO:Uploading results into container
2023-07-04 10:17:38,494:INFO:Uploading model into container now
2023-07-04 10:17:38,495:INFO:_master_model_container: 61
2023-07-04 10:17:38,495:INFO:_display_container: 18
2023-07-04 10:17:38,495:INFO:ARDRegression(n_iter=1000)
2023-07-04 10:17:38,495:INFO:create_model() successfully completed......................................
2023-07-04 10:17:38,672:INFO:SubProcess create_model() end ==================================
2023-07-04 10:17:38,672:INFO:Creating metrics dataframe
2023-07-04 10:17:38,689:INFO:Initializing Bayesian Ridge
2023-07-04 10:17:38,689:INFO:Total runtime is 0.13932828108469644 minutes
2023-07-04 10:17:38,697:INFO:SubProcess create_model() called ==================================
2023-07-04 10:17:38,698:INFO:Initializing create_model()
2023-07-04 10:17:38,698:INFO:create_model(self=<pycaret.regression.oop.RegressionExperiment object at 0x7f854a8330d0>, estimator=br, fold=KFold(n_splits=5, random_state=None, shuffle=False), round=4, cross_validation=True, predict=True, fit_kwargs={}, groups=None, refit=False, probability_threshold=None, experiment_custom_tags=None, verbose=False, system=False, add_to_model_list=True, metrics=None, display=<pycaret.internal.display.display.CommonDisplay object at 0x7f8534543eb0>, model_only=True, return_train_score=False, kwargs={})
2023-07-04 10:17:38,698:INFO:Checking exceptions
2023-07-04 10:17:38,698:INFO:Importing libraries
2023-07-04 10:17:38,698:INFO:Copying training dataset
2023-07-04 10:17:38,706:INFO:Defining folds
2023-07-04 10:17:38,707:INFO:Declaring metric variables
2023-07-04 10:17:38,715:INFO:Importing untrained model
2023-07-04 10:17:38,724:INFO:Bayesian Ridge Imported successfully
2023-07-04 10:17:38,739:INFO:Starting cross validation
2023-07-04 10:17:39,133:INFO:Cross validating with KFold(n_splits=5, random_state=None, shuffle=False), n_jobs=-1
2023-07-04 10:17:41,037:INFO:Calculating mean and std
2023-07-04 10:17:41,038:INFO:Creating metrics dataframe
2023-07-04 10:17:41,196:INFO:Uploading results into container
2023-07-04 10:17:41,197:INFO:Uploading model into container now
2023-07-04 10:17:41,198:INFO:_master_model_container: 62
2023-07-04 10:17:41,198:INFO:_display_container: 18
2023-07-04 10:17:41,199:INFO:BayesianRidge()
2023-07-04 10:17:41,199:INFO:create_model() successfully completed......................................
2023-07-04 10:17:41,383:INFO:SubProcess create_model() end ==================================
2023-07-04 10:17:41,383:INFO:Creating metrics dataframe
2023-07-04 10:17:41,407:INFO:Initializing Decision Tree Regressor
2023-07-04 10:17:41,407:INFO:Total runtime is 0.18462891181310018 minutes
2023-07-04 10:17:41,413:INFO:SubProcess create_model() called ==================================
2023-07-04 10:17:41,413:INFO:Initializing create_model()
2023-07-04 10:17:41,413:INFO:create_model(self=<pycaret.regression.oop.RegressionExperiment object at 0x7f854a8330d0>, estimator=dt, fold=KFold(n_splits=5, random_state=None, shuffle=False), round=4, cross_validation=True, predict=True, fit_kwargs={}, groups=None, refit=False, probability_threshold=None, experiment_custom_tags=None, verbose=False, system=False, add_to_model_list=True, metrics=None, display=<pycaret.internal.display.display.CommonDisplay object at 0x7f8534543eb0>, model_only=True, return_train_score=False, kwargs={})
2023-07-04 10:17:41,414:INFO:Checking exceptions
2023-07-04 10:17:41,414:INFO:Importing libraries
2023-07-04 10:17:41,414:INFO:Copying training dataset
2023-07-04 10:17:41,424:INFO:Defining folds
2023-07-04 10:17:41,424:INFO:Declaring metric variables
2023-07-04 10:17:41,430:INFO:Importing untrained model
2023-07-04 10:17:41,437:INFO:Decision Tree Regressor Imported successfully
2023-07-04 10:17:41,450:INFO:Starting cross validation
2023-07-04 10:17:41,691:INFO:Cross validating with KFold(n_splits=5, random_state=None, shuffle=False), n_jobs=-1
2023-07-04 10:17:43,828:INFO:Calculating mean and std
2023-07-04 10:17:43,830:INFO:Creating metrics dataframe
2023-07-04 10:17:44,001:INFO:Uploading results into container
2023-07-04 10:17:44,002:INFO:Uploading model into container now
2023-07-04 10:17:44,003:INFO:_master_model_container: 63
2023-07-04 10:17:44,003:INFO:_display_container: 18
2023-07-04 10:17:44,004:INFO:DecisionTreeRegressor(random_state=2584)
2023-07-04 10:17:44,004:INFO:create_model() successfully completed......................................
2023-07-04 10:17:44,211:INFO:SubProcess create_model() end ==================================
2023-07-04 10:17:44,211:INFO:Creating metrics dataframe
2023-07-04 10:17:44,240:INFO:Initializing Dummy Regressor
2023-07-04 10:17:44,240:INFO:Total runtime is 0.2318452556927999 minutes
2023-07-04 10:17:44,248:INFO:SubProcess create_model() called ==================================
2023-07-04 10:17:44,249:INFO:Initializing create_model()
2023-07-04 10:17:44,249:INFO:create_model(self=<pycaret.regression.oop.RegressionExperiment object at 0x7f854a8330d0>, estimator=dummy, fold=KFold(n_splits=5, random_state=None, shuffle=False), round=4, cross_validation=True, predict=True, fit_kwargs={}, groups=None, refit=False, probability_threshold=None, experiment_custom_tags=None, verbose=False, system=False, add_to_model_list=True, metrics=None, display=<pycaret.internal.display.display.CommonDisplay object at 0x7f8534543eb0>, model_only=True, return_train_score=False, kwargs={})
2023-07-04 10:17:44,249:INFO:Checking exceptions
2023-07-04 10:17:44,249:INFO:Importing libraries
2023-07-04 10:17:44,249:INFO:Copying training dataset
2023-07-04 10:17:44,258:INFO:Defining folds
2023-07-04 10:17:44,258:INFO:Declaring metric variables
2023-07-04 10:17:44,264:INFO:Importing untrained model
2023-07-04 10:17:44,271:INFO:Dummy Regressor Imported successfully
2023-07-04 10:17:44,282:INFO:Starting cross validation
2023-07-04 10:17:44,543:INFO:Cross validating with KFold(n_splits=5, random_state=None, shuffle=False), n_jobs=-1
2023-07-04 10:17:46,548:INFO:Calculating mean and std
2023-07-04 10:17:46,551:INFO:Creating metrics dataframe
2023-07-04 10:17:46,717:INFO:Uploading results into container
2023-07-04 10:17:46,718:INFO:Uploading model into container now
2023-07-04 10:17:46,719:INFO:_master_model_container: 64
2023-07-04 10:17:46,719:INFO:_display_container: 18
2023-07-04 10:17:46,719:INFO:DummyRegressor()
2023-07-04 10:17:46,719:INFO:create_model() successfully completed......................................
2023-07-04 10:17:46,906:INFO:SubProcess create_model() end ==================================
2023-07-04 10:17:46,907:INFO:Creating metrics dataframe
2023-07-04 10:17:46,923:INFO:Initializing Elastic Net
2023-07-04 10:17:46,923:INFO:Total runtime is 0.27656076749165853 minutes
2023-07-04 10:17:46,928:INFO:SubProcess create_model() called ==================================
2023-07-04 10:17:46,928:INFO:Initializing create_model()
2023-07-04 10:17:46,928:INFO:create_model(self=<pycaret.regression.oop.RegressionExperiment object at 0x7f854a8330d0>, estimator=en, fold=KFold(n_splits=5, random_state=None, shuffle=False), round=4, cross_validation=True, predict=True, fit_kwargs={}, groups=None, refit=False, probability_threshold=None, experiment_custom_tags=None, verbose=False, system=False, add_to_model_list=True, metrics=None, display=<pycaret.internal.display.display.CommonDisplay object at 0x7f8534543eb0>, model_only=True, return_train_score=False, kwargs={})
2023-07-04 10:17:46,928:INFO:Checking exceptions
2023-07-04 10:17:46,929:INFO:Importing libraries
2023-07-04 10:17:46,929:INFO:Copying training dataset
2023-07-04 10:17:46,935:INFO:Defining folds
2023-07-04 10:17:46,935:INFO:Declaring metric variables
2023-07-04 10:17:46,941:INFO:Importing untrained model
2023-07-04 10:17:46,946:INFO:Elastic Net Imported successfully
2023-07-04 10:17:46,957:INFO:Starting cross validation
2023-07-04 10:17:47,388:INFO:Cross validating with KFold(n_splits=5, random_state=None, shuffle=False), n_jobs=-1
2023-07-04 10:17:49,405:INFO:Calculating mean and std
2023-07-04 10:17:49,407:INFO:Creating metrics dataframe
2023-07-04 10:17:49,550:INFO:Uploading results into container
2023-07-04 10:17:49,551:INFO:Uploading model into container now
2023-07-04 10:17:49,551:INFO:_master_model_container: 65
2023-07-04 10:17:49,551:INFO:_display_container: 18
2023-07-04 10:17:49,552:INFO:ElasticNet(random_state=2584)
2023-07-04 10:17:49,552:INFO:create_model() successfully completed......................................
2023-07-04 10:17:49,734:INFO:SubProcess create_model() end ==================================
2023-07-04 10:17:49,734:INFO:Creating metrics dataframe
2023-07-04 10:17:49,764:INFO:Initializing Extra Trees Regressor
2023-07-04 10:17:49,765:INFO:Total runtime is 0.32391696373621626 minutes
2023-07-04 10:17:49,770:INFO:SubProcess create_model() called ==================================
2023-07-04 10:17:49,770:INFO:Initializing create_model()
2023-07-04 10:17:49,770:INFO:create_model(self=<pycaret.regression.oop.RegressionExperiment object at 0x7f854a8330d0>, estimator=et, fold=KFold(n_splits=5, random_state=None, shuffle=False), round=4, cross_validation=True, predict=True, fit_kwargs={}, groups=None, refit=False, probability_threshold=None, experiment_custom_tags=None, verbose=False, system=False, add_to_model_list=True, metrics=None, display=<pycaret.internal.display.display.CommonDisplay object at 0x7f8534543eb0>, model_only=True, return_train_score=False, kwargs={})
2023-07-04 10:17:49,770:INFO:Checking exceptions
2023-07-04 10:17:49,770:INFO:Importing libraries
2023-07-04 10:17:49,771:INFO:Copying training dataset
2023-07-04 10:17:49,777:INFO:Defining folds
2023-07-04 10:17:49,777:INFO:Declaring metric variables
2023-07-04 10:17:49,783:INFO:Importing untrained model
2023-07-04 10:17:49,789:INFO:Extra Trees Regressor Imported successfully
2023-07-04 10:17:49,805:INFO:Starting cross validation
2023-07-04 10:17:50,136:INFO:Cross validating with KFold(n_splits=5, random_state=None, shuffle=False), n_jobs=-1
2023-07-04 10:17:52,641:INFO:Calculating mean and std
2023-07-04 10:17:52,650:INFO:Creating metrics dataframe
2023-07-04 10:17:52,825:INFO:Uploading results into container
2023-07-04 10:17:52,827:INFO:Uploading model into container now
2023-07-04 10:17:52,829:INFO:_master_model_container: 66
2023-07-04 10:17:52,829:INFO:_display_container: 18
2023-07-04 10:17:52,829:INFO:ExtraTreesRegressor(n_jobs=-1, random_state=2584)
2023-07-04 10:17:52,830:INFO:create_model() successfully completed......................................
2023-07-04 10:17:53,016:INFO:SubProcess create_model() end ==================================
2023-07-04 10:17:53,016:INFO:Creating metrics dataframe
2023-07-04 10:17:53,032:INFO:Initializing Huber Regressor
2023-07-04 10:17:53,032:INFO:Total runtime is 0.378378164768219 minutes
2023-07-04 10:17:53,038:INFO:SubProcess create_model() called ==================================
2023-07-04 10:17:53,039:INFO:Initializing create_model()
2023-07-04 10:17:53,039:INFO:create_model(self=<pycaret.regression.oop.RegressionExperiment object at 0x7f854a8330d0>, estimator=huber, fold=KFold(n_splits=5, random_state=None, shuffle=False), round=4, cross_validation=True, predict=True, fit_kwargs={}, groups=None, refit=False, probability_threshold=None, experiment_custom_tags=None, verbose=False, system=False, add_to_model_list=True, metrics=None, display=<pycaret.internal.display.display.CommonDisplay object at 0x7f8534543eb0>, model_only=True, return_train_score=False, kwargs={})
2023-07-04 10:17:53,039:INFO:Checking exceptions
2023-07-04 10:17:53,039:INFO:Importing libraries
2023-07-04 10:17:53,039:INFO:Copying training dataset
2023-07-04 10:17:53,047:INFO:Defining folds
2023-07-04 10:17:53,048:INFO:Declaring metric variables
2023-07-04 10:17:53,056:INFO:Importing untrained model
2023-07-04 10:17:53,063:INFO:Huber Regressor Imported successfully
2023-07-04 10:17:53,072:INFO:Starting cross validation
2023-07-04 10:17:53,444:INFO:Cross validating with KFold(n_splits=5, random_state=None, shuffle=False), n_jobs=-1
2023-07-04 10:17:55,180:WARNING:/home/thom/venvs/fairlearn/lib/python3.9/site-packages/sklearn/linear_model/_huber.py:335: ConvergenceWarning: lbfgs failed to converge (status=1):
STOP: TOTAL NO. of ITERATIONS REACHED LIMIT.

Increase the number of iterations (max_iter) or scale the data as shown in:
    https://scikit-learn.org/stable/modules/preprocessing.html
  self.n_iter_ = _check_optimize_result("lbfgs", opt_res, self.max_iter)

2023-07-04 10:17:55,434:INFO:Calculating mean and std
2023-07-04 10:17:55,436:INFO:Creating metrics dataframe
2023-07-04 10:17:55,598:INFO:Uploading results into container
2023-07-04 10:17:55,599:INFO:Uploading model into container now
2023-07-04 10:17:55,600:INFO:_master_model_container: 67
2023-07-04 10:17:55,600:INFO:_display_container: 18
2023-07-04 10:17:55,600:INFO:HuberRegressor()
2023-07-04 10:17:55,601:INFO:create_model() successfully completed......................................
2023-07-04 10:17:55,787:INFO:SubProcess create_model() end ==================================
2023-07-04 10:17:55,787:INFO:Creating metrics dataframe
2023-07-04 10:17:55,803:INFO:Initializing K Neighbors Regressor
2023-07-04 10:17:55,803:INFO:Total runtime is 0.4245613018671672 minutes
2023-07-04 10:17:55,810:INFO:SubProcess create_model() called ==================================
2023-07-04 10:17:55,811:INFO:Initializing create_model()
2023-07-04 10:17:55,811:INFO:create_model(self=<pycaret.regression.oop.RegressionExperiment object at 0x7f854a8330d0>, estimator=knn, fold=KFold(n_splits=5, random_state=None, shuffle=False), round=4, cross_validation=True, predict=True, fit_kwargs={}, groups=None, refit=False, probability_threshold=None, experiment_custom_tags=None, verbose=False, system=False, add_to_model_list=True, metrics=None, display=<pycaret.internal.display.display.CommonDisplay object at 0x7f8534543eb0>, model_only=True, return_train_score=False, kwargs={})
2023-07-04 10:17:55,811:INFO:Checking exceptions
2023-07-04 10:17:55,811:INFO:Importing libraries
2023-07-04 10:17:55,811:INFO:Copying training dataset
2023-07-04 10:17:55,820:INFO:Defining folds
2023-07-04 10:17:55,820:INFO:Declaring metric variables
2023-07-04 10:17:55,825:INFO:Importing untrained model
2023-07-04 10:17:55,834:INFO:K Neighbors Regressor Imported successfully
2023-07-04 10:17:55,850:INFO:Starting cross validation
2023-07-04 10:17:56,133:INFO:Cross validating with KFold(n_splits=5, random_state=None, shuffle=False), n_jobs=-1
2023-07-04 10:17:58,138:INFO:Calculating mean and std
2023-07-04 10:17:58,140:INFO:Creating metrics dataframe
2023-07-04 10:17:58,309:INFO:Uploading results into container
2023-07-04 10:17:58,310:INFO:Uploading model into container now
2023-07-04 10:17:58,310:INFO:_master_model_container: 68
2023-07-04 10:17:58,311:INFO:_display_container: 18
2023-07-04 10:17:58,311:INFO:KNeighborsRegressor(n_jobs=-1)
2023-07-04 10:17:58,311:INFO:create_model() successfully completed......................................
2023-07-04 10:17:58,502:INFO:SubProcess create_model() end ==================================
2023-07-04 10:17:58,502:INFO:Creating metrics dataframe
2023-07-04 10:17:58,520:INFO:Initializing Kernel Ridge
2023-07-04 10:17:58,520:INFO:Total runtime is 0.4698409120241801 minutes
2023-07-04 10:17:58,525:INFO:SubProcess create_model() called ==================================
2023-07-04 10:17:58,525:INFO:Initializing create_model()
2023-07-04 10:17:58,526:INFO:create_model(self=<pycaret.regression.oop.RegressionExperiment object at 0x7f854a8330d0>, estimator=kr, fold=KFold(n_splits=5, random_state=None, shuffle=False), round=4, cross_validation=True, predict=True, fit_kwargs={}, groups=None, refit=False, probability_threshold=None, experiment_custom_tags=None, verbose=False, system=False, add_to_model_list=True, metrics=None, display=<pycaret.internal.display.display.CommonDisplay object at 0x7f8534543eb0>, model_only=True, return_train_score=False, kwargs={})
2023-07-04 10:17:58,526:INFO:Checking exceptions
2023-07-04 10:17:58,526:INFO:Importing libraries
2023-07-04 10:17:58,526:INFO:Copying training dataset
2023-07-04 10:17:58,535:INFO:Defining folds
2023-07-04 10:17:58,536:INFO:Declaring metric variables
2023-07-04 10:17:58,545:INFO:Importing untrained model
2023-07-04 10:17:58,554:INFO:Kernel Ridge Imported successfully
2023-07-04 10:17:58,571:INFO:Starting cross validation
2023-07-04 10:17:59,011:INFO:Cross validating with KFold(n_splits=5, random_state=None, shuffle=False), n_jobs=-1
2023-07-04 10:18:01,000:INFO:Calculating mean and std
2023-07-04 10:18:01,003:INFO:Creating metrics dataframe
2023-07-04 10:18:01,173:INFO:Uploading results into container
2023-07-04 10:18:01,175:INFO:Uploading model into container now
2023-07-04 10:18:01,176:INFO:_master_model_container: 69
2023-07-04 10:18:01,176:INFO:_display_container: 18
2023-07-04 10:18:01,176:INFO:KernelRidge()
2023-07-04 10:18:01,176:INFO:create_model() successfully completed......................................
2023-07-04 10:18:01,354:INFO:SubProcess create_model() end ==================================
2023-07-04 10:18:01,354:INFO:Creating metrics dataframe
2023-07-04 10:18:01,371:INFO:Initializing Least Angle Regression
2023-07-04 10:18:01,371:INFO:Total runtime is 0.5173577229181926 minutes
2023-07-04 10:18:01,377:INFO:SubProcess create_model() called ==================================
2023-07-04 10:18:01,378:INFO:Initializing create_model()
2023-07-04 10:18:01,378:INFO:create_model(self=<pycaret.regression.oop.RegressionExperiment object at 0x7f854a8330d0>, estimator=lar, fold=KFold(n_splits=5, random_state=None, shuffle=False), round=4, cross_validation=True, predict=True, fit_kwargs={}, groups=None, refit=False, probability_threshold=None, experiment_custom_tags=None, verbose=False, system=False, add_to_model_list=True, metrics=None, display=<pycaret.internal.display.display.CommonDisplay object at 0x7f8534543eb0>, model_only=True, return_train_score=False, kwargs={})
2023-07-04 10:18:01,378:INFO:Checking exceptions
2023-07-04 10:18:01,378:INFO:Importing libraries
2023-07-04 10:18:01,378:INFO:Copying training dataset
2023-07-04 10:18:01,384:INFO:Defining folds
2023-07-04 10:18:01,384:INFO:Declaring metric variables
2023-07-04 10:18:01,390:INFO:Importing untrained model
2023-07-04 10:18:01,396:INFO:Least Angle Regression Imported successfully
2023-07-04 10:18:01,406:INFO:Starting cross validation
2023-07-04 10:18:01,759:INFO:Cross validating with KFold(n_splits=5, random_state=None, shuffle=False), n_jobs=-1
2023-07-04 10:18:02,463:WARNING:/home/thom/venvs/fairlearn/lib/python3.9/site-packages/sklearn/linear_model/_base.py:133: FutureWarning: The default of 'normalize' will be set to False in version 1.2 and deprecated in version 1.4.
If you wish to scale the data, use Pipeline with a StandardScaler in a preprocessing stage. To reproduce the previous behavior:

from sklearn.pipeline import make_pipeline

model = make_pipeline(StandardScaler(with_mean=False), Lars())

If you wish to pass a sample_weight parameter, you need to pass it as a fit parameter to each step of the pipeline as follows:

kwargs = {s[0] + '__sample_weight': sample_weight for s in model.steps}
model.fit(X, y, **kwargs)


  warnings.warn(

2023-07-04 10:18:02,478:WARNING:/home/thom/venvs/fairlearn/lib/python3.9/site-packages/sklearn/linear_model/_base.py:133: FutureWarning: The default of 'normalize' will be set to False in version 1.2 and deprecated in version 1.4.
If you wish to scale the data, use Pipeline with a StandardScaler in a preprocessing stage. To reproduce the previous behavior:

from sklearn.pipeline import make_pipeline

model = make_pipeline(StandardScaler(with_mean=False), Lars())

If you wish to pass a sample_weight parameter, you need to pass it as a fit parameter to each step of the pipeline as follows:

kwargs = {s[0] + '__sample_weight': sample_weight for s in model.steps}
model.fit(X, y, **kwargs)


  warnings.warn(

2023-07-04 10:18:02,482:WARNING:/home/thom/venvs/fairlearn/lib/python3.9/site-packages/sklearn/linear_model/_base.py:133: FutureWarning: The default of 'normalize' will be set to False in version 1.2 and deprecated in version 1.4.
If you wish to scale the data, use Pipeline with a StandardScaler in a preprocessing stage. To reproduce the previous behavior:

from sklearn.pipeline import make_pipeline

model = make_pipeline(StandardScaler(with_mean=False), Lars())

If you wish to pass a sample_weight parameter, you need to pass it as a fit parameter to each step of the pipeline as follows:

kwargs = {s[0] + '__sample_weight': sample_weight for s in model.steps}
model.fit(X, y, **kwargs)


  warnings.warn(

2023-07-04 10:18:02,645:WARNING:/home/thom/venvs/fairlearn/lib/python3.9/site-packages/sklearn/linear_model/_base.py:133: FutureWarning: The default of 'normalize' will be set to False in version 1.2 and deprecated in version 1.4.
If you wish to scale the data, use Pipeline with a StandardScaler in a preprocessing stage. To reproduce the previous behavior:

from sklearn.pipeline import make_pipeline

model = make_pipeline(StandardScaler(with_mean=False), Lars())

If you wish to pass a sample_weight parameter, you need to pass it as a fit parameter to each step of the pipeline as follows:

kwargs = {s[0] + '__sample_weight': sample_weight for s in model.steps}
model.fit(X, y, **kwargs)


  warnings.warn(

2023-07-04 10:18:03,483:WARNING:/home/thom/venvs/fairlearn/lib/python3.9/site-packages/sklearn/linear_model/_base.py:133: FutureWarning: The default of 'normalize' will be set to False in version 1.2 and deprecated in version 1.4.
If you wish to scale the data, use Pipeline with a StandardScaler in a preprocessing stage. To reproduce the previous behavior:

from sklearn.pipeline import make_pipeline

model = make_pipeline(StandardScaler(with_mean=False), Lars())

If you wish to pass a sample_weight parameter, you need to pass it as a fit parameter to each step of the pipeline as follows:

kwargs = {s[0] + '__sample_weight': sample_weight for s in model.steps}
model.fit(X, y, **kwargs)


  warnings.warn(

2023-07-04 10:18:03,715:INFO:Calculating mean and std
2023-07-04 10:18:03,717:INFO:Creating metrics dataframe
2023-07-04 10:18:03,877:INFO:Uploading results into container
2023-07-04 10:18:03,878:INFO:Uploading model into container now
2023-07-04 10:18:03,878:INFO:_master_model_container: 70
2023-07-04 10:18:03,879:INFO:_display_container: 18
2023-07-04 10:18:03,879:INFO:Lars(random_state=2584)
2023-07-04 10:18:03,879:INFO:create_model() successfully completed......................................
2023-07-04 10:18:04,073:INFO:SubProcess create_model() end ==================================
2023-07-04 10:18:04,074:INFO:Creating metrics dataframe
2023-07-04 10:18:04,093:INFO:Initializing Lasso Regression
2023-07-04 10:18:04,093:INFO:Total runtime is 0.5627218087514242 minutes
2023-07-04 10:18:04,099:INFO:SubProcess create_model() called ==================================
2023-07-04 10:18:04,100:INFO:Initializing create_model()
2023-07-04 10:18:04,100:INFO:create_model(self=<pycaret.regression.oop.RegressionExperiment object at 0x7f854a8330d0>, estimator=lasso, fold=KFold(n_splits=5, random_state=None, shuffle=False), round=4, cross_validation=True, predict=True, fit_kwargs={}, groups=None, refit=False, probability_threshold=None, experiment_custom_tags=None, verbose=False, system=False, add_to_model_list=True, metrics=None, display=<pycaret.internal.display.display.CommonDisplay object at 0x7f8534543eb0>, model_only=True, return_train_score=False, kwargs={})
2023-07-04 10:18:04,100:INFO:Checking exceptions
2023-07-04 10:18:04,100:INFO:Importing libraries
2023-07-04 10:18:04,100:INFO:Copying training dataset
2023-07-04 10:18:04,109:INFO:Defining folds
2023-07-04 10:18:04,109:INFO:Declaring metric variables
2023-07-04 10:18:04,115:INFO:Importing untrained model
2023-07-04 10:18:04,124:INFO:Lasso Regression Imported successfully
2023-07-04 10:18:04,142:INFO:Starting cross validation
2023-07-04 10:18:04,440:INFO:Cross validating with KFold(n_splits=5, random_state=None, shuffle=False), n_jobs=-1
2023-07-04 10:18:06,388:INFO:Calculating mean and std
2023-07-04 10:18:06,390:INFO:Creating metrics dataframe
2023-07-04 10:18:06,542:INFO:Uploading results into container
2023-07-04 10:18:06,543:INFO:Uploading model into container now
2023-07-04 10:18:06,543:INFO:_master_model_container: 71
2023-07-04 10:18:06,543:INFO:_display_container: 18
2023-07-04 10:18:06,544:INFO:Lasso(random_state=2584)
2023-07-04 10:18:06,544:INFO:create_model() successfully completed......................................
2023-07-04 10:18:06,703:INFO:SubProcess create_model() end ==================================
2023-07-04 10:18:06,703:INFO:Creating metrics dataframe
2023-07-04 10:18:06,722:INFO:Initializing Light Gradient Boosting Machine
2023-07-04 10:18:06,722:INFO:Total runtime is 0.6065452655156454 minutes
2023-07-04 10:18:06,728:INFO:SubProcess create_model() called ==================================
2023-07-04 10:18:06,728:INFO:Initializing create_model()
2023-07-04 10:18:06,728:INFO:create_model(self=<pycaret.regression.oop.RegressionExperiment object at 0x7f854a8330d0>, estimator=lightgbm, fold=KFold(n_splits=5, random_state=None, shuffle=False), round=4, cross_validation=True, predict=True, fit_kwargs={}, groups=None, refit=False, probability_threshold=None, experiment_custom_tags=None, verbose=False, system=False, add_to_model_list=True, metrics=None, display=<pycaret.internal.display.display.CommonDisplay object at 0x7f8534543eb0>, model_only=True, return_train_score=False, kwargs={})
2023-07-04 10:18:06,728:INFO:Checking exceptions
2023-07-04 10:18:06,728:INFO:Importing libraries
2023-07-04 10:18:06,728:INFO:Copying training dataset
2023-07-04 10:18:06,737:INFO:Defining folds
2023-07-04 10:18:06,738:INFO:Declaring metric variables
2023-07-04 10:18:06,746:INFO:Importing untrained model
2023-07-04 10:18:06,754:INFO:Light Gradient Boosting Machine Imported successfully
2023-07-04 10:18:06,765:INFO:Starting cross validation
2023-07-04 10:18:07,046:INFO:Cross validating with KFold(n_splits=5, random_state=None, shuffle=False), n_jobs=-1
2023-07-04 10:18:09,172:INFO:Calculating mean and std
2023-07-04 10:18:09,174:INFO:Creating metrics dataframe
2023-07-04 10:18:09,314:INFO:Uploading results into container
2023-07-04 10:18:09,315:INFO:Uploading model into container now
2023-07-04 10:18:09,315:INFO:_master_model_container: 72
2023-07-04 10:18:09,316:INFO:_display_container: 18
2023-07-04 10:18:09,316:INFO:LGBMRegressor(random_state=2584)
2023-07-04 10:18:09,316:INFO:create_model() successfully completed......................................
2023-07-04 10:18:09,484:INFO:SubProcess create_model() end ==================================
2023-07-04 10:18:09,484:INFO:Creating metrics dataframe
2023-07-04 10:18:09,504:INFO:Initializing Lasso Least Angle Regression
2023-07-04 10:18:09,504:INFO:Total runtime is 0.6529026985168457 minutes
2023-07-04 10:18:09,510:INFO:SubProcess create_model() called ==================================
2023-07-04 10:18:09,510:INFO:Initializing create_model()
2023-07-04 10:18:09,510:INFO:create_model(self=<pycaret.regression.oop.RegressionExperiment object at 0x7f854a8330d0>, estimator=llar, fold=KFold(n_splits=5, random_state=None, shuffle=False), round=4, cross_validation=True, predict=True, fit_kwargs={}, groups=None, refit=False, probability_threshold=None, experiment_custom_tags=None, verbose=False, system=False, add_to_model_list=True, metrics=None, display=<pycaret.internal.display.display.CommonDisplay object at 0x7f8534543eb0>, model_only=True, return_train_score=False, kwargs={})
2023-07-04 10:18:09,510:INFO:Checking exceptions
2023-07-04 10:18:09,511:INFO:Importing libraries
2023-07-04 10:18:09,511:INFO:Copying training dataset
2023-07-04 10:18:09,518:INFO:Defining folds
2023-07-04 10:18:09,518:INFO:Declaring metric variables
2023-07-04 10:18:09,523:INFO:Importing untrained model
2023-07-04 10:18:09,529:INFO:Lasso Least Angle Regression Imported successfully
2023-07-04 10:18:09,538:INFO:Starting cross validation
2023-07-04 10:18:09,809:INFO:Cross validating with KFold(n_splits=5, random_state=None, shuffle=False), n_jobs=-1
2023-07-04 10:18:10,473:WARNING:/home/thom/venvs/fairlearn/lib/python3.9/site-packages/sklearn/linear_model/_base.py:133: FutureWarning: The default of 'normalize' will be set to False in version 1.2 and deprecated in version 1.4.
If you wish to scale the data, use Pipeline with a StandardScaler in a preprocessing stage. To reproduce the previous behavior:

from sklearn.pipeline import make_pipeline

model = make_pipeline(StandardScaler(with_mean=False), LassoLars())

If you wish to pass a sample_weight parameter, you need to pass it as a fit parameter to each step of the pipeline as follows:

kwargs = {s[0] + '__sample_weight': sample_weight for s in model.steps}
model.fit(X, y, **kwargs)

Set parameter alpha to: original_alpha * np.sqrt(n_samples). 
  warnings.warn(

2023-07-04 10:18:10,526:WARNING:/home/thom/venvs/fairlearn/lib/python3.9/site-packages/sklearn/linear_model/_base.py:133: FutureWarning: The default of 'normalize' will be set to False in version 1.2 and deprecated in version 1.4.
If you wish to scale the data, use Pipeline with a StandardScaler in a preprocessing stage. To reproduce the previous behavior:

from sklearn.pipeline import make_pipeline

model = make_pipeline(StandardScaler(with_mean=False), LassoLars())

If you wish to pass a sample_weight parameter, you need to pass it as a fit parameter to each step of the pipeline as follows:

kwargs = {s[0] + '__sample_weight': sample_weight for s in model.steps}
model.fit(X, y, **kwargs)

Set parameter alpha to: original_alpha * np.sqrt(n_samples). 
  warnings.warn(

2023-07-04 10:18:10,575:WARNING:/home/thom/venvs/fairlearn/lib/python3.9/site-packages/sklearn/linear_model/_base.py:133: FutureWarning: The default of 'normalize' will be set to False in version 1.2 and deprecated in version 1.4.
If you wish to scale the data, use Pipeline with a StandardScaler in a preprocessing stage. To reproduce the previous behavior:

from sklearn.pipeline import make_pipeline

model = make_pipeline(StandardScaler(with_mean=False), LassoLars())

If you wish to pass a sample_weight parameter, you need to pass it as a fit parameter to each step of the pipeline as follows:

kwargs = {s[0] + '__sample_weight': sample_weight for s in model.steps}
model.fit(X, y, **kwargs)

Set parameter alpha to: original_alpha * np.sqrt(n_samples). 
  warnings.warn(

2023-07-04 10:18:10,609:WARNING:/home/thom/venvs/fairlearn/lib/python3.9/site-packages/sklearn/linear_model/_base.py:133: FutureWarning: The default of 'normalize' will be set to False in version 1.2 and deprecated in version 1.4.
If you wish to scale the data, use Pipeline with a StandardScaler in a preprocessing stage. To reproduce the previous behavior:

from sklearn.pipeline import make_pipeline

model = make_pipeline(StandardScaler(with_mean=False), LassoLars())

If you wish to pass a sample_weight parameter, you need to pass it as a fit parameter to each step of the pipeline as follows:

kwargs = {s[0] + '__sample_weight': sample_weight for s in model.steps}
model.fit(X, y, **kwargs)

Set parameter alpha to: original_alpha * np.sqrt(n_samples). 
  warnings.warn(

2023-07-04 10:18:11,582:WARNING:/home/thom/venvs/fairlearn/lib/python3.9/site-packages/sklearn/linear_model/_base.py:133: FutureWarning: The default of 'normalize' will be set to False in version 1.2 and deprecated in version 1.4.
If you wish to scale the data, use Pipeline with a StandardScaler in a preprocessing stage. To reproduce the previous behavior:

from sklearn.pipeline import make_pipeline

model = make_pipeline(StandardScaler(with_mean=False), LassoLars())

If you wish to pass a sample_weight parameter, you need to pass it as a fit parameter to each step of the pipeline as follows:

kwargs = {s[0] + '__sample_weight': sample_weight for s in model.steps}
model.fit(X, y, **kwargs)

Set parameter alpha to: original_alpha * np.sqrt(n_samples). 
  warnings.warn(

2023-07-04 10:18:11,809:INFO:Calculating mean and std
2023-07-04 10:18:11,811:INFO:Creating metrics dataframe
2023-07-04 10:18:11,967:INFO:Uploading results into container
2023-07-04 10:18:11,968:INFO:Uploading model into container now
2023-07-04 10:18:11,968:INFO:_master_model_container: 73
2023-07-04 10:18:11,968:INFO:_display_container: 18
2023-07-04 10:18:11,969:INFO:LassoLars(random_state=2584)
2023-07-04 10:18:11,969:INFO:create_model() successfully completed......................................
2023-07-04 10:18:12,153:INFO:SubProcess create_model() end ==================================
2023-07-04 10:18:12,154:INFO:Creating metrics dataframe
2023-07-04 10:18:12,185:INFO:Initializing Linear Regression
2023-07-04 10:18:12,185:INFO:Total runtime is 0.6975895206133524 minutes
2023-07-04 10:18:12,192:INFO:SubProcess create_model() called ==================================
2023-07-04 10:18:12,193:INFO:Initializing create_model()
2023-07-04 10:18:12,193:INFO:create_model(self=<pycaret.regression.oop.RegressionExperiment object at 0x7f854a8330d0>, estimator=lr, fold=KFold(n_splits=5, random_state=None, shuffle=False), round=4, cross_validation=True, predict=True, fit_kwargs={}, groups=None, refit=False, probability_threshold=None, experiment_custom_tags=None, verbose=False, system=False, add_to_model_list=True, metrics=None, display=<pycaret.internal.display.display.CommonDisplay object at 0x7f8534543eb0>, model_only=True, return_train_score=False, kwargs={})
2023-07-04 10:18:12,194:INFO:Checking exceptions
2023-07-04 10:18:12,194:INFO:Importing libraries
2023-07-04 10:18:12,194:INFO:Copying training dataset
2023-07-04 10:18:12,201:INFO:Defining folds
2023-07-04 10:18:12,201:INFO:Declaring metric variables
2023-07-04 10:18:12,207:INFO:Importing untrained model
2023-07-04 10:18:12,216:INFO:Linear Regression Imported successfully
2023-07-04 10:18:12,230:INFO:Starting cross validation
2023-07-04 10:18:12,512:INFO:Cross validating with KFold(n_splits=5, random_state=None, shuffle=False), n_jobs=-1
2023-07-04 10:18:14,517:INFO:Calculating mean and std
2023-07-04 10:18:14,522:INFO:Creating metrics dataframe
2023-07-04 10:18:14,677:INFO:Uploading results into container
2023-07-04 10:18:14,678:INFO:Uploading model into container now
2023-07-04 10:18:14,679:INFO:_master_model_container: 74
2023-07-04 10:18:14,679:INFO:_display_container: 18
2023-07-04 10:18:14,679:INFO:LinearRegression(n_jobs=-1)
2023-07-04 10:18:14,679:INFO:create_model() successfully completed......................................
2023-07-04 10:18:14,845:INFO:SubProcess create_model() end ==================================
2023-07-04 10:18:14,845:INFO:Creating metrics dataframe
2023-07-04 10:18:14,863:INFO:Initializing MLP Regressor
2023-07-04 10:18:14,863:INFO:Total runtime is 0.7422286947568257 minutes
2023-07-04 10:18:14,869:INFO:SubProcess create_model() called ==================================
2023-07-04 10:18:14,870:INFO:Initializing create_model()
2023-07-04 10:18:14,870:INFO:create_model(self=<pycaret.regression.oop.RegressionExperiment object at 0x7f854a8330d0>, estimator=mlp, fold=KFold(n_splits=5, random_state=None, shuffle=False), round=4, cross_validation=True, predict=True, fit_kwargs={}, groups=None, refit=False, probability_threshold=None, experiment_custom_tags=None, verbose=False, system=False, add_to_model_list=True, metrics=None, display=<pycaret.internal.display.display.CommonDisplay object at 0x7f8534543eb0>, model_only=True, return_train_score=False, kwargs={})
2023-07-04 10:18:14,870:INFO:Checking exceptions
2023-07-04 10:18:14,870:INFO:Importing libraries
2023-07-04 10:18:14,870:INFO:Copying training dataset
2023-07-04 10:18:14,879:INFO:Defining folds
2023-07-04 10:18:14,879:INFO:Declaring metric variables
2023-07-04 10:18:14,887:INFO:Importing untrained model
2023-07-04 10:18:14,895:INFO:MLP Regressor Imported successfully
2023-07-04 10:18:14,909:INFO:Starting cross validation
2023-07-04 10:18:15,161:INFO:Cross validating with KFold(n_splits=5, random_state=None, shuffle=False), n_jobs=-1
2023-07-04 10:18:17,174:INFO:Calculating mean and std
2023-07-04 10:18:17,175:INFO:Creating metrics dataframe
2023-07-04 10:18:17,328:INFO:Uploading results into container
2023-07-04 10:18:17,329:INFO:Uploading model into container now
2023-07-04 10:18:17,330:INFO:_master_model_container: 75
2023-07-04 10:18:17,330:INFO:_display_container: 18
2023-07-04 10:18:17,331:INFO:MLPRegressor(max_iter=500, random_state=2584)
2023-07-04 10:18:17,331:INFO:create_model() successfully completed......................................
2023-07-04 10:18:17,521:INFO:SubProcess create_model() end ==================================
2023-07-04 10:18:17,521:INFO:Creating metrics dataframe
2023-07-04 10:18:17,548:INFO:Initializing Orthogonal Matching Pursuit
2023-07-04 10:18:17,548:INFO:Total runtime is 0.7869705160458882 minutes
2023-07-04 10:18:17,554:INFO:SubProcess create_model() called ==================================
2023-07-04 10:18:17,554:INFO:Initializing create_model()
2023-07-04 10:18:17,554:INFO:create_model(self=<pycaret.regression.oop.RegressionExperiment object at 0x7f854a8330d0>, estimator=omp, fold=KFold(n_splits=5, random_state=None, shuffle=False), round=4, cross_validation=True, predict=True, fit_kwargs={}, groups=None, refit=False, probability_threshold=None, experiment_custom_tags=None, verbose=False, system=False, add_to_model_list=True, metrics=None, display=<pycaret.internal.display.display.CommonDisplay object at 0x7f8534543eb0>, model_only=True, return_train_score=False, kwargs={})
2023-07-04 10:18:17,555:INFO:Checking exceptions
2023-07-04 10:18:17,555:INFO:Importing libraries
2023-07-04 10:18:17,555:INFO:Copying training dataset
2023-07-04 10:18:17,561:INFO:Defining folds
2023-07-04 10:18:17,561:INFO:Declaring metric variables
2023-07-04 10:18:17,568:INFO:Importing untrained model
2023-07-04 10:18:17,575:INFO:Orthogonal Matching Pursuit Imported successfully
2023-07-04 10:18:17,588:INFO:Starting cross validation
2023-07-04 10:18:17,905:INFO:Cross validating with KFold(n_splits=5, random_state=None, shuffle=False), n_jobs=-1
2023-07-04 10:18:18,576:WARNING:/home/thom/venvs/fairlearn/lib/python3.9/site-packages/sklearn/linear_model/_base.py:133: FutureWarning: The default of 'normalize' will be set to False in version 1.2 and deprecated in version 1.4.
If you wish to scale the data, use Pipeline with a StandardScaler in a preprocessing stage. To reproduce the previous behavior:

from sklearn.pipeline import make_pipeline

model = make_pipeline(StandardScaler(with_mean=False), OrthogonalMatchingPursuit())

If you wish to pass a sample_weight parameter, you need to pass it as a fit parameter to each step of the pipeline as follows:

kwargs = {s[0] + '__sample_weight': sample_weight for s in model.steps}
model.fit(X, y, **kwargs)


  warnings.warn(

2023-07-04 10:18:18,612:WARNING:/home/thom/venvs/fairlearn/lib/python3.9/site-packages/sklearn/linear_model/_base.py:133: FutureWarning: The default of 'normalize' will be set to False in version 1.2 and deprecated in version 1.4.
If you wish to scale the data, use Pipeline with a StandardScaler in a preprocessing stage. To reproduce the previous behavior:

from sklearn.pipeline import make_pipeline

model = make_pipeline(StandardScaler(with_mean=False), OrthogonalMatchingPursuit())

If you wish to pass a sample_weight parameter, you need to pass it as a fit parameter to each step of the pipeline as follows:

kwargs = {s[0] + '__sample_weight': sample_weight for s in model.steps}
model.fit(X, y, **kwargs)


  warnings.warn(

2023-07-04 10:18:18,618:WARNING:/home/thom/venvs/fairlearn/lib/python3.9/site-packages/sklearn/linear_model/_base.py:133: FutureWarning: The default of 'normalize' will be set to False in version 1.2 and deprecated in version 1.4.
If you wish to scale the data, use Pipeline with a StandardScaler in a preprocessing stage. To reproduce the previous behavior:

from sklearn.pipeline import make_pipeline

model = make_pipeline(StandardScaler(with_mean=False), OrthogonalMatchingPursuit())

If you wish to pass a sample_weight parameter, you need to pass it as a fit parameter to each step of the pipeline as follows:

kwargs = {s[0] + '__sample_weight': sample_weight for s in model.steps}
model.fit(X, y, **kwargs)


  warnings.warn(

2023-07-04 10:18:18,626:WARNING:/home/thom/venvs/fairlearn/lib/python3.9/site-packages/sklearn/linear_model/_base.py:133: FutureWarning: The default of 'normalize' will be set to False in version 1.2 and deprecated in version 1.4.
If you wish to scale the data, use Pipeline with a StandardScaler in a preprocessing stage. To reproduce the previous behavior:

from sklearn.pipeline import make_pipeline

model = make_pipeline(StandardScaler(with_mean=False), OrthogonalMatchingPursuit())

If you wish to pass a sample_weight parameter, you need to pass it as a fit parameter to each step of the pipeline as follows:

kwargs = {s[0] + '__sample_weight': sample_weight for s in model.steps}
model.fit(X, y, **kwargs)


  warnings.warn(

2023-07-04 10:18:19,560:WARNING:/home/thom/venvs/fairlearn/lib/python3.9/site-packages/sklearn/linear_model/_base.py:133: FutureWarning: The default of 'normalize' will be set to False in version 1.2 and deprecated in version 1.4.
If you wish to scale the data, use Pipeline with a StandardScaler in a preprocessing stage. To reproduce the previous behavior:

from sklearn.pipeline import make_pipeline

model = make_pipeline(StandardScaler(with_mean=False), OrthogonalMatchingPursuit())

If you wish to pass a sample_weight parameter, you need to pass it as a fit parameter to each step of the pipeline as follows:

kwargs = {s[0] + '__sample_weight': sample_weight for s in model.steps}
model.fit(X, y, **kwargs)


  warnings.warn(

2023-07-04 10:18:19,825:INFO:Calculating mean and std
2023-07-04 10:18:19,826:INFO:Creating metrics dataframe
2023-07-04 10:18:19,986:INFO:Uploading results into container
2023-07-04 10:18:19,987:INFO:Uploading model into container now
2023-07-04 10:18:19,987:INFO:_master_model_container: 76
2023-07-04 10:18:19,988:INFO:_display_container: 18
2023-07-04 10:18:19,988:INFO:OrthogonalMatchingPursuit()
2023-07-04 10:18:19,988:INFO:create_model() successfully completed......................................
2023-07-04 10:18:20,170:INFO:SubProcess create_model() end ==================================
2023-07-04 10:18:20,170:INFO:Creating metrics dataframe
2023-07-04 10:18:20,189:INFO:Initializing Passive Aggressive Regressor
2023-07-04 10:18:20,189:INFO:Total runtime is 0.8309869408607482 minutes
2023-07-04 10:18:20,194:INFO:SubProcess create_model() called ==================================
2023-07-04 10:18:20,195:INFO:Initializing create_model()
2023-07-04 10:18:20,195:INFO:create_model(self=<pycaret.regression.oop.RegressionExperiment object at 0x7f854a8330d0>, estimator=par, fold=KFold(n_splits=5, random_state=None, shuffle=False), round=4, cross_validation=True, predict=True, fit_kwargs={}, groups=None, refit=False, probability_threshold=None, experiment_custom_tags=None, verbose=False, system=False, add_to_model_list=True, metrics=None, display=<pycaret.internal.display.display.CommonDisplay object at 0x7f8534543eb0>, model_only=True, return_train_score=False, kwargs={})
2023-07-04 10:18:20,195:INFO:Checking exceptions
2023-07-04 10:18:20,195:INFO:Importing libraries
2023-07-04 10:18:20,195:INFO:Copying training dataset
2023-07-04 10:18:20,202:INFO:Defining folds
2023-07-04 10:18:20,202:INFO:Declaring metric variables
2023-07-04 10:18:20,208:INFO:Importing untrained model
2023-07-04 10:18:20,214:INFO:Passive Aggressive Regressor Imported successfully
2023-07-04 10:18:20,226:INFO:Starting cross validation
2023-07-04 10:18:20,513:INFO:Cross validating with KFold(n_splits=5, random_state=None, shuffle=False), n_jobs=-1
2023-07-04 10:18:22,543:INFO:Calculating mean and std
2023-07-04 10:18:22,545:INFO:Creating metrics dataframe
2023-07-04 10:18:22,712:INFO:Uploading results into container
2023-07-04 10:18:22,713:INFO:Uploading model into container now
2023-07-04 10:18:22,714:INFO:_master_model_container: 77
2023-07-04 10:18:22,714:INFO:_display_container: 18
2023-07-04 10:18:22,715:INFO:PassiveAggressiveRegressor(random_state=2584)
2023-07-04 10:18:22,715:INFO:create_model() successfully completed......................................
2023-07-04 10:18:22,906:INFO:SubProcess create_model() end ==================================
2023-07-04 10:18:22,906:INFO:Creating metrics dataframe
2023-07-04 10:18:22,928:INFO:Initializing Random Sample Consensus
2023-07-04 10:18:22,928:INFO:Total runtime is 0.8766368548075357 minutes
2023-07-04 10:18:22,933:INFO:SubProcess create_model() called ==================================
2023-07-04 10:18:22,933:INFO:Initializing create_model()
2023-07-04 10:18:22,934:INFO:create_model(self=<pycaret.regression.oop.RegressionExperiment object at 0x7f854a8330d0>, estimator=ransac, fold=KFold(n_splits=5, random_state=None, shuffle=False), round=4, cross_validation=True, predict=True, fit_kwargs={}, groups=None, refit=False, probability_threshold=None, experiment_custom_tags=None, verbose=False, system=False, add_to_model_list=True, metrics=None, display=<pycaret.internal.display.display.CommonDisplay object at 0x7f8534543eb0>, model_only=True, return_train_score=False, kwargs={})
2023-07-04 10:18:22,934:INFO:Checking exceptions
2023-07-04 10:18:22,934:INFO:Importing libraries
2023-07-04 10:18:22,934:INFO:Copying training dataset
2023-07-04 10:18:22,943:INFO:Defining folds
2023-07-04 10:18:22,943:INFO:Declaring metric variables
2023-07-04 10:18:22,949:INFO:Importing untrained model
2023-07-04 10:18:22,954:INFO:Random Sample Consensus Imported successfully
2023-07-04 10:18:22,966:INFO:Starting cross validation
2023-07-04 10:18:23,230:INFO:Cross validating with KFold(n_splits=5, random_state=None, shuffle=False), n_jobs=-1
2023-07-04 10:18:25,151:INFO:Calculating mean and std
2023-07-04 10:18:25,154:INFO:Creating metrics dataframe
2023-07-04 10:18:25,315:INFO:Uploading results into container
2023-07-04 10:18:25,316:INFO:Uploading model into container now
2023-07-04 10:18:25,317:INFO:_master_model_container: 78
2023-07-04 10:18:25,317:INFO:_display_container: 18
2023-07-04 10:18:25,317:INFO:RANSACRegressor(random_state=2584)
2023-07-04 10:18:25,318:INFO:create_model() successfully completed......................................
2023-07-04 10:18:25,504:INFO:SubProcess create_model() end ==================================
2023-07-04 10:18:25,504:INFO:Creating metrics dataframe
2023-07-04 10:18:25,524:INFO:Initializing Random Forest Regressor
2023-07-04 10:18:25,525:INFO:Total runtime is 0.9199158112208048 minutes
2023-07-04 10:18:25,532:INFO:SubProcess create_model() called ==================================
2023-07-04 10:18:25,533:INFO:Initializing create_model()
2023-07-04 10:18:25,533:INFO:create_model(self=<pycaret.regression.oop.RegressionExperiment object at 0x7f854a8330d0>, estimator=rf, fold=KFold(n_splits=5, random_state=None, shuffle=False), round=4, cross_validation=True, predict=True, fit_kwargs={}, groups=None, refit=False, probability_threshold=None, experiment_custom_tags=None, verbose=False, system=False, add_to_model_list=True, metrics=None, display=<pycaret.internal.display.display.CommonDisplay object at 0x7f8534543eb0>, model_only=True, return_train_score=False, kwargs={})
2023-07-04 10:18:25,533:INFO:Checking exceptions
2023-07-04 10:18:25,533:INFO:Importing libraries
2023-07-04 10:18:25,533:INFO:Copying training dataset
2023-07-04 10:18:25,543:INFO:Defining folds
2023-07-04 10:18:25,543:INFO:Declaring metric variables
2023-07-04 10:18:25,548:INFO:Importing untrained model
2023-07-04 10:18:25,555:INFO:Random Forest Regressor Imported successfully
2023-07-04 10:18:25,565:INFO:Starting cross validation
2023-07-04 10:18:25,860:INFO:Cross validating with KFold(n_splits=5, random_state=None, shuffle=False), n_jobs=-1
2023-07-04 10:18:28,368:INFO:Calculating mean and std
2023-07-04 10:18:28,369:INFO:Creating metrics dataframe
2023-07-04 10:18:28,520:INFO:Uploading results into container
2023-07-04 10:18:28,521:INFO:Uploading model into container now
2023-07-04 10:18:28,521:INFO:_master_model_container: 79
2023-07-04 10:18:28,521:INFO:_display_container: 18
2023-07-04 10:18:28,522:INFO:RandomForestRegressor(n_jobs=-1, random_state=2584)
2023-07-04 10:18:28,522:INFO:create_model() successfully completed......................................
2023-07-04 10:18:28,686:INFO:SubProcess create_model() end ==================================
2023-07-04 10:18:28,686:INFO:Creating metrics dataframe
2023-07-04 10:18:28,711:INFO:Initializing Ridge Regression
2023-07-04 10:18:28,711:INFO:Total runtime is 0.9730187018712361 minutes
2023-07-04 10:18:28,716:INFO:SubProcess create_model() called ==================================
2023-07-04 10:18:28,716:INFO:Initializing create_model()
2023-07-04 10:18:28,717:INFO:create_model(self=<pycaret.regression.oop.RegressionExperiment object at 0x7f854a8330d0>, estimator=ridge, fold=KFold(n_splits=5, random_state=None, shuffle=False), round=4, cross_validation=True, predict=True, fit_kwargs={}, groups=None, refit=False, probability_threshold=None, experiment_custom_tags=None, verbose=False, system=False, add_to_model_list=True, metrics=None, display=<pycaret.internal.display.display.CommonDisplay object at 0x7f8534543eb0>, model_only=True, return_train_score=False, kwargs={})
2023-07-04 10:18:28,720:INFO:Checking exceptions
2023-07-04 10:18:28,720:INFO:Importing libraries
2023-07-04 10:18:28,720:INFO:Copying training dataset
2023-07-04 10:18:28,728:INFO:Defining folds
2023-07-04 10:18:28,728:INFO:Declaring metric variables
2023-07-04 10:18:28,734:INFO:Importing untrained model
2023-07-04 10:18:28,741:INFO:Ridge Regression Imported successfully
2023-07-04 10:18:28,756:INFO:Starting cross validation
2023-07-04 10:18:29,027:INFO:Cross validating with KFold(n_splits=5, random_state=None, shuffle=False), n_jobs=-1
2023-07-04 10:18:30,970:INFO:Calculating mean and std
2023-07-04 10:18:30,973:INFO:Creating metrics dataframe
2023-07-04 10:18:31,128:INFO:Uploading results into container
2023-07-04 10:18:31,129:INFO:Uploading model into container now
2023-07-04 10:18:31,130:INFO:_master_model_container: 80
2023-07-04 10:18:31,130:INFO:_display_container: 18
2023-07-04 10:18:31,130:INFO:Ridge(random_state=2584)
2023-07-04 10:18:31,130:INFO:create_model() successfully completed......................................
2023-07-04 10:18:31,296:INFO:SubProcess create_model() end ==================================
2023-07-04 10:18:31,296:INFO:Creating metrics dataframe
2023-07-04 10:18:31,323:INFO:Initializing Support Vector Regression
2023-07-04 10:18:31,324:INFO:Total runtime is 1.0165670831998188 minutes
2023-07-04 10:18:31,331:INFO:SubProcess create_model() called ==================================
2023-07-04 10:18:31,331:INFO:Initializing create_model()
2023-07-04 10:18:31,331:INFO:create_model(self=<pycaret.regression.oop.RegressionExperiment object at 0x7f854a8330d0>, estimator=svm, fold=KFold(n_splits=5, random_state=None, shuffle=False), round=4, cross_validation=True, predict=True, fit_kwargs={}, groups=None, refit=False, probability_threshold=None, experiment_custom_tags=None, verbose=False, system=False, add_to_model_list=True, metrics=None, display=<pycaret.internal.display.display.CommonDisplay object at 0x7f8534543eb0>, model_only=True, return_train_score=False, kwargs={})
2023-07-04 10:18:31,332:INFO:Checking exceptions
2023-07-04 10:18:31,332:INFO:Importing libraries
2023-07-04 10:18:31,332:INFO:Copying training dataset
2023-07-04 10:18:31,342:INFO:Defining folds
2023-07-04 10:18:31,342:INFO:Declaring metric variables
2023-07-04 10:18:31,347:INFO:Importing untrained model
2023-07-04 10:18:31,354:INFO:Support Vector Regression Imported successfully
2023-07-04 10:18:31,367:INFO:Starting cross validation
2023-07-04 10:18:31,654:INFO:Cross validating with KFold(n_splits=5, random_state=None, shuffle=False), n_jobs=-1
2023-07-04 10:18:33,799:INFO:Calculating mean and std
2023-07-04 10:18:33,802:INFO:Creating metrics dataframe
2023-07-04 10:18:33,919:INFO:Uploading results into container
2023-07-04 10:18:33,919:INFO:Uploading model into container now
2023-07-04 10:18:33,920:INFO:_master_model_container: 81
2023-07-04 10:18:33,920:INFO:_display_container: 18
2023-07-04 10:18:33,921:INFO:SVR()
2023-07-04 10:18:33,921:INFO:create_model() successfully completed......................................
2023-07-04 10:18:34,088:INFO:SubProcess create_model() end ==================================
2023-07-04 10:18:34,088:INFO:Creating metrics dataframe
2023-07-04 10:18:34,110:INFO:Initializing TheilSen Regressor
2023-07-04 10:18:34,110:INFO:Total runtime is 1.0630081335703532 minutes
2023-07-04 10:18:34,117:INFO:SubProcess create_model() called ==================================
2023-07-04 10:18:34,117:INFO:Initializing create_model()
2023-07-04 10:18:34,117:INFO:create_model(self=<pycaret.regression.oop.RegressionExperiment object at 0x7f854a8330d0>, estimator=tr, fold=KFold(n_splits=5, random_state=None, shuffle=False), round=4, cross_validation=True, predict=True, fit_kwargs={}, groups=None, refit=False, probability_threshold=None, experiment_custom_tags=None, verbose=False, system=False, add_to_model_list=True, metrics=None, display=<pycaret.internal.display.display.CommonDisplay object at 0x7f8534543eb0>, model_only=True, return_train_score=False, kwargs={})
2023-07-04 10:18:34,117:INFO:Checking exceptions
2023-07-04 10:18:34,117:INFO:Importing libraries
2023-07-04 10:18:34,117:INFO:Copying training dataset
2023-07-04 10:18:34,123:INFO:Defining folds
2023-07-04 10:18:34,124:INFO:Declaring metric variables
2023-07-04 10:18:34,129:INFO:Importing untrained model
2023-07-04 10:18:34,136:INFO:TheilSen Regressor Imported successfully
2023-07-04 10:18:34,147:INFO:Starting cross validation
2023-07-04 10:18:34,411:INFO:Cross validating with KFold(n_splits=5, random_state=None, shuffle=False), n_jobs=-1
2023-07-04 10:18:36,536:INFO:Calculating mean and std
2023-07-04 10:18:36,538:INFO:Creating metrics dataframe
2023-07-04 10:18:36,678:INFO:Uploading results into container
2023-07-04 10:18:36,679:INFO:Uploading model into container now
2023-07-04 10:18:36,680:INFO:_master_model_container: 82
2023-07-04 10:18:36,681:INFO:_display_container: 18
2023-07-04 10:18:36,681:INFO:TheilSenRegressor(max_iter=1000, n_jobs=-1, random_state=2584)
2023-07-04 10:18:36,681:INFO:create_model() successfully completed......................................
2023-07-04 10:18:36,848:INFO:SubProcess create_model() end ==================================
2023-07-04 10:18:36,848:INFO:Creating metrics dataframe
2023-07-04 10:18:36,891:INFO:Initializing create_model()
2023-07-04 10:18:36,891:INFO:create_model(self=<pycaret.regression.oop.RegressionExperiment object at 0x7f854a8330d0>, estimator=BayesianRidge(), fold=KFold(n_splits=5, random_state=None, shuffle=False), round=4, cross_validation=False, predict=False, fit_kwargs={}, groups=None, refit=True, probability_threshold=None, experiment_custom_tags=None, verbose=False, system=False, add_to_model_list=True, metrics=None, display=None, model_only=True, return_train_score=False, kwargs={})
2023-07-04 10:18:36,891:INFO:Checking exceptions
2023-07-04 10:18:36,894:INFO:Importing libraries
2023-07-04 10:18:36,894:INFO:Copying training dataset
2023-07-04 10:18:36,900:INFO:Defining folds
2023-07-04 10:18:36,900:INFO:Declaring metric variables
2023-07-04 10:18:36,900:INFO:Importing untrained model
2023-07-04 10:18:36,900:INFO:Declaring custom model
2023-07-04 10:18:36,901:INFO:Bayesian Ridge Imported successfully
2023-07-04 10:18:37,191:INFO:Cross validation set to False
2023-07-04 10:18:37,192:INFO:Fitting Model
2023-07-04 10:18:37,744:INFO:BayesianRidge()
2023-07-04 10:18:37,744:INFO:create_model() successfully completed......................................
2023-07-04 10:18:37,916:INFO:Initializing create_model()
2023-07-04 10:18:37,916:INFO:create_model(self=<pycaret.regression.oop.RegressionExperiment object at 0x7f854a8330d0>, estimator=Ridge(random_state=2584), fold=KFold(n_splits=5, random_state=None, shuffle=False), round=4, cross_validation=False, predict=False, fit_kwargs={}, groups=None, refit=True, probability_threshold=None, experiment_custom_tags=None, verbose=False, system=False, add_to_model_list=True, metrics=None, display=None, model_only=True, return_train_score=False, kwargs={})
2023-07-04 10:18:37,916:INFO:Checking exceptions
2023-07-04 10:18:37,919:INFO:Importing libraries
2023-07-04 10:18:37,920:INFO:Copying training dataset
2023-07-04 10:18:37,926:INFO:Defining folds
2023-07-04 10:18:37,926:INFO:Declaring metric variables
2023-07-04 10:18:37,926:INFO:Importing untrained model
2023-07-04 10:18:37,926:INFO:Declaring custom model
2023-07-04 10:18:37,927:INFO:Ridge Regression Imported successfully
2023-07-04 10:18:38,160:INFO:Cross validation set to False
2023-07-04 10:18:38,160:INFO:Fitting Model
2023-07-04 10:18:38,605:INFO:Ridge(random_state=2584)
2023-07-04 10:18:38,606:INFO:create_model() successfully completed......................................
2023-07-04 10:18:38,799:INFO:Initializing create_model()
2023-07-04 10:18:38,799:INFO:create_model(self=<pycaret.regression.oop.RegressionExperiment object at 0x7f854a8330d0>, estimator=LinearRegression(n_jobs=-1), fold=KFold(n_splits=5, random_state=None, shuffle=False), round=4, cross_validation=False, predict=False, fit_kwargs={}, groups=None, refit=True, probability_threshold=None, experiment_custom_tags=None, verbose=False, system=False, add_to_model_list=True, metrics=None, display=None, model_only=True, return_train_score=False, kwargs={})
2023-07-04 10:18:38,799:INFO:Checking exceptions
2023-07-04 10:18:38,803:INFO:Importing libraries
2023-07-04 10:18:38,803:INFO:Copying training dataset
2023-07-04 10:18:38,809:INFO:Defining folds
2023-07-04 10:18:38,809:INFO:Declaring metric variables
2023-07-04 10:18:38,810:INFO:Importing untrained model
2023-07-04 10:18:38,810:INFO:Declaring custom model
2023-07-04 10:18:38,810:INFO:Linear Regression Imported successfully
2023-07-04 10:18:39,289:INFO:Cross validation set to False
2023-07-04 10:18:39,289:INFO:Fitting Model
2023-07-04 10:18:39,832:INFO:LinearRegression(n_jobs=-1)
2023-07-04 10:18:39,832:INFO:create_model() successfully completed......................................
2023-07-04 10:18:40,048:INFO:Initializing create_model()
2023-07-04 10:18:40,050:INFO:create_model(self=<pycaret.regression.oop.RegressionExperiment object at 0x7f854a8330d0>, estimator=HuberRegressor(), fold=KFold(n_splits=5, random_state=None, shuffle=False), round=4, cross_validation=False, predict=False, fit_kwargs={}, groups=None, refit=True, probability_threshold=None, experiment_custom_tags=None, verbose=False, system=False, add_to_model_list=True, metrics=None, display=None, model_only=True, return_train_score=False, kwargs={})
2023-07-04 10:18:40,050:INFO:Checking exceptions
2023-07-04 10:18:40,053:INFO:Importing libraries
2023-07-04 10:18:40,054:INFO:Copying training dataset
2023-07-04 10:18:40,058:INFO:Defining folds
2023-07-04 10:18:40,058:INFO:Declaring metric variables
2023-07-04 10:18:40,059:INFO:Importing untrained model
2023-07-04 10:18:40,059:INFO:Declaring custom model
2023-07-04 10:18:40,060:INFO:Huber Regressor Imported successfully
2023-07-04 10:18:40,671:INFO:Cross validation set to False
2023-07-04 10:18:40,671:INFO:Fitting Model
2023-07-04 10:18:41,042:INFO:HuberRegressor()
2023-07-04 10:18:41,042:INFO:create_model() successfully completed......................................
2023-07-04 10:18:41,223:INFO:Initializing create_model()
2023-07-04 10:18:41,223:INFO:create_model(self=<pycaret.regression.oop.RegressionExperiment object at 0x7f854a8330d0>, estimator=TheilSenRegressor(max_iter=1000, n_jobs=-1, random_state=2584), fold=KFold(n_splits=5, random_state=None, shuffle=False), round=4, cross_validation=False, predict=False, fit_kwargs={}, groups=None, refit=True, probability_threshold=None, experiment_custom_tags=None, verbose=False, system=False, add_to_model_list=True, metrics=None, display=None, model_only=True, return_train_score=False, kwargs={})
2023-07-04 10:18:41,224:INFO:Checking exceptions
2023-07-04 10:18:41,227:INFO:Importing libraries
2023-07-04 10:18:41,227:INFO:Copying training dataset
2023-07-04 10:18:41,231:INFO:Defining folds
2023-07-04 10:18:41,231:INFO:Declaring metric variables
2023-07-04 10:18:41,232:INFO:Importing untrained model
2023-07-04 10:18:41,232:INFO:Declaring custom model
2023-07-04 10:18:41,232:INFO:TheilSen Regressor Imported successfully
2023-07-04 10:18:41,445:INFO:Cross validation set to False
2023-07-04 10:18:41,445:INFO:Fitting Model
2023-07-04 10:18:42,799:INFO:TheilSenRegressor(max_iter=1000, n_jobs=-1, random_state=2584)
2023-07-04 10:18:42,799:INFO:create_model() successfully completed......................................
2023-07-04 10:18:43,028:INFO:_master_model_container: 82
2023-07-04 10:18:43,028:INFO:_display_container: 18
2023-07-04 10:18:43,030:INFO:[BayesianRidge(), Ridge(random_state=2584), LinearRegression(n_jobs=-1), HuberRegressor(), TheilSenRegressor(max_iter=1000, n_jobs=-1, random_state=2584)]
2023-07-04 10:18:43,030:INFO:compare_models() successfully completed......................................
2023-07-04 10:18:43,040:INFO:Initializing blend_models()
2023-07-04 10:18:43,041:INFO:blend_models(self=<pycaret.regression.oop.RegressionExperiment object at 0x7f854a8330d0>, estimator_list=[BayesianRidge(), Ridge(random_state=2584), LinearRegression(n_jobs=-1), HuberRegressor(), TheilSenRegressor(max_iter=1000, n_jobs=-1, random_state=2584)], fold=None, round=4, choose_better=False, optimize=R2, method=auto, weights=None, fit_kwargs=None, groups=None, probability_threshold=None, verbose=True, return_train_score=False)
2023-07-04 10:18:43,041:INFO:Checking exceptions
2023-07-04 10:18:43,078:INFO:Importing libraries
2023-07-04 10:18:43,078:INFO:Copying training dataset
2023-07-04 10:18:43,086:INFO:Getting model names
2023-07-04 10:18:43,096:INFO:SubProcess create_model() called ==================================
2023-07-04 10:18:43,101:INFO:Initializing create_model()
2023-07-04 10:18:43,101:INFO:create_model(self=<pycaret.regression.oop.RegressionExperiment object at 0x7f854a8330d0>, estimator=VotingRegressor(estimators=[('Bayesian Ridge', BayesianRidge()),
                            ('Ridge Regression', Ridge(random_state=2584)),
                            ('Linear Regression', LinearRegression(n_jobs=-1)),
                            ('Huber Regressor', HuberRegressor()),
                            ('TheilSen Regressor',
                             TheilSenRegressor(max_iter=1000, n_jobs=-1,
                                               random_state=2584))],
                n_jobs=-1), fold=KFold(n_splits=10, random_state=None, shuffle=False), round=4, cross_validation=True, predict=True, fit_kwargs={}, groups=None, refit=True, probability_threshold=None, experiment_custom_tags=None, verbose=True, system=False, add_to_model_list=True, metrics=None, display=<pycaret.internal.display.display.CommonDisplay object at 0x7f854a56b790>, model_only=True, return_train_score=False, kwargs={})
2023-07-04 10:18:43,101:INFO:Checking exceptions
2023-07-04 10:18:43,101:INFO:Importing libraries
2023-07-04 10:18:43,102:INFO:Copying training dataset
2023-07-04 10:18:43,112:INFO:Defining folds
2023-07-04 10:18:43,112:INFO:Declaring metric variables
2023-07-04 10:18:43,120:INFO:Importing untrained model
2023-07-04 10:18:43,121:INFO:Declaring custom model
2023-07-04 10:18:43,135:INFO:Voting Regressor Imported successfully
2023-07-04 10:18:43,148:INFO:Starting cross validation
2023-07-04 10:18:43,515:INFO:Cross validating with KFold(n_splits=10, random_state=None, shuffle=False), n_jobs=-1
2023-07-04 10:18:44,423:WARNING:/home/thom/venvs/fairlearn/lib/python3.9/site-packages/sklearn/linear_model/_huber.py:335: ConvergenceWarning: lbfgs failed to converge (status=1):
STOP: TOTAL NO. of ITERATIONS REACHED LIMIT.

Increase the number of iterations (max_iter) or scale the data as shown in:
    https://scikit-learn.org/stable/modules/preprocessing.html
  self.n_iter_ = _check_optimize_result("lbfgs", opt_res, self.max_iter)

2023-07-04 10:18:44,471:WARNING:/home/thom/venvs/fairlearn/lib/python3.9/site-packages/sklearn/linear_model/_huber.py:335: ConvergenceWarning: lbfgs failed to converge (status=1):
STOP: TOTAL NO. of ITERATIONS REACHED LIMIT.

Increase the number of iterations (max_iter) or scale the data as shown in:
    https://scikit-learn.org/stable/modules/preprocessing.html
  self.n_iter_ = _check_optimize_result("lbfgs", opt_res, self.max_iter)

2023-07-04 10:18:44,535:WARNING:/home/thom/venvs/fairlearn/lib/python3.9/site-packages/sklearn/linear_model/_huber.py:335: ConvergenceWarning: lbfgs failed to converge (status=1):
STOP: TOTAL NO. of ITERATIONS REACHED LIMIT.

Increase the number of iterations (max_iter) or scale the data as shown in:
    https://scikit-learn.org/stable/modules/preprocessing.html
  self.n_iter_ = _check_optimize_result("lbfgs", opt_res, self.max_iter)

2023-07-04 10:18:47,908:WARNING:/home/thom/venvs/fairlearn/lib/python3.9/site-packages/pycaret/internal/pipeline.py:310: UserWarning: Persisting input arguments took 0.62s to run.
If this happens often in your code, it can cause performance problems 
(results will be correct in all cases). 
The reason for this is probably some large input arguments for a wrapped
 function (e.g. large strings).
THIS IS A JOBLIB ISSUE. If you can, kindly provide the joblib's team with an
 example so that they can fix the problem.
  X, _ = self._memory_full_transform(self, X, None, with_final=False)

2023-07-04 10:18:47,923:WARNING:/home/thom/venvs/fairlearn/lib/python3.9/site-packages/pycaret/internal/pipeline.py:310: UserWarning: Persisting input arguments took 0.62s to run.
If this happens often in your code, it can cause performance problems 
(results will be correct in all cases). 
The reason for this is probably some large input arguments for a wrapped
 function (e.g. large strings).
THIS IS A JOBLIB ISSUE. If you can, kindly provide the joblib's team with an
 example so that they can fix the problem.
  X, _ = self._memory_full_transform(self, X, None, with_final=False)

2023-07-04 10:18:48,051:WARNING:/home/thom/venvs/fairlearn/lib/python3.9/site-packages/pycaret/internal/pipeline.py:310: UserWarning: Persisting input arguments took 0.68s to run.
If this happens often in your code, it can cause performance problems 
(results will be correct in all cases). 
The reason for this is probably some large input arguments for a wrapped
 function (e.g. large strings).
THIS IS A JOBLIB ISSUE. If you can, kindly provide the joblib's team with an
 example so that they can fix the problem.
  X, _ = self._memory_full_transform(self, X, None, with_final=False)

2023-07-04 10:18:48,258:WARNING:/home/thom/venvs/fairlearn/lib/python3.9/site-packages/pycaret/internal/pipeline.py:310: UserWarning: Persisting input arguments took 0.73s to run.
If this happens often in your code, it can cause performance problems 
(results will be correct in all cases). 
The reason for this is probably some large input arguments for a wrapped
 function (e.g. large strings).
THIS IS A JOBLIB ISSUE. If you can, kindly provide the joblib's team with an
 example so that they can fix the problem.
  X, _ = self._memory_full_transform(self, X, None, with_final=False)

2023-07-04 10:18:48,987:WARNING:/home/thom/venvs/fairlearn/lib/python3.9/site-packages/sklearn/linear_model/_huber.py:335: ConvergenceWarning: lbfgs failed to converge (status=1):
STOP: TOTAL NO. of ITERATIONS REACHED LIMIT.

Increase the number of iterations (max_iter) or scale the data as shown in:
    https://scikit-learn.org/stable/modules/preprocessing.html
  self.n_iter_ = _check_optimize_result("lbfgs", opt_res, self.max_iter)

2023-07-04 10:18:49,035:WARNING:/home/thom/venvs/fairlearn/lib/python3.9/site-packages/sklearn/linear_model/_huber.py:335: ConvergenceWarning: lbfgs failed to converge (status=1):
STOP: TOTAL NO. of ITERATIONS REACHED LIMIT.

Increase the number of iterations (max_iter) or scale the data as shown in:
    https://scikit-learn.org/stable/modules/preprocessing.html
  self.n_iter_ = _check_optimize_result("lbfgs", opt_res, self.max_iter)

2023-07-04 10:18:49,195:WARNING:/home/thom/venvs/fairlearn/lib/python3.9/site-packages/sklearn/linear_model/_huber.py:335: ConvergenceWarning: lbfgs failed to converge (status=1):
STOP: TOTAL NO. of ITERATIONS REACHED LIMIT.

Increase the number of iterations (max_iter) or scale the data as shown in:
    https://scikit-learn.org/stable/modules/preprocessing.html
  self.n_iter_ = _check_optimize_result("lbfgs", opt_res, self.max_iter)

2023-07-04 10:18:49,319:WARNING:/home/thom/venvs/fairlearn/lib/python3.9/site-packages/sklearn/linear_model/_huber.py:335: ConvergenceWarning: lbfgs failed to converge (status=1):
STOP: TOTAL NO. of ITERATIONS REACHED LIMIT.

Increase the number of iterations (max_iter) or scale the data as shown in:
    https://scikit-learn.org/stable/modules/preprocessing.html
  self.n_iter_ = _check_optimize_result("lbfgs", opt_res, self.max_iter)

2023-07-04 10:18:52,688:WARNING:/home/thom/venvs/fairlearn/lib/python3.9/site-packages/pycaret/internal/pipeline.py:310: UserWarning: Persisting input arguments took 0.67s to run.
If this happens often in your code, it can cause performance problems 
(results will be correct in all cases). 
The reason for this is probably some large input arguments for a wrapped
 function (e.g. large strings).
THIS IS A JOBLIB ISSUE. If you can, kindly provide the joblib's team with an
 example so that they can fix the problem.
  X, _ = self._memory_full_transform(self, X, None, with_final=False)

2023-07-04 10:18:52,918:WARNING:/home/thom/venvs/fairlearn/lib/python3.9/site-packages/pycaret/internal/pipeline.py:310: UserWarning: Persisting input arguments took 0.77s to run.
If this happens often in your code, it can cause performance problems 
(results will be correct in all cases). 
The reason for this is probably some large input arguments for a wrapped
 function (e.g. large strings).
THIS IS A JOBLIB ISSUE. If you can, kindly provide the joblib's team with an
 example so that they can fix the problem.
  X, _ = self._memory_full_transform(self, X, None, with_final=False)

2023-07-04 10:18:53,005:WARNING:/home/thom/venvs/fairlearn/lib/python3.9/site-packages/pycaret/internal/pipeline.py:310: UserWarning: Persisting input arguments took 0.84s to run.
If this happens often in your code, it can cause performance problems 
(results will be correct in all cases). 
The reason for this is probably some large input arguments for a wrapped
 function (e.g. large strings).
THIS IS A JOBLIB ISSUE. If you can, kindly provide the joblib's team with an
 example so that they can fix the problem.
  X, _ = self._memory_full_transform(self, X, None, with_final=False)

2023-07-04 10:18:53,050:WARNING:/home/thom/venvs/fairlearn/lib/python3.9/site-packages/pycaret/internal/pipeline.py:310: UserWarning: Persisting input arguments took 0.73s to run.
If this happens often in your code, it can cause performance problems 
(results will be correct in all cases). 
The reason for this is probably some large input arguments for a wrapped
 function (e.g. large strings).
THIS IS A JOBLIB ISSUE. If you can, kindly provide the joblib's team with an
 example so that they can fix the problem.
  X, _ = self._memory_full_transform(self, X, None, with_final=False)

2023-07-04 10:18:53,859:WARNING:/home/thom/venvs/fairlearn/lib/python3.9/site-packages/sklearn/linear_model/_huber.py:335: ConvergenceWarning: lbfgs failed to converge (status=1):
STOP: TOTAL NO. of ITERATIONS REACHED LIMIT.

Increase the number of iterations (max_iter) or scale the data as shown in:
    https://scikit-learn.org/stable/modules/preprocessing.html
  self.n_iter_ = _check_optimize_result("lbfgs", opt_res, self.max_iter)

2023-07-04 10:18:55,923:INFO:Calculating mean and std
2023-07-04 10:18:55,925:INFO:Creating metrics dataframe
2023-07-04 10:18:55,937:INFO:Finalizing model
2023-07-04 10:18:56,394:WARNING:/home/thom/venvs/fairlearn/lib/python3.9/site-packages/sklearn/linear_model/_huber.py:335: ConvergenceWarning: lbfgs failed to converge (status=1):
STOP: TOTAL NO. of ITERATIONS REACHED LIMIT.

Increase the number of iterations (max_iter) or scale the data as shown in:
    https://scikit-learn.org/stable/modules/preprocessing.html
  self.n_iter_ = _check_optimize_result("lbfgs", opt_res, self.max_iter)

2023-07-04 10:18:58,116:INFO:Uploading results into container
2023-07-04 10:18:58,117:INFO:Uploading model into container now
2023-07-04 10:18:58,119:INFO:_master_model_container: 83
2023-07-04 10:18:58,119:INFO:_display_container: 19
2023-07-04 10:18:58,128:INFO:VotingRegressor(estimators=[('Bayesian Ridge', BayesianRidge()),
                            ('Ridge Regression', Ridge(random_state=2584)),
                            ('Linear Regression', LinearRegression(n_jobs=-1)),
                            ('Huber Regressor', HuberRegressor()),
                            ('TheilSen Regressor',
                             TheilSenRegressor(max_iter=1000, n_jobs=-1,
                                               random_state=2584))],
                n_jobs=-1)
2023-07-04 10:18:58,128:INFO:create_model() successfully completed......................................
2023-07-04 10:18:58,319:INFO:SubProcess create_model() end ==================================
2023-07-04 10:18:58,343:INFO:_master_model_container: 83
2023-07-04 10:18:58,343:INFO:_display_container: 19
2023-07-04 10:18:58,348:INFO:VotingRegressor(estimators=[('Bayesian Ridge', BayesianRidge()),
                            ('Ridge Regression', Ridge(random_state=2584)),
                            ('Linear Regression', LinearRegression(n_jobs=-1)),
                            ('Huber Regressor', HuberRegressor()),
                            ('TheilSen Regressor',
                             TheilSenRegressor(max_iter=1000, n_jobs=-1,
                                               random_state=2584))],
                n_jobs=-1)
2023-07-04 10:18:58,348:INFO:blend_models() successfully completed......................................
2023-07-04 10:18:58,555:INFO:Initializing stack_models()
2023-07-04 10:18:58,555:INFO:stack_models(self=<pycaret.regression.oop.RegressionExperiment object at 0x7f854a8330d0>, estimator_list=[BayesianRidge(), Ridge(random_state=2584), LinearRegression(n_jobs=-1), HuberRegressor(), TheilSenRegressor(max_iter=1000, n_jobs=-1, random_state=2584)], meta_model=None, meta_model_fold=5, fold=None, round=4, method=auto, restack=True, choose_better=False, optimize=R2, fit_kwargs=None, groups=None, probability_threshold=None, verbose=True, return_train_score=False)
2023-07-04 10:18:58,555:INFO:Checking exceptions
2023-07-04 10:18:58,557:INFO:Defining meta model
2023-07-04 10:18:58,597:INFO:Getting model names
2023-07-04 10:18:58,598:INFO:[('Bayesian Ridge', BayesianRidge()), ('Ridge Regression', Ridge(random_state=2584)), ('Linear Regression', LinearRegression(n_jobs=-1)), ('Huber Regressor', HuberRegressor()), ('TheilSen Regressor', TheilSenRegressor(max_iter=1000, n_jobs=-1, random_state=2584))]
2023-07-04 10:18:58,606:INFO:SubProcess create_model() called ==================================
2023-07-04 10:18:58,612:INFO:Initializing create_model()
2023-07-04 10:18:58,612:INFO:create_model(self=<pycaret.regression.oop.RegressionExperiment object at 0x7f854a8330d0>, estimator=StackingRegressor(cv=5,
                  estimators=[('Bayesian Ridge', BayesianRidge()),
                              ('Ridge Regression', Ridge(random_state=2584)),
                              ('Linear Regression',
                               LinearRegression(n_jobs=-1)),
                              ('Huber Regressor', HuberRegressor()),
                              ('TheilSen Regressor',
                               TheilSenRegressor(max_iter=1000, n_jobs=-1,
                                                 random_state=2584))],
                  final_estimator=LinearRegression(n_jobs=-1), n_jobs=-1,
                  passthrough=True), fold=KFold(n_splits=10, random_state=None, shuffle=False), round=4, cross_validation=True, predict=True, fit_kwargs={}, groups=None, refit=True, probability_threshold=None, experiment_custom_tags=None, verbose=True, system=False, add_to_model_list=True, metrics=None, display=<pycaret.internal.display.display.CommonDisplay object at 0x7f854a9cb220>, model_only=True, return_train_score=False, kwargs={})
2023-07-04 10:18:58,612:INFO:Checking exceptions
2023-07-04 10:18:58,612:INFO:Importing libraries
2023-07-04 10:18:58,612:INFO:Copying training dataset
2023-07-04 10:18:58,618:INFO:Defining folds
2023-07-04 10:18:58,618:INFO:Declaring metric variables
2023-07-04 10:18:58,623:INFO:Importing untrained model
2023-07-04 10:18:58,624:INFO:Declaring custom model
2023-07-04 10:18:58,634:INFO:Stacking Regressor Imported successfully
2023-07-04 10:18:58,646:INFO:Starting cross validation
2023-07-04 10:18:58,903:INFO:Cross validating with KFold(n_splits=10, random_state=None, shuffle=False), n_jobs=-1
2023-07-04 10:18:59,849:WARNING:/home/thom/venvs/fairlearn/lib/python3.9/site-packages/sklearn/linear_model/_huber.py:335: ConvergenceWarning: lbfgs failed to converge (status=1):
STOP: TOTAL NO. of ITERATIONS REACHED LIMIT.

Increase the number of iterations (max_iter) or scale the data as shown in:
    https://scikit-learn.org/stable/modules/preprocessing.html
  self.n_iter_ = _check_optimize_result("lbfgs", opt_res, self.max_iter)

2023-07-04 10:18:59,879:WARNING:/home/thom/venvs/fairlearn/lib/python3.9/site-packages/sklearn/linear_model/_huber.py:335: ConvergenceWarning: lbfgs failed to converge (status=1):
STOP: TOTAL NO. of ITERATIONS REACHED LIMIT.

Increase the number of iterations (max_iter) or scale the data as shown in:
    https://scikit-learn.org/stable/modules/preprocessing.html
  self.n_iter_ = _check_optimize_result("lbfgs", opt_res, self.max_iter)

2023-07-04 10:18:59,929:WARNING:/home/thom/venvs/fairlearn/lib/python3.9/site-packages/sklearn/linear_model/_huber.py:335: ConvergenceWarning: lbfgs failed to converge (status=1):
STOP: TOTAL NO. of ITERATIONS REACHED LIMIT.

Increase the number of iterations (max_iter) or scale the data as shown in:
    https://scikit-learn.org/stable/modules/preprocessing.html
  self.n_iter_ = _check_optimize_result("lbfgs", opt_res, self.max_iter)

2023-07-04 10:19:02,063:WARNING:/home/thom/venvs/fairlearn/lib/python3.9/site-packages/sklearn/linear_model/_huber.py:335: ConvergenceWarning: lbfgs failed to converge (status=1):
STOP: TOTAL NO. of ITERATIONS REACHED LIMIT.

Increase the number of iterations (max_iter) or scale the data as shown in:
    https://scikit-learn.org/stable/modules/preprocessing.html
  self.n_iter_ = _check_optimize_result("lbfgs", opt_res, self.max_iter)

2023-07-04 10:19:02,088:WARNING:/home/thom/venvs/fairlearn/lib/python3.9/site-packages/sklearn/linear_model/_huber.py:335: ConvergenceWarning: lbfgs failed to converge (status=1):
STOP: TOTAL NO. of ITERATIONS REACHED LIMIT.

Increase the number of iterations (max_iter) or scale the data as shown in:
    https://scikit-learn.org/stable/modules/preprocessing.html
  self.n_iter_ = _check_optimize_result("lbfgs", opt_res, self.max_iter)

2023-07-04 10:19:02,122:WARNING:/home/thom/venvs/fairlearn/lib/python3.9/site-packages/sklearn/linear_model/_huber.py:335: ConvergenceWarning: lbfgs failed to converge (status=1):
STOP: TOTAL NO. of ITERATIONS REACHED LIMIT.

Increase the number of iterations (max_iter) or scale the data as shown in:
    https://scikit-learn.org/stable/modules/preprocessing.html
  self.n_iter_ = _check_optimize_result("lbfgs", opt_res, self.max_iter)

2023-07-04 10:19:02,283:WARNING:/home/thom/venvs/fairlearn/lib/python3.9/site-packages/sklearn/linear_model/_huber.py:335: ConvergenceWarning: lbfgs failed to converge (status=1):
STOP: TOTAL NO. of ITERATIONS REACHED LIMIT.

Increase the number of iterations (max_iter) or scale the data as shown in:
    https://scikit-learn.org/stable/modules/preprocessing.html
  self.n_iter_ = _check_optimize_result("lbfgs", opt_res, self.max_iter)

2023-07-04 10:19:02,323:WARNING:/home/thom/venvs/fairlearn/lib/python3.9/site-packages/sklearn/linear_model/_huber.py:335: ConvergenceWarning: lbfgs failed to converge (status=1):
STOP: TOTAL NO. of ITERATIONS REACHED LIMIT.

Increase the number of iterations (max_iter) or scale the data as shown in:
    https://scikit-learn.org/stable/modules/preprocessing.html
  self.n_iter_ = _check_optimize_result("lbfgs", opt_res, self.max_iter)

2023-07-04 10:19:02,335:WARNING:/home/thom/venvs/fairlearn/lib/python3.9/site-packages/sklearn/linear_model/_huber.py:335: ConvergenceWarning: lbfgs failed to converge (status=1):
STOP: TOTAL NO. of ITERATIONS REACHED LIMIT.

Increase the number of iterations (max_iter) or scale the data as shown in:
    https://scikit-learn.org/stable/modules/preprocessing.html
  self.n_iter_ = _check_optimize_result("lbfgs", opt_res, self.max_iter)

2023-07-04 10:19:02,361:WARNING:/home/thom/venvs/fairlearn/lib/python3.9/site-packages/sklearn/linear_model/_huber.py:335: ConvergenceWarning: lbfgs failed to converge (status=1):
STOP: TOTAL NO. of ITERATIONS REACHED LIMIT.

Increase the number of iterations (max_iter) or scale the data as shown in:
    https://scikit-learn.org/stable/modules/preprocessing.html
  self.n_iter_ = _check_optimize_result("lbfgs", opt_res, self.max_iter)

2023-07-04 10:19:02,479:WARNING:/home/thom/venvs/fairlearn/lib/python3.9/site-packages/sklearn/linear_model/_huber.py:335: ConvergenceWarning: lbfgs failed to converge (status=1):
STOP: TOTAL NO. of ITERATIONS REACHED LIMIT.

Increase the number of iterations (max_iter) or scale the data as shown in:
    https://scikit-learn.org/stable/modules/preprocessing.html
  self.n_iter_ = _check_optimize_result("lbfgs", opt_res, self.max_iter)

2023-07-04 10:19:02,535:WARNING:/home/thom/venvs/fairlearn/lib/python3.9/site-packages/sklearn/linear_model/_huber.py:335: ConvergenceWarning: lbfgs failed to converge (status=1):
STOP: TOTAL NO. of ITERATIONS REACHED LIMIT.

Increase the number of iterations (max_iter) or scale the data as shown in:
    https://scikit-learn.org/stable/modules/preprocessing.html
  self.n_iter_ = _check_optimize_result("lbfgs", opt_res, self.max_iter)

2023-07-04 10:19:02,537:WARNING:/home/thom/venvs/fairlearn/lib/python3.9/site-packages/sklearn/linear_model/_huber.py:335: ConvergenceWarning: lbfgs failed to converge (status=1):
STOP: TOTAL NO. of ITERATIONS REACHED LIMIT.

Increase the number of iterations (max_iter) or scale the data as shown in:
    https://scikit-learn.org/stable/modules/preprocessing.html
  self.n_iter_ = _check_optimize_result("lbfgs", opt_res, self.max_iter)

2023-07-04 10:19:02,546:WARNING:/home/thom/venvs/fairlearn/lib/python3.9/site-packages/sklearn/linear_model/_huber.py:335: ConvergenceWarning: lbfgs failed to converge (status=1):
STOP: TOTAL NO. of ITERATIONS REACHED LIMIT.

Increase the number of iterations (max_iter) or scale the data as shown in:
    https://scikit-learn.org/stable/modules/preprocessing.html
  self.n_iter_ = _check_optimize_result("lbfgs", opt_res, self.max_iter)

2023-07-04 10:19:02,691:WARNING:/home/thom/venvs/fairlearn/lib/python3.9/site-packages/sklearn/linear_model/_huber.py:335: ConvergenceWarning: lbfgs failed to converge (status=1):
STOP: TOTAL NO. of ITERATIONS REACHED LIMIT.

Increase the number of iterations (max_iter) or scale the data as shown in:
    https://scikit-learn.org/stable/modules/preprocessing.html
  self.n_iter_ = _check_optimize_result("lbfgs", opt_res, self.max_iter)

2023-07-04 10:19:02,765:WARNING:/home/thom/venvs/fairlearn/lib/python3.9/site-packages/sklearn/linear_model/_huber.py:335: ConvergenceWarning: lbfgs failed to converge (status=1):
STOP: TOTAL NO. of ITERATIONS REACHED LIMIT.

Increase the number of iterations (max_iter) or scale the data as shown in:
    https://scikit-learn.org/stable/modules/preprocessing.html
  self.n_iter_ = _check_optimize_result("lbfgs", opt_res, self.max_iter)

2023-07-04 10:19:02,767:WARNING:/home/thom/venvs/fairlearn/lib/python3.9/site-packages/sklearn/linear_model/_huber.py:335: ConvergenceWarning: lbfgs failed to converge (status=1):
STOP: TOTAL NO. of ITERATIONS REACHED LIMIT.

Increase the number of iterations (max_iter) or scale the data as shown in:
    https://scikit-learn.org/stable/modules/preprocessing.html
  self.n_iter_ = _check_optimize_result("lbfgs", opt_res, self.max_iter)

2023-07-04 10:19:02,799:WARNING:/home/thom/venvs/fairlearn/lib/python3.9/site-packages/sklearn/linear_model/_huber.py:335: ConvergenceWarning: lbfgs failed to converge (status=1):
STOP: TOTAL NO. of ITERATIONS REACHED LIMIT.

Increase the number of iterations (max_iter) or scale the data as shown in:
    https://scikit-learn.org/stable/modules/preprocessing.html
  self.n_iter_ = _check_optimize_result("lbfgs", opt_res, self.max_iter)

2023-07-04 10:19:02,865:WARNING:/home/thom/venvs/fairlearn/lib/python3.9/site-packages/sklearn/linear_model/_huber.py:335: ConvergenceWarning: lbfgs failed to converge (status=1):
STOP: TOTAL NO. of ITERATIONS REACHED LIMIT.

Increase the number of iterations (max_iter) or scale the data as shown in:
    https://scikit-learn.org/stable/modules/preprocessing.html
  self.n_iter_ = _check_optimize_result("lbfgs", opt_res, self.max_iter)

2023-07-04 10:19:02,960:WARNING:/home/thom/venvs/fairlearn/lib/python3.9/site-packages/sklearn/linear_model/_huber.py:335: ConvergenceWarning: lbfgs failed to converge (status=1):
STOP: TOTAL NO. of ITERATIONS REACHED LIMIT.

Increase the number of iterations (max_iter) or scale the data as shown in:
    https://scikit-learn.org/stable/modules/preprocessing.html
  self.n_iter_ = _check_optimize_result("lbfgs", opt_res, self.max_iter)

2023-07-04 10:19:03,014:WARNING:/home/thom/venvs/fairlearn/lib/python3.9/site-packages/sklearn/linear_model/_huber.py:335: ConvergenceWarning: lbfgs failed to converge (status=1):
STOP: TOTAL NO. of ITERATIONS REACHED LIMIT.

Increase the number of iterations (max_iter) or scale the data as shown in:
    https://scikit-learn.org/stable/modules/preprocessing.html
  self.n_iter_ = _check_optimize_result("lbfgs", opt_res, self.max_iter)

2023-07-04 10:19:03,020:WARNING:/home/thom/venvs/fairlearn/lib/python3.9/site-packages/sklearn/linear_model/_huber.py:335: ConvergenceWarning: lbfgs failed to converge (status=1):
STOP: TOTAL NO. of ITERATIONS REACHED LIMIT.

Increase the number of iterations (max_iter) or scale the data as shown in:
    https://scikit-learn.org/stable/modules/preprocessing.html
  self.n_iter_ = _check_optimize_result("lbfgs", opt_res, self.max_iter)

2023-07-04 10:19:03,291:WARNING:/home/thom/venvs/fairlearn/lib/python3.9/site-packages/sklearn/linear_model/_huber.py:335: ConvergenceWarning: lbfgs failed to converge (status=1):
STOP: TOTAL NO. of ITERATIONS REACHED LIMIT.

Increase the number of iterations (max_iter) or scale the data as shown in:
    https://scikit-learn.org/stable/modules/preprocessing.html
  self.n_iter_ = _check_optimize_result("lbfgs", opt_res, self.max_iter)

2023-07-04 10:19:13,987:WARNING:/home/thom/venvs/fairlearn/lib/python3.9/site-packages/pycaret/internal/pipeline.py:310: UserWarning: Persisting input arguments took 0.66s to run.
If this happens often in your code, it can cause performance problems 
(results will be correct in all cases). 
The reason for this is probably some large input arguments for a wrapped
 function (e.g. large strings).
THIS IS A JOBLIB ISSUE. If you can, kindly provide the joblib's team with an
 example so that they can fix the problem.
  X, _ = self._memory_full_transform(self, X, None, with_final=False)

2023-07-04 10:19:14,330:WARNING:/home/thom/venvs/fairlearn/lib/python3.9/site-packages/pycaret/internal/pipeline.py:310: UserWarning: Persisting input arguments took 0.80s to run.
If this happens often in your code, it can cause performance problems 
(results will be correct in all cases). 
The reason for this is probably some large input arguments for a wrapped
 function (e.g. large strings).
THIS IS A JOBLIB ISSUE. If you can, kindly provide the joblib's team with an
 example so that they can fix the problem.
  X, _ = self._memory_full_transform(self, X, None, with_final=False)

2023-07-04 10:19:14,671:WARNING:/home/thom/venvs/fairlearn/lib/python3.9/site-packages/pycaret/internal/pipeline.py:310: UserWarning: Persisting input arguments took 0.72s to run.
If this happens often in your code, it can cause performance problems 
(results will be correct in all cases). 
The reason for this is probably some large input arguments for a wrapped
 function (e.g. large strings).
THIS IS A JOBLIB ISSUE. If you can, kindly provide the joblib's team with an
 example so that they can fix the problem.
  X, _ = self._memory_full_transform(self, X, None, with_final=False)

2023-07-04 10:19:14,690:WARNING:/home/thom/venvs/fairlearn/lib/python3.9/site-packages/pycaret/internal/pipeline.py:310: UserWarning: Persisting input arguments took 0.71s to run.
If this happens often in your code, it can cause performance problems 
(results will be correct in all cases). 
The reason for this is probably some large input arguments for a wrapped
 function (e.g. large strings).
THIS IS A JOBLIB ISSUE. If you can, kindly provide the joblib's team with an
 example so that they can fix the problem.
  X, _ = self._memory_full_transform(self, X, None, with_final=False)

2023-07-04 10:19:14,867:WARNING:A worker stopped while some jobs were given to the executor. This can be caused by a too short worker timeout or by a memory leak.

2023-07-04 10:19:15,216:WARNING:/home/thom/venvs/fairlearn/lib/python3.9/site-packages/sklearn/linear_model/_huber.py:335: ConvergenceWarning: lbfgs failed to converge (status=1):
STOP: TOTAL NO. of ITERATIONS REACHED LIMIT.

Increase the number of iterations (max_iter) or scale the data as shown in:
    https://scikit-learn.org/stable/modules/preprocessing.html
  self.n_iter_ = _check_optimize_result("lbfgs", opt_res, self.max_iter)

2023-07-04 10:19:15,945:WARNING:/home/thom/venvs/fairlearn/lib/python3.9/site-packages/sklearn/linear_model/_huber.py:335: ConvergenceWarning: lbfgs failed to converge (status=1):
STOP: TOTAL NO. of ITERATIONS REACHED LIMIT.

Increase the number of iterations (max_iter) or scale the data as shown in:
    https://scikit-learn.org/stable/modules/preprocessing.html
  self.n_iter_ = _check_optimize_result("lbfgs", opt_res, self.max_iter)

2023-07-04 10:19:17,443:WARNING:/home/thom/venvs/fairlearn/lib/python3.9/site-packages/sklearn/linear_model/_huber.py:335: ConvergenceWarning: lbfgs failed to converge (status=1):
STOP: TOTAL NO. of ITERATIONS REACHED LIMIT.

Increase the number of iterations (max_iter) or scale the data as shown in:
    https://scikit-learn.org/stable/modules/preprocessing.html
  self.n_iter_ = _check_optimize_result("lbfgs", opt_res, self.max_iter)

2023-07-04 10:19:17,703:WARNING:/home/thom/venvs/fairlearn/lib/python3.9/site-packages/sklearn/linear_model/_huber.py:335: ConvergenceWarning: lbfgs failed to converge (status=1):
STOP: TOTAL NO. of ITERATIONS REACHED LIMIT.

Increase the number of iterations (max_iter) or scale the data as shown in:
    https://scikit-learn.org/stable/modules/preprocessing.html
  self.n_iter_ = _check_optimize_result("lbfgs", opt_res, self.max_iter)

2023-07-04 10:19:17,874:WARNING:/home/thom/venvs/fairlearn/lib/python3.9/site-packages/sklearn/linear_model/_huber.py:335: ConvergenceWarning: lbfgs failed to converge (status=1):
STOP: TOTAL NO. of ITERATIONS REACHED LIMIT.

Increase the number of iterations (max_iter) or scale the data as shown in:
    https://scikit-learn.org/stable/modules/preprocessing.html
  self.n_iter_ = _check_optimize_result("lbfgs", opt_res, self.max_iter)

2023-07-04 10:19:18,051:WARNING:/home/thom/venvs/fairlearn/lib/python3.9/site-packages/sklearn/linear_model/_huber.py:335: ConvergenceWarning: lbfgs failed to converge (status=1):
STOP: TOTAL NO. of ITERATIONS REACHED LIMIT.

Increase the number of iterations (max_iter) or scale the data as shown in:
    https://scikit-learn.org/stable/modules/preprocessing.html
  self.n_iter_ = _check_optimize_result("lbfgs", opt_res, self.max_iter)

2023-07-04 10:19:18,112:WARNING:/home/thom/venvs/fairlearn/lib/python3.9/site-packages/sklearn/linear_model/_huber.py:335: ConvergenceWarning: lbfgs failed to converge (status=1):
STOP: TOTAL NO. of ITERATIONS REACHED LIMIT.

Increase the number of iterations (max_iter) or scale the data as shown in:
    https://scikit-learn.org/stable/modules/preprocessing.html
  self.n_iter_ = _check_optimize_result("lbfgs", opt_res, self.max_iter)

2023-07-04 10:19:18,219:WARNING:/home/thom/venvs/fairlearn/lib/python3.9/site-packages/sklearn/linear_model/_huber.py:335: ConvergenceWarning: lbfgs failed to converge (status=1):
STOP: TOTAL NO. of ITERATIONS REACHED LIMIT.

Increase the number of iterations (max_iter) or scale the data as shown in:
    https://scikit-learn.org/stable/modules/preprocessing.html
  self.n_iter_ = _check_optimize_result("lbfgs", opt_res, self.max_iter)

2023-07-04 10:19:18,318:WARNING:/home/thom/venvs/fairlearn/lib/python3.9/site-packages/sklearn/linear_model/_huber.py:335: ConvergenceWarning: lbfgs failed to converge (status=1):
STOP: TOTAL NO. of ITERATIONS REACHED LIMIT.

Increase the number of iterations (max_iter) or scale the data as shown in:
    https://scikit-learn.org/stable/modules/preprocessing.html
  self.n_iter_ = _check_optimize_result("lbfgs", opt_res, self.max_iter)

2023-07-04 10:19:18,680:WARNING:/home/thom/venvs/fairlearn/lib/python3.9/site-packages/sklearn/linear_model/_huber.py:335: ConvergenceWarning: lbfgs failed to converge (status=1):
STOP: TOTAL NO. of ITERATIONS REACHED LIMIT.

Increase the number of iterations (max_iter) or scale the data as shown in:
    https://scikit-learn.org/stable/modules/preprocessing.html
  self.n_iter_ = _check_optimize_result("lbfgs", opt_res, self.max_iter)

2023-07-04 10:19:18,926:WARNING:/home/thom/venvs/fairlearn/lib/python3.9/site-packages/sklearn/linear_model/_huber.py:335: ConvergenceWarning: lbfgs failed to converge (status=1):
STOP: TOTAL NO. of ITERATIONS REACHED LIMIT.

Increase the number of iterations (max_iter) or scale the data as shown in:
    https://scikit-learn.org/stable/modules/preprocessing.html
  self.n_iter_ = _check_optimize_result("lbfgs", opt_res, self.max_iter)

2023-07-04 10:19:18,927:WARNING:/home/thom/venvs/fairlearn/lib/python3.9/site-packages/sklearn/linear_model/_huber.py:335: ConvergenceWarning: lbfgs failed to converge (status=1):
STOP: TOTAL NO. of ITERATIONS REACHED LIMIT.

Increase the number of iterations (max_iter) or scale the data as shown in:
    https://scikit-learn.org/stable/modules/preprocessing.html
  self.n_iter_ = _check_optimize_result("lbfgs", opt_res, self.max_iter)

2023-07-04 10:19:19,127:WARNING:/home/thom/venvs/fairlearn/lib/python3.9/site-packages/sklearn/linear_model/_huber.py:335: ConvergenceWarning: lbfgs failed to converge (status=1):
STOP: TOTAL NO. of ITERATIONS REACHED LIMIT.

Increase the number of iterations (max_iter) or scale the data as shown in:
    https://scikit-learn.org/stable/modules/preprocessing.html
  self.n_iter_ = _check_optimize_result("lbfgs", opt_res, self.max_iter)

2023-07-04 10:19:19,292:WARNING:/home/thom/venvs/fairlearn/lib/python3.9/site-packages/sklearn/linear_model/_huber.py:335: ConvergenceWarning: lbfgs failed to converge (status=1):
STOP: TOTAL NO. of ITERATIONS REACHED LIMIT.

Increase the number of iterations (max_iter) or scale the data as shown in:
    https://scikit-learn.org/stable/modules/preprocessing.html
  self.n_iter_ = _check_optimize_result("lbfgs", opt_res, self.max_iter)

2023-07-04 10:19:22,093:WARNING:/home/thom/venvs/fairlearn/lib/python3.9/site-packages/sklearn/linear_model/_huber.py:335: ConvergenceWarning: lbfgs failed to converge (status=1):
STOP: TOTAL NO. of ITERATIONS REACHED LIMIT.

Increase the number of iterations (max_iter) or scale the data as shown in:
    https://scikit-learn.org/stable/modules/preprocessing.html
  self.n_iter_ = _check_optimize_result("lbfgs", opt_res, self.max_iter)

2023-07-04 10:19:22,288:WARNING:/home/thom/venvs/fairlearn/lib/python3.9/site-packages/sklearn/linear_model/_huber.py:335: ConvergenceWarning: lbfgs failed to converge (status=1):
STOP: TOTAL NO. of ITERATIONS REACHED LIMIT.

Increase the number of iterations (max_iter) or scale the data as shown in:
    https://scikit-learn.org/stable/modules/preprocessing.html
  self.n_iter_ = _check_optimize_result("lbfgs", opt_res, self.max_iter)

2023-07-04 10:19:22,513:WARNING:/home/thom/venvs/fairlearn/lib/python3.9/site-packages/sklearn/linear_model/_huber.py:335: ConvergenceWarning: lbfgs failed to converge (status=1):
STOP: TOTAL NO. of ITERATIONS REACHED LIMIT.

Increase the number of iterations (max_iter) or scale the data as shown in:
    https://scikit-learn.org/stable/modules/preprocessing.html
  self.n_iter_ = _check_optimize_result("lbfgs", opt_res, self.max_iter)

2023-07-04 10:19:22,518:WARNING:/home/thom/venvs/fairlearn/lib/python3.9/site-packages/sklearn/linear_model/_huber.py:335: ConvergenceWarning: lbfgs failed to converge (status=1):
STOP: TOTAL NO. of ITERATIONS REACHED LIMIT.

Increase the number of iterations (max_iter) or scale the data as shown in:
    https://scikit-learn.org/stable/modules/preprocessing.html
  self.n_iter_ = _check_optimize_result("lbfgs", opt_res, self.max_iter)

2023-07-04 10:19:22,747:WARNING:/home/thom/venvs/fairlearn/lib/python3.9/site-packages/sklearn/linear_model/_huber.py:335: ConvergenceWarning: lbfgs failed to converge (status=1):
STOP: TOTAL NO. of ITERATIONS REACHED LIMIT.

Increase the number of iterations (max_iter) or scale the data as shown in:
    https://scikit-learn.org/stable/modules/preprocessing.html
  self.n_iter_ = _check_optimize_result("lbfgs", opt_res, self.max_iter)

2023-07-04 10:19:22,947:WARNING:/home/thom/venvs/fairlearn/lib/python3.9/site-packages/sklearn/linear_model/_huber.py:335: ConvergenceWarning: lbfgs failed to converge (status=1):
STOP: TOTAL NO. of ITERATIONS REACHED LIMIT.

Increase the number of iterations (max_iter) or scale the data as shown in:
    https://scikit-learn.org/stable/modules/preprocessing.html
  self.n_iter_ = _check_optimize_result("lbfgs", opt_res, self.max_iter)

2023-07-04 10:19:22,983:WARNING:/home/thom/venvs/fairlearn/lib/python3.9/site-packages/sklearn/linear_model/_huber.py:335: ConvergenceWarning: lbfgs failed to converge (status=1):
STOP: TOTAL NO. of ITERATIONS REACHED LIMIT.

Increase the number of iterations (max_iter) or scale the data as shown in:
    https://scikit-learn.org/stable/modules/preprocessing.html
  self.n_iter_ = _check_optimize_result("lbfgs", opt_res, self.max_iter)

2023-07-04 10:19:23,131:WARNING:/home/thom/venvs/fairlearn/lib/python3.9/site-packages/sklearn/linear_model/_huber.py:335: ConvergenceWarning: lbfgs failed to converge (status=1):
STOP: TOTAL NO. of ITERATIONS REACHED LIMIT.

Increase the number of iterations (max_iter) or scale the data as shown in:
    https://scikit-learn.org/stable/modules/preprocessing.html
  self.n_iter_ = _check_optimize_result("lbfgs", opt_res, self.max_iter)

2023-07-04 10:19:23,343:WARNING:/home/thom/venvs/fairlearn/lib/python3.9/site-packages/sklearn/linear_model/_huber.py:335: ConvergenceWarning: lbfgs failed to converge (status=1):
STOP: TOTAL NO. of ITERATIONS REACHED LIMIT.

Increase the number of iterations (max_iter) or scale the data as shown in:
    https://scikit-learn.org/stable/modules/preprocessing.html
  self.n_iter_ = _check_optimize_result("lbfgs", opt_res, self.max_iter)

2023-07-04 10:19:30,623:WARNING:/home/thom/venvs/fairlearn/lib/python3.9/site-packages/pycaret/internal/pipeline.py:310: UserWarning: Persisting input arguments took 0.88s to run.
If this happens often in your code, it can cause performance problems 
(results will be correct in all cases). 
The reason for this is probably some large input arguments for a wrapped
 function (e.g. large strings).
THIS IS A JOBLIB ISSUE. If you can, kindly provide the joblib's team with an
 example so that they can fix the problem.
  X, _ = self._memory_full_transform(self, X, None, with_final=False)

2023-07-04 10:19:30,799:WARNING:/home/thom/venvs/fairlearn/lib/python3.9/site-packages/pycaret/internal/pipeline.py:310: UserWarning: Persisting input arguments took 0.73s to run.
If this happens often in your code, it can cause performance problems 
(results will be correct in all cases). 
The reason for this is probably some large input arguments for a wrapped
 function (e.g. large strings).
THIS IS A JOBLIB ISSUE. If you can, kindly provide the joblib's team with an
 example so that they can fix the problem.
  X, _ = self._memory_full_transform(self, X, None, with_final=False)

2023-07-04 10:19:34,528:WARNING:/home/thom/venvs/fairlearn/lib/python3.9/site-packages/pycaret/internal/pipeline.py:310: UserWarning: Persisting input arguments took 0.73s to run.
If this happens often in your code, it can cause performance problems 
(results will be correct in all cases). 
The reason for this is probably some large input arguments for a wrapped
 function (e.g. large strings).
THIS IS A JOBLIB ISSUE. If you can, kindly provide the joblib's team with an
 example so that they can fix the problem.
  X, _ = self._memory_full_transform(self, X, None, with_final=False)

2023-07-04 10:19:34,671:WARNING:/home/thom/venvs/fairlearn/lib/python3.9/site-packages/pycaret/internal/pipeline.py:310: UserWarning: Persisting input arguments took 0.66s to run.
If this happens often in your code, it can cause performance problems 
(results will be correct in all cases). 
The reason for this is probably some large input arguments for a wrapped
 function (e.g. large strings).
THIS IS A JOBLIB ISSUE. If you can, kindly provide the joblib's team with an
 example so that they can fix the problem.
  X, _ = self._memory_full_transform(self, X, None, with_final=False)

2023-07-04 10:19:35,444:WARNING:/home/thom/venvs/fairlearn/lib/python3.9/site-packages/sklearn/linear_model/_huber.py:335: ConvergenceWarning: lbfgs failed to converge (status=1):
STOP: TOTAL NO. of ITERATIONS REACHED LIMIT.

Increase the number of iterations (max_iter) or scale the data as shown in:
    https://scikit-learn.org/stable/modules/preprocessing.html
  self.n_iter_ = _check_optimize_result("lbfgs", opt_res, self.max_iter)

2023-07-04 10:19:37,224:WARNING:/home/thom/venvs/fairlearn/lib/python3.9/site-packages/sklearn/linear_model/_huber.py:335: ConvergenceWarning: lbfgs failed to converge (status=1):
STOP: TOTAL NO. of ITERATIONS REACHED LIMIT.

Increase the number of iterations (max_iter) or scale the data as shown in:
    https://scikit-learn.org/stable/modules/preprocessing.html
  self.n_iter_ = _check_optimize_result("lbfgs", opt_res, self.max_iter)

2023-07-04 10:19:37,306:WARNING:/home/thom/venvs/fairlearn/lib/python3.9/site-packages/sklearn/linear_model/_huber.py:335: ConvergenceWarning: lbfgs failed to converge (status=1):
STOP: TOTAL NO. of ITERATIONS REACHED LIMIT.

Increase the number of iterations (max_iter) or scale the data as shown in:
    https://scikit-learn.org/stable/modules/preprocessing.html
  self.n_iter_ = _check_optimize_result("lbfgs", opt_res, self.max_iter)

2023-07-04 10:19:37,543:WARNING:/home/thom/venvs/fairlearn/lib/python3.9/site-packages/sklearn/linear_model/_huber.py:335: ConvergenceWarning: lbfgs failed to converge (status=1):
STOP: TOTAL NO. of ITERATIONS REACHED LIMIT.

Increase the number of iterations (max_iter) or scale the data as shown in:
    https://scikit-learn.org/stable/modules/preprocessing.html
  self.n_iter_ = _check_optimize_result("lbfgs", opt_res, self.max_iter)

2023-07-04 10:19:37,553:WARNING:/home/thom/venvs/fairlearn/lib/python3.9/site-packages/sklearn/linear_model/_huber.py:335: ConvergenceWarning: lbfgs failed to converge (status=1):
STOP: TOTAL NO. of ITERATIONS REACHED LIMIT.

Increase the number of iterations (max_iter) or scale the data as shown in:
    https://scikit-learn.org/stable/modules/preprocessing.html
  self.n_iter_ = _check_optimize_result("lbfgs", opt_res, self.max_iter)

2023-07-04 10:19:37,838:WARNING:/home/thom/venvs/fairlearn/lib/python3.9/site-packages/sklearn/linear_model/_huber.py:335: ConvergenceWarning: lbfgs failed to converge (status=1):
STOP: TOTAL NO. of ITERATIONS REACHED LIMIT.

Increase the number of iterations (max_iter) or scale the data as shown in:
    https://scikit-learn.org/stable/modules/preprocessing.html
  self.n_iter_ = _check_optimize_result("lbfgs", opt_res, self.max_iter)

2023-07-04 10:19:37,918:WARNING:/home/thom/venvs/fairlearn/lib/python3.9/site-packages/sklearn/linear_model/_huber.py:335: ConvergenceWarning: lbfgs failed to converge (status=1):
STOP: TOTAL NO. of ITERATIONS REACHED LIMIT.

Increase the number of iterations (max_iter) or scale the data as shown in:
    https://scikit-learn.org/stable/modules/preprocessing.html
  self.n_iter_ = _check_optimize_result("lbfgs", opt_res, self.max_iter)

2023-07-04 10:19:37,972:WARNING:/home/thom/venvs/fairlearn/lib/python3.9/site-packages/sklearn/linear_model/_huber.py:335: ConvergenceWarning: lbfgs failed to converge (status=1):
STOP: TOTAL NO. of ITERATIONS REACHED LIMIT.

Increase the number of iterations (max_iter) or scale the data as shown in:
    https://scikit-learn.org/stable/modules/preprocessing.html
  self.n_iter_ = _check_optimize_result("lbfgs", opt_res, self.max_iter)

2023-07-04 10:19:38,243:WARNING:/home/thom/venvs/fairlearn/lib/python3.9/site-packages/sklearn/linear_model/_huber.py:335: ConvergenceWarning: lbfgs failed to converge (status=1):
STOP: TOTAL NO. of ITERATIONS REACHED LIMIT.

Increase the number of iterations (max_iter) or scale the data as shown in:
    https://scikit-learn.org/stable/modules/preprocessing.html
  self.n_iter_ = _check_optimize_result("lbfgs", opt_res, self.max_iter)

2023-07-04 10:19:38,326:WARNING:/home/thom/venvs/fairlearn/lib/python3.9/site-packages/sklearn/linear_model/_huber.py:335: ConvergenceWarning: lbfgs failed to converge (status=1):
STOP: TOTAL NO. of ITERATIONS REACHED LIMIT.

Increase the number of iterations (max_iter) or scale the data as shown in:
    https://scikit-learn.org/stable/modules/preprocessing.html
  self.n_iter_ = _check_optimize_result("lbfgs", opt_res, self.max_iter)

2023-07-04 10:19:38,537:WARNING:/home/thom/venvs/fairlearn/lib/python3.9/site-packages/sklearn/linear_model/_huber.py:335: ConvergenceWarning: lbfgs failed to converge (status=1):
STOP: TOTAL NO. of ITERATIONS REACHED LIMIT.

Increase the number of iterations (max_iter) or scale the data as shown in:
    https://scikit-learn.org/stable/modules/preprocessing.html
  self.n_iter_ = _check_optimize_result("lbfgs", opt_res, self.max_iter)

2023-07-04 10:19:44,852:INFO:Calculating mean and std
2023-07-04 10:19:44,855:INFO:Creating metrics dataframe
2023-07-04 10:19:44,872:INFO:Finalizing model
2023-07-04 10:19:45,460:WARNING:/home/thom/venvs/fairlearn/lib/python3.9/site-packages/sklearn/linear_model/_huber.py:335: ConvergenceWarning: lbfgs failed to converge (status=1):
STOP: TOTAL NO. of ITERATIONS REACHED LIMIT.

Increase the number of iterations (max_iter) or scale the data as shown in:
    https://scikit-learn.org/stable/modules/preprocessing.html
  self.n_iter_ = _check_optimize_result("lbfgs", opt_res, self.max_iter)

2023-07-04 10:19:47,515:WARNING:/home/thom/venvs/fairlearn/lib/python3.9/site-packages/sklearn/linear_model/_huber.py:335: ConvergenceWarning: lbfgs failed to converge (status=1):
STOP: TOTAL NO. of ITERATIONS REACHED LIMIT.

Increase the number of iterations (max_iter) or scale the data as shown in:
    https://scikit-learn.org/stable/modules/preprocessing.html
  self.n_iter_ = _check_optimize_result("lbfgs", opt_res, self.max_iter)

2023-07-04 10:19:47,518:WARNING:/home/thom/venvs/fairlearn/lib/python3.9/site-packages/sklearn/linear_model/_huber.py:335: ConvergenceWarning: lbfgs failed to converge (status=1):
STOP: TOTAL NO. of ITERATIONS REACHED LIMIT.

Increase the number of iterations (max_iter) or scale the data as shown in:
    https://scikit-learn.org/stable/modules/preprocessing.html
  self.n_iter_ = _check_optimize_result("lbfgs", opt_res, self.max_iter)

2023-07-04 10:19:47,524:WARNING:/home/thom/venvs/fairlearn/lib/python3.9/site-packages/sklearn/linear_model/_huber.py:335: ConvergenceWarning: lbfgs failed to converge (status=1):
STOP: TOTAL NO. of ITERATIONS REACHED LIMIT.

Increase the number of iterations (max_iter) or scale the data as shown in:
    https://scikit-learn.org/stable/modules/preprocessing.html
  self.n_iter_ = _check_optimize_result("lbfgs", opt_res, self.max_iter)

2023-07-04 10:19:47,528:WARNING:/home/thom/venvs/fairlearn/lib/python3.9/site-packages/sklearn/linear_model/_huber.py:335: ConvergenceWarning: lbfgs failed to converge (status=1):
STOP: TOTAL NO. of ITERATIONS REACHED LIMIT.

Increase the number of iterations (max_iter) or scale the data as shown in:
    https://scikit-learn.org/stable/modules/preprocessing.html
  self.n_iter_ = _check_optimize_result("lbfgs", opt_res, self.max_iter)

2023-07-04 10:19:47,579:WARNING:/home/thom/venvs/fairlearn/lib/python3.9/site-packages/sklearn/linear_model/_huber.py:335: ConvergenceWarning: lbfgs failed to converge (status=1):
STOP: TOTAL NO. of ITERATIONS REACHED LIMIT.

Increase the number of iterations (max_iter) or scale the data as shown in:
    https://scikit-learn.org/stable/modules/preprocessing.html
  self.n_iter_ = _check_optimize_result("lbfgs", opt_res, self.max_iter)

2023-07-04 10:19:57,395:INFO:Uploading results into container
2023-07-04 10:19:57,397:INFO:Uploading model into container now
2023-07-04 10:19:57,397:INFO:_master_model_container: 84
2023-07-04 10:19:57,397:INFO:_display_container: 20
2023-07-04 10:19:57,402:INFO:StackingRegressor(cv=5,
                  estimators=[('Bayesian Ridge', BayesianRidge()),
                              ('Ridge Regression', Ridge(random_state=2584)),
                              ('Linear Regression',
                               LinearRegression(n_jobs=-1)),
                              ('Huber Regressor', HuberRegressor()),
                              ('TheilSen Regressor',
                               TheilSenRegressor(max_iter=1000, n_jobs=-1,
                                                 random_state=2584))],
                  final_estimator=LinearRegression(n_jobs=-1), n_jobs=-1,
                  passthrough=True)
2023-07-04 10:19:57,403:INFO:create_model() successfully completed......................................
2023-07-04 10:19:57,588:INFO:SubProcess create_model() end ==================================
2023-07-04 10:19:57,603:INFO:_master_model_container: 84
2023-07-04 10:19:57,603:INFO:_display_container: 20
2023-07-04 10:19:57,608:INFO:StackingRegressor(cv=5,
                  estimators=[('Bayesian Ridge', BayesianRidge()),
                              ('Ridge Regression', Ridge(random_state=2584)),
                              ('Linear Regression',
                               LinearRegression(n_jobs=-1)),
                              ('Huber Regressor', HuberRegressor()),
                              ('TheilSen Regressor',
                               TheilSenRegressor(max_iter=1000, n_jobs=-1,
                                                 random_state=2584))],
                  final_estimator=LinearRegression(n_jobs=-1), n_jobs=-1,
                  passthrough=True)
2023-07-04 10:19:57,609:INFO:stack_models() successfully completed......................................
2023-07-04 10:19:57,838:INFO:Initializing plot_model()
2023-07-04 10:19:57,838:INFO:plot_model(plot=residuals, fold=None, verbose=True, display=None, display_format=None, estimator=DecisionTreeRegressor(random_state=2584), feature_name=None, fit_kwargs=None, groups=None, label=False, plot_kwargs=None, save=False, scale=1, self=<pycaret.regression.oop.RegressionExperiment object at 0x7f854a8330d0>, system=True)
2023-07-04 10:19:57,839:INFO:Checking exceptions
2023-07-04 10:19:57,846:INFO:Preloading libraries
2023-07-04 10:19:57,846:INFO:Copying training dataset
2023-07-04 10:19:57,846:INFO:Plot type: residuals
2023-07-04 10:19:59,061:INFO:Fitting Model
2023-07-04 10:19:59,061:WARNING:X does not have valid feature names, but DecisionTreeRegressor was fitted with feature names

2023-07-04 10:19:59,119:INFO:Scoring test/hold-out set
2023-07-04 10:19:59,746:INFO:Visual Rendered Successfully
2023-07-04 10:19:59,936:INFO:plot_model() successfully completed......................................
2023-07-04 10:19:59,943:INFO:Initializing plot_model()
2023-07-04 10:19:59,943:INFO:plot_model(plot=error, fold=None, verbose=True, display=None, display_format=None, estimator=DecisionTreeRegressor(random_state=2584), feature_name=None, fit_kwargs=None, groups=None, label=False, plot_kwargs=None, save=False, scale=1, self=<pycaret.regression.oop.RegressionExperiment object at 0x7f854a8330d0>, system=True)
2023-07-04 10:19:59,943:INFO:Checking exceptions
2023-07-04 10:19:59,951:INFO:Preloading libraries
2023-07-04 10:19:59,952:INFO:Copying training dataset
2023-07-04 10:19:59,952:INFO:Plot type: error
2023-07-04 10:20:01,367:INFO:Fitting Model
2023-07-04 10:20:01,367:WARNING:X does not have valid feature names, but DecisionTreeRegressor was fitted with feature names

2023-07-04 10:20:01,367:INFO:Scoring test/hold-out set
2023-07-04 10:20:01,865:INFO:Visual Rendered Successfully
2023-07-04 10:20:02,054:INFO:plot_model() successfully completed......................................
2023-07-04 10:20:02,061:INFO:Initializing plot_model()
2023-07-04 10:20:02,062:INFO:plot_model(plot=feature, fold=None, verbose=True, display=None, display_format=None, estimator=DecisionTreeRegressor(random_state=2584), feature_name=None, fit_kwargs=None, groups=None, label=False, plot_kwargs=None, save=False, scale=1, self=<pycaret.regression.oop.RegressionExperiment object at 0x7f854a8330d0>, system=True)
2023-07-04 10:20:02,062:INFO:Checking exceptions
2023-07-04 10:20:02,068:INFO:Preloading libraries
2023-07-04 10:20:02,069:INFO:Copying training dataset
2023-07-04 10:20:02,069:INFO:Plot type: feature
2023-07-04 10:20:02,071:WARNING:No coef_ found. Trying feature_importances_
2023-07-04 10:20:02,707:INFO:Visual Rendered Successfully
2023-07-04 10:20:02,875:INFO:plot_model() successfully completed......................................
2023-07-04 10:20:02,882:INFO:Initializing evaluate_model()
2023-07-04 10:20:02,882:INFO:evaluate_model(self=<pycaret.regression.oop.RegressionExperiment object at 0x7f854a8330d0>, estimator=DecisionTreeRegressor(random_state=2584), fold=None, fit_kwargs=None, plot_kwargs=None, feature_name=None, groups=None)
2023-07-04 10:20:02,894:INFO:Initializing plot_model()
2023-07-04 10:20:02,895:INFO:plot_model(plot=pipeline, fold=KFold(n_splits=10, random_state=None, shuffle=False), verbose=False, display=None, display_format=None, estimator=DecisionTreeRegressor(random_state=2584), feature_name=None, fit_kwargs={}, groups=None, label=False, plot_kwargs=None, save=False, scale=1, self=<pycaret.regression.oop.RegressionExperiment object at 0x7f854a8330d0>, system=True)
2023-07-04 10:20:02,895:INFO:Checking exceptions
2023-07-04 10:20:02,897:INFO:Preloading libraries
2023-07-04 10:20:02,899:INFO:Copying training dataset
2023-07-04 10:20:02,899:INFO:Plot type: pipeline
2023-07-04 10:20:03,057:INFO:Visual Rendered Successfully
2023-07-04 10:20:03,256:INFO:plot_model() successfully completed......................................
2023-07-04 10:20:03,289:INFO:Initializing interpret_model()
2023-07-04 10:20:03,290:INFO:interpret_model(estimator=LGBMRegressor(bagging_fraction=0.8, bagging_freq=0, feature_fraction=0.6,
              learning_rate=0.15, min_child_samples=26, min_split_gain=0.4,
              n_estimators=40, num_leaves=60, random_state=2584, reg_alpha=5,
              reg_lambda=1), use_train_data=False, X_new_sample=None, y_new_sample=None, feature=None, kwargs={}, observation=None, plot=summary, save=False, self=<pycaret.regression.oop.RegressionExperiment object at 0x7f854a8330d0>)
2023-07-04 10:20:03,290:INFO:Checking exceptions
2023-07-04 10:20:03,290:INFO:Soft dependency imported: shap: 0.41.0
2023-07-04 10:20:03,538:INFO:plot type: summary
2023-07-04 10:20:03,538:INFO:Creating TreeExplainer
2023-07-04 10:20:03,552:INFO:Compiling shap values
2023-07-04 10:20:03,607:WARNING:No data for colormapping provided via 'c'. Parameters 'vmin', 'vmax' will be ignored

2023-07-04 10:20:04,384:INFO:Visual Rendered Successfully
2023-07-04 10:20:04,385:INFO:interpret_model() successfully completed......................................
2023-07-04 10:20:04,586:INFO:Initializing interpret_model()
2023-07-04 10:20:04,587:INFO:interpret_model(estimator=LGBMRegressor(bagging_fraction=0.8, bagging_freq=0, feature_fraction=0.6,
              learning_rate=0.15, min_child_samples=26, min_split_gain=0.4,
              n_estimators=40, num_leaves=60, random_state=2584, reg_alpha=5,
              reg_lambda=1), use_train_data=False, X_new_sample=None, y_new_sample=None, feature=None, kwargs={}, observation=None, plot=correlation, save=False, self=<pycaret.regression.oop.RegressionExperiment object at 0x7f854a8330d0>)
2023-07-04 10:20:04,587:INFO:Checking exceptions
2023-07-04 10:20:04,587:INFO:Soft dependency imported: shap: 0.41.0
2023-07-04 10:20:04,842:INFO:plot type: correlation
2023-07-04 10:20:04,843:WARNING:No feature passed. Default value of feature used for correlation plot: num_imputer__JS
2023-07-04 10:20:04,843:INFO:Creating TreeExplainer
2023-07-04 10:20:04,855:INFO:Compiling shap values
2023-07-04 10:20:04,878:INFO:model type detected: type 2
2023-07-04 10:20:05,209:INFO:Visual Rendered Successfully
2023-07-04 10:20:05,209:INFO:interpret_model() successfully completed......................................
2023-07-04 10:20:05,383:INFO:Initializing interpret_model()
2023-07-04 10:20:05,384:INFO:interpret_model(estimator=LGBMRegressor(bagging_fraction=0.8, bagging_freq=0, feature_fraction=0.6,
              learning_rate=0.15, min_child_samples=26, min_split_gain=0.4,
              n_estimators=40, num_leaves=60, random_state=2584, reg_alpha=5,
              reg_lambda=1), use_train_data=False, X_new_sample=None, y_new_sample=None, feature=None, kwargs={}, observation=12, plot=reason, save=False, self=<pycaret.regression.oop.RegressionExperiment object at 0x7f854a8330d0>)
2023-07-04 10:20:05,384:INFO:Checking exceptions
2023-07-04 10:20:05,384:INFO:Soft dependency imported: shap: 0.41.0
2023-07-04 10:20:05,663:INFO:plot type: reason
2023-07-04 10:20:05,663:INFO:model type detected: type 2
2023-07-04 10:20:05,663:INFO:Creating TreeExplainer
2023-07-04 10:20:05,677:INFO:Compiling shap values
2023-07-04 10:20:05,724:INFO:Visual Rendered Successfully
2023-07-04 10:20:05,724:INFO:interpret_model() successfully completed......................................
2023-07-04 10:20:06,288:INFO:Initializing plot_model()
2023-07-04 10:20:06,288:INFO:plot_model(plot=error, fold=None, verbose=True, display=None, display_format=None, estimator=StackingRegressor(cv=5,
                  estimators=[('Bayesian Ridge', BayesianRidge()),
                              ('Ridge Regression', Ridge(random_state=2584)),
                              ('Linear Regression',
                               LinearRegression(n_jobs=-1)),
                              ('Huber Regressor', HuberRegressor()),
                              ('TheilSen Regressor',
                               TheilSenRegressor(max_iter=1000, n_jobs=-1,
                                                 random_state=2584))],
                  final_estimator=LinearRegression(n_jobs=-1), n_jobs=-1,
                  passthrough=True), feature_name=None, fit_kwargs=None, groups=None, label=False, plot_kwargs=None, save=False, scale=1, self=<pycaret.regression.oop.RegressionExperiment object at 0x7f854a8330d0>, system=True)
2023-07-04 10:20:06,288:INFO:Checking exceptions
2023-07-04 10:20:06,296:INFO:Preloading libraries
2023-07-04 10:20:06,297:INFO:Copying training dataset
2023-07-04 10:20:06,298:INFO:Plot type: error
2023-07-04 10:20:07,609:INFO:Fitting Model
2023-07-04 10:20:07,610:WARNING:X does not have valid feature names, but BayesianRidge was fitted with feature names

2023-07-04 10:20:07,610:INFO:Scoring test/hold-out set
2023-07-04 10:20:08,003:INFO:Visual Rendered Successfully
2023-07-04 10:20:08,197:INFO:plot_model() successfully completed......................................
2023-07-04 10:20:09,578:INFO:Initializing plot_model()
2023-07-04 10:20:09,579:INFO:plot_model(plot=feature, fold=None, verbose=True, display=None, display_format=None, estimator=StackingRegressor(cv=5,
                  estimators=[('Bayesian Ridge', BayesianRidge()),
                              ('Ridge Regression', Ridge(random_state=2584)),
                              ('Linear Regression',
                               LinearRegression(n_jobs=-1)),
                              ('Huber Regressor', HuberRegressor()),
                              ('TheilSen Regressor',
                               TheilSenRegressor(max_iter=1000, n_jobs=-1,
                                                 random_state=2584))],
                  final_estimator=LinearRegression(n_jobs=-1), n_jobs=-1,
                  passthrough=True), feature_name=None, fit_kwargs=None, groups=None, label=False, plot_kwargs=None, save=False, scale=1, self=<pycaret.regression.oop.RegressionExperiment object at 0x7f854a8330d0>, system=True)
2023-07-04 10:20:09,579:INFO:Checking exceptions
2023-07-04 10:20:20,092:INFO:Initializing evaluate_model()
2023-07-04 10:20:20,092:INFO:evaluate_model(self=<pycaret.regression.oop.RegressionExperiment object at 0x7f854a8330d0>, estimator=StackingRegressor(cv=5,
                  estimators=[('Bayesian Ridge', BayesianRidge()),
                              ('Ridge Regression', Ridge(random_state=2584)),
                              ('Linear Regression',
                               LinearRegression(n_jobs=-1)),
                              ('Huber Regressor', HuberRegressor()),
                              ('TheilSen Regressor',
                               TheilSenRegressor(max_iter=1000, n_jobs=-1,
                                                 random_state=2584))],
                  final_estimator=LinearRegression(n_jobs=-1), n_jobs=-1,
                  passthrough=True), fold=None, fit_kwargs=None, plot_kwargs=None, feature_name=None, groups=None)
2023-07-04 10:20:20,110:INFO:Initializing plot_model()
2023-07-04 10:20:20,110:INFO:plot_model(plot=pipeline, fold=KFold(n_splits=10, random_state=None, shuffle=False), verbose=False, display=None, display_format=None, estimator=StackingRegressor(cv=5,
                  estimators=[('Bayesian Ridge', BayesianRidge()),
                              ('Ridge Regression', Ridge(random_state=2584)),
                              ('Linear Regression',
                               LinearRegression(n_jobs=-1)),
                              ('Huber Regressor', HuberRegressor()),
                              ('TheilSen Regressor',
                               TheilSenRegressor(max_iter=1000, n_jobs=-1,
                                                 random_state=2584))],
                  final_estimator=LinearRegression(n_jobs=-1), n_jobs=-1,
                  passthrough=True), feature_name=None, fit_kwargs={}, groups=None, label=False, plot_kwargs=None, save=False, scale=1, self=<pycaret.regression.oop.RegressionExperiment object at 0x7f854a8330d0>, system=True)
2023-07-04 10:20:20,110:INFO:Checking exceptions
2023-07-04 10:20:20,112:INFO:Preloading libraries
2023-07-04 10:20:20,113:INFO:Copying training dataset
2023-07-04 10:20:20,113:INFO:Plot type: pipeline
2023-07-04 10:20:20,282:INFO:Visual Rendered Successfully
2023-07-04 10:20:20,495:INFO:plot_model() successfully completed......................................
2023-07-04 10:20:21,611:INFO:Initializing plot_model()
2023-07-04 10:20:21,613:INFO:plot_model(plot=parameter, fold=KFold(n_splits=10, random_state=None, shuffle=False), verbose=False, display=None, display_format=None, estimator=StackingRegressor(cv=5,
                  estimators=[('Bayesian Ridge', BayesianRidge()),
                              ('Ridge Regression', Ridge(random_state=2584)),
                              ('Linear Regression',
                               LinearRegression(n_jobs=-1)),
                              ('Huber Regressor', HuberRegressor()),
                              ('TheilSen Regressor',
                               TheilSenRegressor(max_iter=1000, n_jobs=-1,
                                                 random_state=2584))],
                  final_estimator=LinearRegression(n_jobs=-1), n_jobs=-1,
                  passthrough=True), feature_name=None, fit_kwargs={}, groups=None, label=False, plot_kwargs=None, save=False, scale=1, self=<pycaret.regression.oop.RegressionExperiment object at 0x7f854a8330d0>, system=True)
2023-07-04 10:20:21,613:INFO:Checking exceptions
2023-07-04 10:20:21,616:INFO:Preloading libraries
2023-07-04 10:20:21,618:INFO:Copying training dataset
2023-07-04 10:20:21,618:INFO:Plot type: parameter
2023-07-04 10:20:21,629:INFO:Visual Rendered Successfully
2023-07-04 10:20:21,807:INFO:plot_model() successfully completed......................................
2023-07-04 10:20:22,556:INFO:Initializing plot_model()
2023-07-04 10:20:22,557:INFO:plot_model(plot=residuals, fold=KFold(n_splits=10, random_state=None, shuffle=False), verbose=False, display=None, display_format=None, estimator=StackingRegressor(cv=5,
                  estimators=[('Bayesian Ridge', BayesianRidge()),
                              ('Ridge Regression', Ridge(random_state=2584)),
                              ('Linear Regression',
                               LinearRegression(n_jobs=-1)),
                              ('Huber Regressor', HuberRegressor()),
                              ('TheilSen Regressor',
                               TheilSenRegressor(max_iter=1000, n_jobs=-1,
                                                 random_state=2584))],
                  final_estimator=LinearRegression(n_jobs=-1), n_jobs=-1,
                  passthrough=True), feature_name=None, fit_kwargs={}, groups=None, label=False, plot_kwargs=None, save=False, scale=1, self=<pycaret.regression.oop.RegressionExperiment object at 0x7f854a8330d0>, system=True)
2023-07-04 10:20:22,557:INFO:Checking exceptions
2023-07-04 10:20:22,561:INFO:Preloading libraries
2023-07-04 10:20:22,562:INFO:Copying training dataset
2023-07-04 10:20:22,562:INFO:Plot type: residuals
2023-07-04 10:20:23,472:INFO:Fitting Model
2023-07-04 10:20:23,472:WARNING:X does not have valid feature names, but BayesianRidge was fitted with feature names

2023-07-04 10:20:23,593:INFO:Scoring test/hold-out set
2023-07-04 10:20:24,256:INFO:Visual Rendered Successfully
2023-07-04 10:20:24,446:INFO:plot_model() successfully completed......................................
2023-07-04 10:20:25,513:INFO:Initializing plot_model()
2023-07-04 10:20:25,513:INFO:plot_model(plot=error, fold=KFold(n_splits=10, random_state=None, shuffle=False), verbose=False, display=None, display_format=None, estimator=StackingRegressor(cv=5,
                  estimators=[('Bayesian Ridge', BayesianRidge()),
                              ('Ridge Regression', Ridge(random_state=2584)),
                              ('Linear Regression',
                               LinearRegression(n_jobs=-1)),
                              ('Huber Regressor', HuberRegressor()),
                              ('TheilSen Regressor',
                               TheilSenRegressor(max_iter=1000, n_jobs=-1,
                                                 random_state=2584))],
                  final_estimator=LinearRegression(n_jobs=-1), n_jobs=-1,
                  passthrough=True), feature_name=None, fit_kwargs={}, groups=None, label=False, plot_kwargs=None, save=False, scale=1, self=<pycaret.regression.oop.RegressionExperiment object at 0x7f854a8330d0>, system=True)
2023-07-04 10:20:25,513:INFO:Checking exceptions
2023-07-04 10:20:25,515:INFO:Preloading libraries
2023-07-04 10:20:25,516:INFO:Copying training dataset
2023-07-04 10:20:25,516:INFO:Plot type: error
2023-07-04 10:20:26,403:INFO:Fitting Model
2023-07-04 10:20:26,404:WARNING:X does not have valid feature names, but BayesianRidge was fitted with feature names

2023-07-04 10:20:26,404:INFO:Scoring test/hold-out set
2023-07-04 10:20:26,768:INFO:Visual Rendered Successfully
2023-07-04 10:20:26,942:INFO:plot_model() successfully completed......................................
2023-07-04 10:20:30,368:INFO:Initializing plot_model()
2023-07-04 10:20:30,368:INFO:plot_model(plot=cooks, fold=KFold(n_splits=10, random_state=None, shuffle=False), verbose=False, display=None, display_format=None, estimator=StackingRegressor(cv=5,
                  estimators=[('Bayesian Ridge', BayesianRidge()),
                              ('Ridge Regression', Ridge(random_state=2584)),
                              ('Linear Regression',
                               LinearRegression(n_jobs=-1)),
                              ('Huber Regressor', HuberRegressor()),
                              ('TheilSen Regressor',
                               TheilSenRegressor(max_iter=1000, n_jobs=-1,
                                                 random_state=2584))],
                  final_estimator=LinearRegression(n_jobs=-1), n_jobs=-1,
                  passthrough=True), feature_name=None, fit_kwargs={}, groups=None, label=False, plot_kwargs=None, save=False, scale=1, self=<pycaret.regression.oop.RegressionExperiment object at 0x7f854a8330d0>, system=True)
2023-07-04 10:20:30,368:INFO:Checking exceptions
2023-07-04 10:20:30,371:INFO:Preloading libraries
2023-07-04 10:20:30,373:INFO:Copying training dataset
2023-07-04 10:20:30,373:INFO:Plot type: cooks
2023-07-04 10:20:31,275:INFO:Fitting Model
2023-07-04 10:20:31,758:INFO:Visual Rendered Successfully
2023-07-04 10:20:31,942:INFO:plot_model() successfully completed......................................
2023-07-04 10:20:34,617:INFO:Initializing plot_model()
2023-07-04 10:20:34,620:INFO:plot_model(plot=rfe, fold=KFold(n_splits=10, random_state=None, shuffle=False), verbose=False, display=None, display_format=None, estimator=StackingRegressor(cv=5,
                  estimators=[('Bayesian Ridge', BayesianRidge()),
                              ('Ridge Regression', Ridge(random_state=2584)),
                              ('Linear Regression',
                               LinearRegression(n_jobs=-1)),
                              ('Huber Regressor', HuberRegressor()),
                              ('TheilSen Regressor',
                               TheilSenRegressor(max_iter=1000, n_jobs=-1,
                                                 random_state=2584))],
                  final_estimator=LinearRegression(n_jobs=-1), n_jobs=-1,
                  passthrough=True), feature_name=None, fit_kwargs={}, groups=None, label=False, plot_kwargs=None, save=False, scale=1, self=<pycaret.regression.oop.RegressionExperiment object at 0x7f854a8330d0>, system=True)
2023-07-04 10:20:34,620:INFO:Checking exceptions
2023-07-04 10:20:36,294:INFO:Initializing plot_model()
2023-07-04 10:20:36,294:INFO:plot_model(plot=learning, fold=KFold(n_splits=10, random_state=None, shuffle=False), verbose=False, display=None, display_format=None, estimator=StackingRegressor(cv=5,
                  estimators=[('Bayesian Ridge', BayesianRidge()),
                              ('Ridge Regression', Ridge(random_state=2584)),
                              ('Linear Regression',
                               LinearRegression(n_jobs=-1)),
                              ('Huber Regressor', HuberRegressor()),
                              ('TheilSen Regressor',
                               TheilSenRegressor(max_iter=1000, n_jobs=-1,
                                                 random_state=2584))],
                  final_estimator=LinearRegression(n_jobs=-1), n_jobs=-1,
                  passthrough=True), feature_name=None, fit_kwargs={}, groups=None, label=False, plot_kwargs=None, save=False, scale=1, self=<pycaret.regression.oop.RegressionExperiment object at 0x7f854a8330d0>, system=True)
2023-07-04 10:20:36,294:INFO:Checking exceptions
2023-07-04 10:20:36,297:INFO:Preloading libraries
2023-07-04 10:20:36,299:INFO:Copying training dataset
2023-07-04 10:20:36,299:INFO:Plot type: learning
2023-07-04 10:20:37,250:INFO:Fitting Model
2023-07-04 10:20:37,494:WARNING:/home/thom/venvs/fairlearn/lib/python3.9/site-packages/sklearn/linear_model/_huber.py:335: ConvergenceWarning: lbfgs failed to converge (status=1):
STOP: TOTAL NO. of ITERATIONS REACHED LIMIT.

Increase the number of iterations (max_iter) or scale the data as shown in:
    https://scikit-learn.org/stable/modules/preprocessing.html
  self.n_iter_ = _check_optimize_result("lbfgs", opt_res, self.max_iter)

2023-07-04 10:20:37,511:WARNING:/home/thom/venvs/fairlearn/lib/python3.9/site-packages/sklearn/linear_model/_huber.py:335: ConvergenceWarning: lbfgs failed to converge (status=1):
STOP: TOTAL NO. of ITERATIONS REACHED LIMIT.

Increase the number of iterations (max_iter) or scale the data as shown in:
    https://scikit-learn.org/stable/modules/preprocessing.html
  self.n_iter_ = _check_optimize_result("lbfgs", opt_res, self.max_iter)

2023-07-04 10:20:37,525:WARNING:/home/thom/venvs/fairlearn/lib/python3.9/site-packages/sklearn/linear_model/_huber.py:335: ConvergenceWarning: lbfgs failed to converge (status=1):
STOP: TOTAL NO. of ITERATIONS REACHED LIMIT.

Increase the number of iterations (max_iter) or scale the data as shown in:
    https://scikit-learn.org/stable/modules/preprocessing.html
  self.n_iter_ = _check_optimize_result("lbfgs", opt_res, self.max_iter)

2023-07-04 10:20:37,539:WARNING:/home/thom/venvs/fairlearn/lib/python3.9/site-packages/sklearn/linear_model/_huber.py:335: ConvergenceWarning: lbfgs failed to converge (status=1):
STOP: TOTAL NO. of ITERATIONS REACHED LIMIT.

Increase the number of iterations (max_iter) or scale the data as shown in:
    https://scikit-learn.org/stable/modules/preprocessing.html
  self.n_iter_ = _check_optimize_result("lbfgs", opt_res, self.max_iter)

2023-07-04 10:20:39,295:WARNING:/home/thom/venvs/fairlearn/lib/python3.9/site-packages/sklearn/linear_model/_huber.py:335: ConvergenceWarning: lbfgs failed to converge (status=1):
STOP: TOTAL NO. of ITERATIONS REACHED LIMIT.

Increase the number of iterations (max_iter) or scale the data as shown in:
    https://scikit-learn.org/stable/modules/preprocessing.html
  self.n_iter_ = _check_optimize_result("lbfgs", opt_res, self.max_iter)

2023-07-04 10:20:39,329:WARNING:/home/thom/venvs/fairlearn/lib/python3.9/site-packages/sklearn/linear_model/_huber.py:335: ConvergenceWarning: lbfgs failed to converge (status=1):
STOP: TOTAL NO. of ITERATIONS REACHED LIMIT.

Increase the number of iterations (max_iter) or scale the data as shown in:
    https://scikit-learn.org/stable/modules/preprocessing.html
  self.n_iter_ = _check_optimize_result("lbfgs", opt_res, self.max_iter)

2023-07-04 10:20:39,343:WARNING:/home/thom/venvs/fairlearn/lib/python3.9/site-packages/sklearn/linear_model/_huber.py:335: ConvergenceWarning: lbfgs failed to converge (status=1):
STOP: TOTAL NO. of ITERATIONS REACHED LIMIT.

Increase the number of iterations (max_iter) or scale the data as shown in:
    https://scikit-learn.org/stable/modules/preprocessing.html
  self.n_iter_ = _check_optimize_result("lbfgs", opt_res, self.max_iter)

2023-07-04 10:20:39,370:WARNING:/home/thom/venvs/fairlearn/lib/python3.9/site-packages/sklearn/linear_model/_huber.py:335: ConvergenceWarning: lbfgs failed to converge (status=1):
STOP: TOTAL NO. of ITERATIONS REACHED LIMIT.

Increase the number of iterations (max_iter) or scale the data as shown in:
    https://scikit-learn.org/stable/modules/preprocessing.html
  self.n_iter_ = _check_optimize_result("lbfgs", opt_res, self.max_iter)

2023-07-04 10:20:39,440:WARNING:/home/thom/venvs/fairlearn/lib/python3.9/site-packages/sklearn/linear_model/_huber.py:335: ConvergenceWarning: lbfgs failed to converge (status=1):
STOP: TOTAL NO. of ITERATIONS REACHED LIMIT.

Increase the number of iterations (max_iter) or scale the data as shown in:
    https://scikit-learn.org/stable/modules/preprocessing.html
  self.n_iter_ = _check_optimize_result("lbfgs", opt_res, self.max_iter)

2023-07-04 10:20:39,486:WARNING:/home/thom/venvs/fairlearn/lib/python3.9/site-packages/sklearn/linear_model/_huber.py:335: ConvergenceWarning: lbfgs failed to converge (status=1):
STOP: TOTAL NO. of ITERATIONS REACHED LIMIT.

Increase the number of iterations (max_iter) or scale the data as shown in:
    https://scikit-learn.org/stable/modules/preprocessing.html
  self.n_iter_ = _check_optimize_result("lbfgs", opt_res, self.max_iter)

2023-07-04 10:20:39,526:WARNING:/home/thom/venvs/fairlearn/lib/python3.9/site-packages/sklearn/linear_model/_huber.py:335: ConvergenceWarning: lbfgs failed to converge (status=1):
STOP: TOTAL NO. of ITERATIONS REACHED LIMIT.

Increase the number of iterations (max_iter) or scale the data as shown in:
    https://scikit-learn.org/stable/modules/preprocessing.html
  self.n_iter_ = _check_optimize_result("lbfgs", opt_res, self.max_iter)

2023-07-04 10:20:39,553:WARNING:/home/thom/venvs/fairlearn/lib/python3.9/site-packages/sklearn/linear_model/_huber.py:335: ConvergenceWarning: lbfgs failed to converge (status=1):
STOP: TOTAL NO. of ITERATIONS REACHED LIMIT.

Increase the number of iterations (max_iter) or scale the data as shown in:
    https://scikit-learn.org/stable/modules/preprocessing.html
  self.n_iter_ = _check_optimize_result("lbfgs", opt_res, self.max_iter)

2023-07-04 10:20:39,580:WARNING:/home/thom/venvs/fairlearn/lib/python3.9/site-packages/sklearn/linear_model/_huber.py:335: ConvergenceWarning: lbfgs failed to converge (status=1):
STOP: TOTAL NO. of ITERATIONS REACHED LIMIT.

Increase the number of iterations (max_iter) or scale the data as shown in:
    https://scikit-learn.org/stable/modules/preprocessing.html
  self.n_iter_ = _check_optimize_result("lbfgs", opt_res, self.max_iter)

2023-07-04 10:20:39,627:WARNING:/home/thom/venvs/fairlearn/lib/python3.9/site-packages/sklearn/linear_model/_huber.py:335: ConvergenceWarning: lbfgs failed to converge (status=1):
STOP: TOTAL NO. of ITERATIONS REACHED LIMIT.

Increase the number of iterations (max_iter) or scale the data as shown in:
    https://scikit-learn.org/stable/modules/preprocessing.html
  self.n_iter_ = _check_optimize_result("lbfgs", opt_res, self.max_iter)

2023-07-04 10:20:39,701:WARNING:/home/thom/venvs/fairlearn/lib/python3.9/site-packages/sklearn/linear_model/_huber.py:335: ConvergenceWarning: lbfgs failed to converge (status=1):
STOP: TOTAL NO. of ITERATIONS REACHED LIMIT.

Increase the number of iterations (max_iter) or scale the data as shown in:
    https://scikit-learn.org/stable/modules/preprocessing.html
  self.n_iter_ = _check_optimize_result("lbfgs", opt_res, self.max_iter)

2023-07-04 10:20:39,742:WARNING:/home/thom/venvs/fairlearn/lib/python3.9/site-packages/sklearn/linear_model/_huber.py:335: ConvergenceWarning: lbfgs failed to converge (status=1):
STOP: TOTAL NO. of ITERATIONS REACHED LIMIT.

Increase the number of iterations (max_iter) or scale the data as shown in:
    https://scikit-learn.org/stable/modules/preprocessing.html
  self.n_iter_ = _check_optimize_result("lbfgs", opt_res, self.max_iter)

2023-07-04 10:20:39,744:WARNING:/home/thom/venvs/fairlearn/lib/python3.9/site-packages/sklearn/linear_model/_huber.py:335: ConvergenceWarning: lbfgs failed to converge (status=1):
STOP: TOTAL NO. of ITERATIONS REACHED LIMIT.

Increase the number of iterations (max_iter) or scale the data as shown in:
    https://scikit-learn.org/stable/modules/preprocessing.html
  self.n_iter_ = _check_optimize_result("lbfgs", opt_res, self.max_iter)

2023-07-04 10:20:39,778:WARNING:/home/thom/venvs/fairlearn/lib/python3.9/site-packages/sklearn/linear_model/_huber.py:335: ConvergenceWarning: lbfgs failed to converge (status=1):
STOP: TOTAL NO. of ITERATIONS REACHED LIMIT.

Increase the number of iterations (max_iter) or scale the data as shown in:
    https://scikit-learn.org/stable/modules/preprocessing.html
  self.n_iter_ = _check_optimize_result("lbfgs", opt_res, self.max_iter)

2023-07-04 10:20:39,876:WARNING:/home/thom/venvs/fairlearn/lib/python3.9/site-packages/sklearn/linear_model/_huber.py:335: ConvergenceWarning: lbfgs failed to converge (status=1):
STOP: TOTAL NO. of ITERATIONS REACHED LIMIT.

Increase the number of iterations (max_iter) or scale the data as shown in:
    https://scikit-learn.org/stable/modules/preprocessing.html
  self.n_iter_ = _check_optimize_result("lbfgs", opt_res, self.max_iter)

2023-07-04 10:20:39,881:WARNING:/home/thom/venvs/fairlearn/lib/python3.9/site-packages/sklearn/linear_model/_huber.py:335: ConvergenceWarning: lbfgs failed to converge (status=1):
STOP: TOTAL NO. of ITERATIONS REACHED LIMIT.

Increase the number of iterations (max_iter) or scale the data as shown in:
    https://scikit-learn.org/stable/modules/preprocessing.html
  self.n_iter_ = _check_optimize_result("lbfgs", opt_res, self.max_iter)

2023-07-04 10:20:39,912:WARNING:/home/thom/venvs/fairlearn/lib/python3.9/site-packages/sklearn/linear_model/_huber.py:335: ConvergenceWarning: lbfgs failed to converge (status=1):
STOP: TOTAL NO. of ITERATIONS REACHED LIMIT.

Increase the number of iterations (max_iter) or scale the data as shown in:
    https://scikit-learn.org/stable/modules/preprocessing.html
  self.n_iter_ = _check_optimize_result("lbfgs", opt_res, self.max_iter)

2023-07-04 10:20:39,924:WARNING:/home/thom/venvs/fairlearn/lib/python3.9/site-packages/sklearn/linear_model/_huber.py:335: ConvergenceWarning: lbfgs failed to converge (status=1):
STOP: TOTAL NO. of ITERATIONS REACHED LIMIT.

Increase the number of iterations (max_iter) or scale the data as shown in:
    https://scikit-learn.org/stable/modules/preprocessing.html
  self.n_iter_ = _check_optimize_result("lbfgs", opt_res, self.max_iter)

2023-07-04 10:20:40,014:WARNING:/home/thom/venvs/fairlearn/lib/python3.9/site-packages/sklearn/linear_model/_huber.py:335: ConvergenceWarning: lbfgs failed to converge (status=1):
STOP: TOTAL NO. of ITERATIONS REACHED LIMIT.

Increase the number of iterations (max_iter) or scale the data as shown in:
    https://scikit-learn.org/stable/modules/preprocessing.html
  self.n_iter_ = _check_optimize_result("lbfgs", opt_res, self.max_iter)

2023-07-04 10:20:40,078:WARNING:/home/thom/venvs/fairlearn/lib/python3.9/site-packages/sklearn/linear_model/_huber.py:335: ConvergenceWarning: lbfgs failed to converge (status=1):
STOP: TOTAL NO. of ITERATIONS REACHED LIMIT.

Increase the number of iterations (max_iter) or scale the data as shown in:
    https://scikit-learn.org/stable/modules/preprocessing.html
  self.n_iter_ = _check_optimize_result("lbfgs", opt_res, self.max_iter)

2023-07-04 10:20:47,455:WARNING:/home/thom/venvs/fairlearn/lib/python3.9/site-packages/sklearn/linear_model/_huber.py:335: ConvergenceWarning: lbfgs failed to converge (status=1):
STOP: TOTAL NO. of ITERATIONS REACHED LIMIT.

Increase the number of iterations (max_iter) or scale the data as shown in:
    https://scikit-learn.org/stable/modules/preprocessing.html
  self.n_iter_ = _check_optimize_result("lbfgs", opt_res, self.max_iter)

2023-07-04 10:20:47,603:WARNING:/home/thom/venvs/fairlearn/lib/python3.9/site-packages/sklearn/linear_model/_huber.py:335: ConvergenceWarning: lbfgs failed to converge (status=1):
STOP: TOTAL NO. of ITERATIONS REACHED LIMIT.

Increase the number of iterations (max_iter) or scale the data as shown in:
    https://scikit-learn.org/stable/modules/preprocessing.html
  self.n_iter_ = _check_optimize_result("lbfgs", opt_res, self.max_iter)

2023-07-04 10:20:48,126:WARNING:/home/thom/venvs/fairlearn/lib/python3.9/site-packages/sklearn/linear_model/_huber.py:335: ConvergenceWarning: lbfgs failed to converge (status=1):
STOP: TOTAL NO. of ITERATIONS REACHED LIMIT.

Increase the number of iterations (max_iter) or scale the data as shown in:
    https://scikit-learn.org/stable/modules/preprocessing.html
  self.n_iter_ = _check_optimize_result("lbfgs", opt_res, self.max_iter)

2023-07-04 10:20:48,358:WARNING:/home/thom/venvs/fairlearn/lib/python3.9/site-packages/sklearn/linear_model/_huber.py:335: ConvergenceWarning: lbfgs failed to converge (status=1):
STOP: TOTAL NO. of ITERATIONS REACHED LIMIT.

Increase the number of iterations (max_iter) or scale the data as shown in:
    https://scikit-learn.org/stable/modules/preprocessing.html
  self.n_iter_ = _check_optimize_result("lbfgs", opt_res, self.max_iter)

2023-07-04 10:20:49,357:WARNING:/home/thom/venvs/fairlearn/lib/python3.9/site-packages/sklearn/linear_model/_huber.py:335: ConvergenceWarning: lbfgs failed to converge (status=1):
STOP: TOTAL NO. of ITERATIONS REACHED LIMIT.

Increase the number of iterations (max_iter) or scale the data as shown in:
    https://scikit-learn.org/stable/modules/preprocessing.html
  self.n_iter_ = _check_optimize_result("lbfgs", opt_res, self.max_iter)

2023-07-04 10:20:49,553:WARNING:/home/thom/venvs/fairlearn/lib/python3.9/site-packages/sklearn/linear_model/_huber.py:335: ConvergenceWarning: lbfgs failed to converge (status=1):
STOP: TOTAL NO. of ITERATIONS REACHED LIMIT.

Increase the number of iterations (max_iter) or scale the data as shown in:
    https://scikit-learn.org/stable/modules/preprocessing.html
  self.n_iter_ = _check_optimize_result("lbfgs", opt_res, self.max_iter)

2023-07-04 10:20:49,617:WARNING:/home/thom/venvs/fairlearn/lib/python3.9/site-packages/sklearn/linear_model/_huber.py:335: ConvergenceWarning: lbfgs failed to converge (status=1):
STOP: TOTAL NO. of ITERATIONS REACHED LIMIT.

Increase the number of iterations (max_iter) or scale the data as shown in:
    https://scikit-learn.org/stable/modules/preprocessing.html
  self.n_iter_ = _check_optimize_result("lbfgs", opt_res, self.max_iter)

2023-07-04 10:20:49,711:WARNING:/home/thom/venvs/fairlearn/lib/python3.9/site-packages/sklearn/linear_model/_huber.py:335: ConvergenceWarning: lbfgs failed to converge (status=1):
STOP: TOTAL NO. of ITERATIONS REACHED LIMIT.

Increase the number of iterations (max_iter) or scale the data as shown in:
    https://scikit-learn.org/stable/modules/preprocessing.html
  self.n_iter_ = _check_optimize_result("lbfgs", opt_res, self.max_iter)

2023-07-04 10:20:49,792:WARNING:/home/thom/venvs/fairlearn/lib/python3.9/site-packages/sklearn/linear_model/_huber.py:335: ConvergenceWarning: lbfgs failed to converge (status=1):
STOP: TOTAL NO. of ITERATIONS REACHED LIMIT.

Increase the number of iterations (max_iter) or scale the data as shown in:
    https://scikit-learn.org/stable/modules/preprocessing.html
  self.n_iter_ = _check_optimize_result("lbfgs", opt_res, self.max_iter)

2023-07-04 10:20:49,886:WARNING:/home/thom/venvs/fairlearn/lib/python3.9/site-packages/sklearn/linear_model/_huber.py:335: ConvergenceWarning: lbfgs failed to converge (status=1):
STOP: TOTAL NO. of ITERATIONS REACHED LIMIT.

Increase the number of iterations (max_iter) or scale the data as shown in:
    https://scikit-learn.org/stable/modules/preprocessing.html
  self.n_iter_ = _check_optimize_result("lbfgs", opt_res, self.max_iter)

2023-07-04 10:20:50,002:WARNING:/home/thom/venvs/fairlearn/lib/python3.9/site-packages/sklearn/linear_model/_huber.py:335: ConvergenceWarning: lbfgs failed to converge (status=1):
STOP: TOTAL NO. of ITERATIONS REACHED LIMIT.

Increase the number of iterations (max_iter) or scale the data as shown in:
    https://scikit-learn.org/stable/modules/preprocessing.html
  self.n_iter_ = _check_optimize_result("lbfgs", opt_res, self.max_iter)

2023-07-04 10:20:50,158:WARNING:/home/thom/venvs/fairlearn/lib/python3.9/site-packages/sklearn/linear_model/_huber.py:335: ConvergenceWarning: lbfgs failed to converge (status=1):
STOP: TOTAL NO. of ITERATIONS REACHED LIMIT.

Increase the number of iterations (max_iter) or scale the data as shown in:
    https://scikit-learn.org/stable/modules/preprocessing.html
  self.n_iter_ = _check_optimize_result("lbfgs", opt_res, self.max_iter)

2023-07-04 10:20:50,159:WARNING:/home/thom/venvs/fairlearn/lib/python3.9/site-packages/sklearn/linear_model/_huber.py:335: ConvergenceWarning: lbfgs failed to converge (status=1):
STOP: TOTAL NO. of ITERATIONS REACHED LIMIT.

Increase the number of iterations (max_iter) or scale the data as shown in:
    https://scikit-learn.org/stable/modules/preprocessing.html
  self.n_iter_ = _check_optimize_result("lbfgs", opt_res, self.max_iter)

2023-07-04 10:20:50,258:WARNING:/home/thom/venvs/fairlearn/lib/python3.9/site-packages/sklearn/linear_model/_huber.py:335: ConvergenceWarning: lbfgs failed to converge (status=1):
STOP: TOTAL NO. of ITERATIONS REACHED LIMIT.

Increase the number of iterations (max_iter) or scale the data as shown in:
    https://scikit-learn.org/stable/modules/preprocessing.html
  self.n_iter_ = _check_optimize_result("lbfgs", opt_res, self.max_iter)

2023-07-04 10:20:50,320:WARNING:/home/thom/venvs/fairlearn/lib/python3.9/site-packages/sklearn/linear_model/_huber.py:335: ConvergenceWarning: lbfgs failed to converge (status=1):
STOP: TOTAL NO. of ITERATIONS REACHED LIMIT.

Increase the number of iterations (max_iter) or scale the data as shown in:
    https://scikit-learn.org/stable/modules/preprocessing.html
  self.n_iter_ = _check_optimize_result("lbfgs", opt_res, self.max_iter)

2023-07-04 10:20:50,430:WARNING:/home/thom/venvs/fairlearn/lib/python3.9/site-packages/sklearn/linear_model/_huber.py:335: ConvergenceWarning: lbfgs failed to converge (status=1):
STOP: TOTAL NO. of ITERATIONS REACHED LIMIT.

Increase the number of iterations (max_iter) or scale the data as shown in:
    https://scikit-learn.org/stable/modules/preprocessing.html
  self.n_iter_ = _check_optimize_result("lbfgs", opt_res, self.max_iter)

2023-07-04 10:20:50,484:WARNING:/home/thom/venvs/fairlearn/lib/python3.9/site-packages/sklearn/linear_model/_huber.py:335: ConvergenceWarning: lbfgs failed to converge (status=1):
STOP: TOTAL NO. of ITERATIONS REACHED LIMIT.

Increase the number of iterations (max_iter) or scale the data as shown in:
    https://scikit-learn.org/stable/modules/preprocessing.html
  self.n_iter_ = _check_optimize_result("lbfgs", opt_res, self.max_iter)

2023-07-04 10:20:50,534:WARNING:/home/thom/venvs/fairlearn/lib/python3.9/site-packages/sklearn/linear_model/_huber.py:335: ConvergenceWarning: lbfgs failed to converge (status=1):
STOP: TOTAL NO. of ITERATIONS REACHED LIMIT.

Increase the number of iterations (max_iter) or scale the data as shown in:
    https://scikit-learn.org/stable/modules/preprocessing.html
  self.n_iter_ = _check_optimize_result("lbfgs", opt_res, self.max_iter)

2023-07-04 10:20:50,635:WARNING:/home/thom/venvs/fairlearn/lib/python3.9/site-packages/sklearn/linear_model/_huber.py:335: ConvergenceWarning: lbfgs failed to converge (status=1):
STOP: TOTAL NO. of ITERATIONS REACHED LIMIT.

Increase the number of iterations (max_iter) or scale the data as shown in:
    https://scikit-learn.org/stable/modules/preprocessing.html
  self.n_iter_ = _check_optimize_result("lbfgs", opt_res, self.max_iter)

2023-07-04 10:20:50,777:WARNING:/home/thom/venvs/fairlearn/lib/python3.9/site-packages/sklearn/linear_model/_huber.py:335: ConvergenceWarning: lbfgs failed to converge (status=1):
STOP: TOTAL NO. of ITERATIONS REACHED LIMIT.

Increase the number of iterations (max_iter) or scale the data as shown in:
    https://scikit-learn.org/stable/modules/preprocessing.html
  self.n_iter_ = _check_optimize_result("lbfgs", opt_res, self.max_iter)

2023-07-04 10:20:50,820:WARNING:/home/thom/venvs/fairlearn/lib/python3.9/site-packages/sklearn/linear_model/_huber.py:335: ConvergenceWarning: lbfgs failed to converge (status=1):
STOP: TOTAL NO. of ITERATIONS REACHED LIMIT.

Increase the number of iterations (max_iter) or scale the data as shown in:
    https://scikit-learn.org/stable/modules/preprocessing.html
  self.n_iter_ = _check_optimize_result("lbfgs", opt_res, self.max_iter)

2023-07-04 10:20:50,946:WARNING:/home/thom/venvs/fairlearn/lib/python3.9/site-packages/sklearn/linear_model/_huber.py:335: ConvergenceWarning: lbfgs failed to converge (status=1):
STOP: TOTAL NO. of ITERATIONS REACHED LIMIT.

Increase the number of iterations (max_iter) or scale the data as shown in:
    https://scikit-learn.org/stable/modules/preprocessing.html
  self.n_iter_ = _check_optimize_result("lbfgs", opt_res, self.max_iter)

2023-07-04 10:20:51,125:WARNING:/home/thom/venvs/fairlearn/lib/python3.9/site-packages/sklearn/linear_model/_huber.py:335: ConvergenceWarning: lbfgs failed to converge (status=1):
STOP: TOTAL NO. of ITERATIONS REACHED LIMIT.

Increase the number of iterations (max_iter) or scale the data as shown in:
    https://scikit-learn.org/stable/modules/preprocessing.html
  self.n_iter_ = _check_optimize_result("lbfgs", opt_res, self.max_iter)

2023-07-04 10:20:51,362:WARNING:/home/thom/venvs/fairlearn/lib/python3.9/site-packages/sklearn/linear_model/_huber.py:335: ConvergenceWarning: lbfgs failed to converge (status=1):
STOP: TOTAL NO. of ITERATIONS REACHED LIMIT.

Increase the number of iterations (max_iter) or scale the data as shown in:
    https://scikit-learn.org/stable/modules/preprocessing.html
  self.n_iter_ = _check_optimize_result("lbfgs", opt_res, self.max_iter)

2023-07-04 10:20:59,448:WARNING:/home/thom/venvs/fairlearn/lib/python3.9/site-packages/sklearn/linear_model/_huber.py:335: ConvergenceWarning: lbfgs failed to converge (status=1):
STOP: TOTAL NO. of ITERATIONS REACHED LIMIT.

Increase the number of iterations (max_iter) or scale the data as shown in:
    https://scikit-learn.org/stable/modules/preprocessing.html
  self.n_iter_ = _check_optimize_result("lbfgs", opt_res, self.max_iter)

2023-07-04 10:21:00,152:WARNING:/home/thom/venvs/fairlearn/lib/python3.9/site-packages/sklearn/linear_model/_huber.py:335: ConvergenceWarning: lbfgs failed to converge (status=1):
STOP: TOTAL NO. of ITERATIONS REACHED LIMIT.

Increase the number of iterations (max_iter) or scale the data as shown in:
    https://scikit-learn.org/stable/modules/preprocessing.html
  self.n_iter_ = _check_optimize_result("lbfgs", opt_res, self.max_iter)

2023-07-04 10:21:00,525:WARNING:/home/thom/venvs/fairlearn/lib/python3.9/site-packages/sklearn/linear_model/_huber.py:335: ConvergenceWarning: lbfgs failed to converge (status=1):
STOP: TOTAL NO. of ITERATIONS REACHED LIMIT.

Increase the number of iterations (max_iter) or scale the data as shown in:
    https://scikit-learn.org/stable/modules/preprocessing.html
  self.n_iter_ = _check_optimize_result("lbfgs", opt_res, self.max_iter)

2023-07-04 10:21:00,899:WARNING:A worker stopped while some jobs were given to the executor. This can be caused by a too short worker timeout or by a memory leak.

2023-07-04 10:21:01,683:WARNING:/home/thom/venvs/fairlearn/lib/python3.9/site-packages/sklearn/linear_model/_huber.py:335: ConvergenceWarning: lbfgs failed to converge (status=1):
STOP: TOTAL NO. of ITERATIONS REACHED LIMIT.

Increase the number of iterations (max_iter) or scale the data as shown in:
    https://scikit-learn.org/stable/modules/preprocessing.html
  self.n_iter_ = _check_optimize_result("lbfgs", opt_res, self.max_iter)

2023-07-04 10:21:01,906:WARNING:/home/thom/venvs/fairlearn/lib/python3.9/site-packages/sklearn/linear_model/_huber.py:335: ConvergenceWarning: lbfgs failed to converge (status=1):
STOP: TOTAL NO. of ITERATIONS REACHED LIMIT.

Increase the number of iterations (max_iter) or scale the data as shown in:
    https://scikit-learn.org/stable/modules/preprocessing.html
  self.n_iter_ = _check_optimize_result("lbfgs", opt_res, self.max_iter)

2023-07-04 10:21:02,155:WARNING:/home/thom/venvs/fairlearn/lib/python3.9/site-packages/sklearn/linear_model/_huber.py:335: ConvergenceWarning: lbfgs failed to converge (status=1):
STOP: TOTAL NO. of ITERATIONS REACHED LIMIT.

Increase the number of iterations (max_iter) or scale the data as shown in:
    https://scikit-learn.org/stable/modules/preprocessing.html
  self.n_iter_ = _check_optimize_result("lbfgs", opt_res, self.max_iter)

2023-07-04 10:21:02,299:WARNING:/home/thom/venvs/fairlearn/lib/python3.9/site-packages/sklearn/linear_model/_huber.py:335: ConvergenceWarning: lbfgs failed to converge (status=1):
STOP: TOTAL NO. of ITERATIONS REACHED LIMIT.

Increase the number of iterations (max_iter) or scale the data as shown in:
    https://scikit-learn.org/stable/modules/preprocessing.html
  self.n_iter_ = _check_optimize_result("lbfgs", opt_res, self.max_iter)

2023-07-04 10:21:02,422:WARNING:/home/thom/venvs/fairlearn/lib/python3.9/site-packages/sklearn/linear_model/_huber.py:335: ConvergenceWarning: lbfgs failed to converge (status=1):
STOP: TOTAL NO. of ITERATIONS REACHED LIMIT.

Increase the number of iterations (max_iter) or scale the data as shown in:
    https://scikit-learn.org/stable/modules/preprocessing.html
  self.n_iter_ = _check_optimize_result("lbfgs", opt_res, self.max_iter)

2023-07-04 10:21:02,469:WARNING:/home/thom/venvs/fairlearn/lib/python3.9/site-packages/sklearn/linear_model/_huber.py:335: ConvergenceWarning: lbfgs failed to converge (status=1):
STOP: TOTAL NO. of ITERATIONS REACHED LIMIT.

Increase the number of iterations (max_iter) or scale the data as shown in:
    https://scikit-learn.org/stable/modules/preprocessing.html
  self.n_iter_ = _check_optimize_result("lbfgs", opt_res, self.max_iter)

2023-07-04 10:21:02,545:WARNING:/home/thom/venvs/fairlearn/lib/python3.9/site-packages/sklearn/linear_model/_huber.py:335: ConvergenceWarning: lbfgs failed to converge (status=1):
STOP: TOTAL NO. of ITERATIONS REACHED LIMIT.

Increase the number of iterations (max_iter) or scale the data as shown in:
    https://scikit-learn.org/stable/modules/preprocessing.html
  self.n_iter_ = _check_optimize_result("lbfgs", opt_res, self.max_iter)

2023-07-04 10:21:02,641:WARNING:/home/thom/venvs/fairlearn/lib/python3.9/site-packages/sklearn/linear_model/_huber.py:335: ConvergenceWarning: lbfgs failed to converge (status=1):
STOP: TOTAL NO. of ITERATIONS REACHED LIMIT.

Increase the number of iterations (max_iter) or scale the data as shown in:
    https://scikit-learn.org/stable/modules/preprocessing.html
  self.n_iter_ = _check_optimize_result("lbfgs", opt_res, self.max_iter)

2023-07-04 10:21:02,680:WARNING:/home/thom/venvs/fairlearn/lib/python3.9/site-packages/sklearn/linear_model/_huber.py:335: ConvergenceWarning: lbfgs failed to converge (status=1):
STOP: TOTAL NO. of ITERATIONS REACHED LIMIT.

Increase the number of iterations (max_iter) or scale the data as shown in:
    https://scikit-learn.org/stable/modules/preprocessing.html
  self.n_iter_ = _check_optimize_result("lbfgs", opt_res, self.max_iter)

2023-07-04 10:21:02,761:WARNING:/home/thom/venvs/fairlearn/lib/python3.9/site-packages/sklearn/linear_model/_huber.py:335: ConvergenceWarning: lbfgs failed to converge (status=1):
STOP: TOTAL NO. of ITERATIONS REACHED LIMIT.

Increase the number of iterations (max_iter) or scale the data as shown in:
    https://scikit-learn.org/stable/modules/preprocessing.html
  self.n_iter_ = _check_optimize_result("lbfgs", opt_res, self.max_iter)

2023-07-04 10:21:02,805:WARNING:/home/thom/venvs/fairlearn/lib/python3.9/site-packages/sklearn/linear_model/_huber.py:335: ConvergenceWarning: lbfgs failed to converge (status=1):
STOP: TOTAL NO. of ITERATIONS REACHED LIMIT.

Increase the number of iterations (max_iter) or scale the data as shown in:
    https://scikit-learn.org/stable/modules/preprocessing.html
  self.n_iter_ = _check_optimize_result("lbfgs", opt_res, self.max_iter)

2023-07-04 10:21:02,863:WARNING:/home/thom/venvs/fairlearn/lib/python3.9/site-packages/sklearn/linear_model/_huber.py:335: ConvergenceWarning: lbfgs failed to converge (status=1):
2023-07-04 10:21:02,863:WARNING:STOP: TOTAL NO. of ITERATIONS REACHED LIMIT.
2023-07-04 10:21:02,863:WARNING:
2023-07-04 10:21:02,863:WARNING:Increase the number of iterations (max_iter) or scale the data as shown in:
2023-07-04 10:21:02,864:WARNING:    https://scikit-learn.org/stable/modules/preprocessing.html
2023-07-04 10:21:02,864:WARNING:  self.n_iter_ = _check_optimize_result("lbfgs", opt_res, self.max_iter)
2023-07-04 10:21:02,962:WARNING:/home/thom/venvs/fairlearn/lib/python3.9/site-packages/sklearn/linear_model/_huber.py:335: ConvergenceWarning: lbfgs failed to converge (status=1):
STOP: TOTAL NO. of ITERATIONS REACHED LIMIT.

Increase the number of iterations (max_iter) or scale the data as shown in:
    https://scikit-learn.org/stable/modules/preprocessing.html
  self.n_iter_ = _check_optimize_result("lbfgs", opt_res, self.max_iter)

2023-07-04 10:21:02,973:WARNING:/home/thom/venvs/fairlearn/lib/python3.9/site-packages/sklearn/linear_model/_huber.py:335: ConvergenceWarning: lbfgs failed to converge (status=1):
STOP: TOTAL NO. of ITERATIONS REACHED LIMIT.

Increase the number of iterations (max_iter) or scale the data as shown in:
    https://scikit-learn.org/stable/modules/preprocessing.html
  self.n_iter_ = _check_optimize_result("lbfgs", opt_res, self.max_iter)

2023-07-04 10:21:03,141:WARNING:/home/thom/venvs/fairlearn/lib/python3.9/site-packages/sklearn/linear_model/_huber.py:335: ConvergenceWarning: lbfgs failed to converge (status=1):
STOP: TOTAL NO. of ITERATIONS REACHED LIMIT.

Increase the number of iterations (max_iter) or scale the data as shown in:
    https://scikit-learn.org/stable/modules/preprocessing.html
  self.n_iter_ = _check_optimize_result("lbfgs", opt_res, self.max_iter)

2023-07-04 10:21:03,150:WARNING:/home/thom/venvs/fairlearn/lib/python3.9/site-packages/sklearn/linear_model/_huber.py:335: ConvergenceWarning: lbfgs failed to converge (status=1):
STOP: TOTAL NO. of ITERATIONS REACHED LIMIT.

Increase the number of iterations (max_iter) or scale the data as shown in:
    https://scikit-learn.org/stable/modules/preprocessing.html
  self.n_iter_ = _check_optimize_result("lbfgs", opt_res, self.max_iter)

2023-07-04 10:21:05,551:WARNING:/home/thom/venvs/fairlearn/lib/python3.9/site-packages/sklearn/linear_model/_huber.py:335: ConvergenceWarning: lbfgs failed to converge (status=1):
2023-07-04 10:21:05,552:WARNING:STOP: TOTAL NO. of ITERATIONS REACHED LIMIT.
2023-07-04 10:21:05,552:WARNING:
2023-07-04 10:21:05,552:WARNING:Increase the number of iterations (max_iter) or scale the data as shown in:
2023-07-04 10:21:05,552:WARNING:    https://scikit-learn.org/stable/modules/preprocessing.html
2023-07-04 10:21:05,552:WARNING:  self.n_iter_ = _check_optimize_result("lbfgs", opt_res, self.max_iter)
2023-07-04 10:21:05,709:WARNING:/home/thom/venvs/fairlearn/lib/python3.9/site-packages/sklearn/linear_model/_huber.py:335: ConvergenceWarning: lbfgs failed to converge (status=1):
2023-07-04 10:21:05,709:WARNING:STOP: TOTAL NO. of ITERATIONS REACHED LIMIT.
2023-07-04 10:21:05,710:WARNING:
2023-07-04 10:21:05,710:WARNING:Increase the number of iterations (max_iter) or scale the data as shown in:
2023-07-04 10:21:05,710:WARNING:    https://scikit-learn.org/stable/modules/preprocessing.html
2023-07-04 10:21:05,710:WARNING:  self.n_iter_ = _check_optimize_result("lbfgs", opt_res, self.max_iter)
2023-07-04 10:21:05,848:WARNING:/home/thom/venvs/fairlearn/lib/python3.9/site-packages/sklearn/linear_model/_huber.py:335: ConvergenceWarning: lbfgs failed to converge (status=1):
2023-07-04 10:21:05,848:WARNING:STOP: TOTAL NO. of ITERATIONS REACHED LIMIT.
2023-07-04 10:21:05,848:WARNING:
2023-07-04 10:21:05,848:WARNING:Increase the number of iterations (max_iter) or scale the data as shown in:
2023-07-04 10:21:05,848:WARNING:    https://scikit-learn.org/stable/modules/preprocessing.html
2023-07-04 10:21:05,848:WARNING:  self.n_iter_ = _check_optimize_result("lbfgs", opt_res, self.max_iter)
2023-07-04 10:21:06,009:WARNING:/home/thom/venvs/fairlearn/lib/python3.9/site-packages/sklearn/linear_model/_huber.py:335: ConvergenceWarning: lbfgs failed to converge (status=1):
2023-07-04 10:21:06,009:WARNING:STOP: TOTAL NO. of ITERATIONS REACHED LIMIT.
2023-07-04 10:21:06,010:WARNING:
2023-07-04 10:21:06,010:WARNING:Increase the number of iterations (max_iter) or scale the data as shown in:
2023-07-04 10:21:06,010:WARNING:    https://scikit-learn.org/stable/modules/preprocessing.html
2023-07-04 10:21:06,010:WARNING:  self.n_iter_ = _check_optimize_result("lbfgs", opt_res, self.max_iter)
2023-07-04 10:21:06,218:WARNING:/home/thom/venvs/fairlearn/lib/python3.9/site-packages/sklearn/linear_model/_huber.py:335: ConvergenceWarning: lbfgs failed to converge (status=1):
2023-07-04 10:21:06,218:WARNING:STOP: TOTAL NO. of ITERATIONS REACHED LIMIT.
2023-07-04 10:21:06,218:WARNING:
2023-07-04 10:21:06,218:WARNING:Increase the number of iterations (max_iter) or scale the data as shown in:
2023-07-04 10:21:06,218:WARNING:    https://scikit-learn.org/stable/modules/preprocessing.html
2023-07-04 10:21:06,218:WARNING:  self.n_iter_ = _check_optimize_result("lbfgs", opt_res, self.max_iter)
2023-07-04 10:21:12,425:WARNING:/home/thom/venvs/fairlearn/lib/python3.9/site-packages/sklearn/linear_model/_huber.py:335: ConvergenceWarning: lbfgs failed to converge (status=1):
STOP: TOTAL NO. of ITERATIONS REACHED LIMIT.

Increase the number of iterations (max_iter) or scale the data as shown in:
    https://scikit-learn.org/stable/modules/preprocessing.html
  self.n_iter_ = _check_optimize_result("lbfgs", opt_res, self.max_iter)

2023-07-04 10:21:12,744:WARNING:/home/thom/venvs/fairlearn/lib/python3.9/site-packages/sklearn/linear_model/_huber.py:335: ConvergenceWarning: lbfgs failed to converge (status=1):
STOP: TOTAL NO. of ITERATIONS REACHED LIMIT.

Increase the number of iterations (max_iter) or scale the data as shown in:
    https://scikit-learn.org/stable/modules/preprocessing.html
  self.n_iter_ = _check_optimize_result("lbfgs", opt_res, self.max_iter)

2023-07-04 10:21:12,941:WARNING:/home/thom/venvs/fairlearn/lib/python3.9/site-packages/sklearn/linear_model/_huber.py:335: ConvergenceWarning: lbfgs failed to converge (status=1):
STOP: TOTAL NO. of ITERATIONS REACHED LIMIT.

Increase the number of iterations (max_iter) or scale the data as shown in:
    https://scikit-learn.org/stable/modules/preprocessing.html
  self.n_iter_ = _check_optimize_result("lbfgs", opt_res, self.max_iter)

2023-07-04 10:21:14,497:WARNING:/home/thom/venvs/fairlearn/lib/python3.9/site-packages/sklearn/linear_model/_huber.py:335: ConvergenceWarning: lbfgs failed to converge (status=1):
STOP: TOTAL NO. of ITERATIONS REACHED LIMIT.

Increase the number of iterations (max_iter) or scale the data as shown in:
    https://scikit-learn.org/stable/modules/preprocessing.html
  self.n_iter_ = _check_optimize_result("lbfgs", opt_res, self.max_iter)

2023-07-04 10:21:14,739:WARNING:/home/thom/venvs/fairlearn/lib/python3.9/site-packages/sklearn/linear_model/_huber.py:335: ConvergenceWarning: lbfgs failed to converge (status=1):
STOP: TOTAL NO. of ITERATIONS REACHED LIMIT.

Increase the number of iterations (max_iter) or scale the data as shown in:
    https://scikit-learn.org/stable/modules/preprocessing.html
  self.n_iter_ = _check_optimize_result("lbfgs", opt_res, self.max_iter)

2023-07-04 10:21:14,898:WARNING:/home/thom/venvs/fairlearn/lib/python3.9/site-packages/sklearn/linear_model/_huber.py:335: ConvergenceWarning: lbfgs failed to converge (status=1):
STOP: TOTAL NO. of ITERATIONS REACHED LIMIT.

Increase the number of iterations (max_iter) or scale the data as shown in:
    https://scikit-learn.org/stable/modules/preprocessing.html
  self.n_iter_ = _check_optimize_result("lbfgs", opt_res, self.max_iter)

2023-07-04 10:21:14,989:WARNING:/home/thom/venvs/fairlearn/lib/python3.9/site-packages/sklearn/linear_model/_huber.py:335: ConvergenceWarning: lbfgs failed to converge (status=1):
2023-07-04 10:21:14,989:WARNING:STOP: TOTAL NO. of ITERATIONS REACHED LIMIT.
2023-07-04 10:21:14,989:WARNING:
2023-07-04 10:21:14,990:WARNING:Increase the number of iterations (max_iter) or scale the data as shown in:
2023-07-04 10:21:14,990:WARNING:    https://scikit-learn.org/stable/modules/preprocessing.html
2023-07-04 10:21:14,990:WARNING:  self.n_iter_ = _check_optimize_result("lbfgs", opt_res, self.max_iter)
2023-07-04 10:21:15,099:WARNING:/home/thom/venvs/fairlearn/lib/python3.9/site-packages/sklearn/linear_model/_huber.py:335: ConvergenceWarning: lbfgs failed to converge (status=1):
STOP: TOTAL NO. of ITERATIONS REACHED LIMIT.

Increase the number of iterations (max_iter) or scale the data as shown in:
    https://scikit-learn.org/stable/modules/preprocessing.html
  self.n_iter_ = _check_optimize_result("lbfgs", opt_res, self.max_iter)

2023-07-04 10:21:15,271:WARNING:/home/thom/venvs/fairlearn/lib/python3.9/site-packages/sklearn/linear_model/_huber.py:335: ConvergenceWarning: lbfgs failed to converge (status=1):
STOP: TOTAL NO. of ITERATIONS REACHED LIMIT.

Increase the number of iterations (max_iter) or scale the data as shown in:
    https://scikit-learn.org/stable/modules/preprocessing.html
  self.n_iter_ = _check_optimize_result("lbfgs", opt_res, self.max_iter)

2023-07-04 10:21:15,679:WARNING:/home/thom/venvs/fairlearn/lib/python3.9/site-packages/sklearn/linear_model/_huber.py:335: ConvergenceWarning: lbfgs failed to converge (status=1):
STOP: TOTAL NO. of ITERATIONS REACHED LIMIT.

Increase the number of iterations (max_iter) or scale the data as shown in:
    https://scikit-learn.org/stable/modules/preprocessing.html
  self.n_iter_ = _check_optimize_result("lbfgs", opt_res, self.max_iter)

2023-07-04 10:21:15,709:WARNING:/home/thom/venvs/fairlearn/lib/python3.9/site-packages/sklearn/linear_model/_huber.py:335: ConvergenceWarning: lbfgs failed to converge (status=1):
STOP: TOTAL NO. of ITERATIONS REACHED LIMIT.

Increase the number of iterations (max_iter) or scale the data as shown in:
    https://scikit-learn.org/stable/modules/preprocessing.html
  self.n_iter_ = _check_optimize_result("lbfgs", opt_res, self.max_iter)

2023-07-04 10:21:15,886:WARNING:/home/thom/venvs/fairlearn/lib/python3.9/site-packages/sklearn/linear_model/_huber.py:335: ConvergenceWarning: lbfgs failed to converge (status=1):
STOP: TOTAL NO. of ITERATIONS REACHED LIMIT.

Increase the number of iterations (max_iter) or scale the data as shown in:
    https://scikit-learn.org/stable/modules/preprocessing.html
  self.n_iter_ = _check_optimize_result("lbfgs", opt_res, self.max_iter)

2023-07-04 10:21:15,972:WARNING:/home/thom/venvs/fairlearn/lib/python3.9/site-packages/sklearn/linear_model/_huber.py:335: ConvergenceWarning: lbfgs failed to converge (status=1):
STOP: TOTAL NO. of ITERATIONS REACHED LIMIT.

Increase the number of iterations (max_iter) or scale the data as shown in:
    https://scikit-learn.org/stable/modules/preprocessing.html
  self.n_iter_ = _check_optimize_result("lbfgs", opt_res, self.max_iter)

2023-07-04 10:21:16,078:WARNING:/home/thom/venvs/fairlearn/lib/python3.9/site-packages/sklearn/linear_model/_huber.py:335: ConvergenceWarning: lbfgs failed to converge (status=1):
STOP: TOTAL NO. of ITERATIONS REACHED LIMIT.

Increase the number of iterations (max_iter) or scale the data as shown in:
    https://scikit-learn.org/stable/modules/preprocessing.html
  self.n_iter_ = _check_optimize_result("lbfgs", opt_res, self.max_iter)

2023-07-04 10:21:16,240:WARNING:/home/thom/venvs/fairlearn/lib/python3.9/site-packages/sklearn/linear_model/_huber.py:335: ConvergenceWarning: lbfgs failed to converge (status=1):
STOP: TOTAL NO. of ITERATIONS REACHED LIMIT.

Increase the number of iterations (max_iter) or scale the data as shown in:
    https://scikit-learn.org/stable/modules/preprocessing.html
  self.n_iter_ = _check_optimize_result("lbfgs", opt_res, self.max_iter)

2023-07-04 10:21:16,354:WARNING:/home/thom/venvs/fairlearn/lib/python3.9/site-packages/sklearn/linear_model/_huber.py:335: ConvergenceWarning: lbfgs failed to converge (status=1):
STOP: TOTAL NO. of ITERATIONS REACHED LIMIT.

Increase the number of iterations (max_iter) or scale the data as shown in:
    https://scikit-learn.org/stable/modules/preprocessing.html
  self.n_iter_ = _check_optimize_result("lbfgs", opt_res, self.max_iter)

2023-07-04 10:21:16,482:WARNING:/home/thom/venvs/fairlearn/lib/python3.9/site-packages/sklearn/linear_model/_huber.py:335: ConvergenceWarning: lbfgs failed to converge (status=1):
STOP: TOTAL NO. of ITERATIONS REACHED LIMIT.

Increase the number of iterations (max_iter) or scale the data as shown in:
    https://scikit-learn.org/stable/modules/preprocessing.html
  self.n_iter_ = _check_optimize_result("lbfgs", opt_res, self.max_iter)

2023-07-04 10:21:16,550:WARNING:/home/thom/venvs/fairlearn/lib/python3.9/site-packages/sklearn/linear_model/_huber.py:335: ConvergenceWarning: lbfgs failed to converge (status=1):
STOP: TOTAL NO. of ITERATIONS REACHED LIMIT.

Increase the number of iterations (max_iter) or scale the data as shown in:
    https://scikit-learn.org/stable/modules/preprocessing.html
  self.n_iter_ = _check_optimize_result("lbfgs", opt_res, self.max_iter)

2023-07-04 10:21:16,769:WARNING:/home/thom/venvs/fairlearn/lib/python3.9/site-packages/sklearn/linear_model/_huber.py:335: ConvergenceWarning: lbfgs failed to converge (status=1):
STOP: TOTAL NO. of ITERATIONS REACHED LIMIT.

Increase the number of iterations (max_iter) or scale the data as shown in:
    https://scikit-learn.org/stable/modules/preprocessing.html
  self.n_iter_ = _check_optimize_result("lbfgs", opt_res, self.max_iter)

2023-07-04 10:21:17,117:WARNING:/home/thom/venvs/fairlearn/lib/python3.9/site-packages/sklearn/linear_model/_huber.py:335: ConvergenceWarning: lbfgs failed to converge (status=1):
2023-07-04 10:21:17,117:WARNING:STOP: TOTAL NO. of ITERATIONS REACHED LIMIT.
2023-07-04 10:21:17,117:WARNING:
2023-07-04 10:21:17,117:WARNING:Increase the number of iterations (max_iter) or scale the data as shown in:
2023-07-04 10:21:17,117:WARNING:    https://scikit-learn.org/stable/modules/preprocessing.html
2023-07-04 10:21:17,117:WARNING:  self.n_iter_ = _check_optimize_result("lbfgs", opt_res, self.max_iter)
2023-07-04 10:21:17,293:WARNING:/home/thom/venvs/fairlearn/lib/python3.9/site-packages/sklearn/linear_model/_huber.py:335: ConvergenceWarning: lbfgs failed to converge (status=1):
2023-07-04 10:21:17,293:WARNING:STOP: TOTAL NO. of ITERATIONS REACHED LIMIT.
2023-07-04 10:21:17,294:WARNING:
2023-07-04 10:21:17,294:WARNING:Increase the number of iterations (max_iter) or scale the data as shown in:
2023-07-04 10:21:17,294:WARNING:    https://scikit-learn.org/stable/modules/preprocessing.html
2023-07-04 10:21:17,294:WARNING:  self.n_iter_ = _check_optimize_result("lbfgs", opt_res, self.max_iter)
2023-07-04 10:21:17,516:WARNING:/home/thom/venvs/fairlearn/lib/python3.9/site-packages/sklearn/linear_model/_huber.py:335: ConvergenceWarning: lbfgs failed to converge (status=1):
2023-07-04 10:21:17,516:WARNING:STOP: TOTAL NO. of ITERATIONS REACHED LIMIT.
2023-07-04 10:21:17,516:WARNING:
2023-07-04 10:21:17,517:WARNING:Increase the number of iterations (max_iter) or scale the data as shown in:
2023-07-04 10:21:17,517:WARNING:    https://scikit-learn.org/stable/modules/preprocessing.html
2023-07-04 10:21:17,517:WARNING:  self.n_iter_ = _check_optimize_result("lbfgs", opt_res, self.max_iter)
2023-07-04 10:21:17,832:WARNING:/home/thom/venvs/fairlearn/lib/python3.9/site-packages/sklearn/linear_model/_huber.py:335: ConvergenceWarning: lbfgs failed to converge (status=1):
2023-07-04 10:21:17,832:WARNING:STOP: TOTAL NO. of ITERATIONS REACHED LIMIT.
2023-07-04 10:21:17,833:WARNING:
2023-07-04 10:21:17,833:WARNING:Increase the number of iterations (max_iter) or scale the data as shown in:
2023-07-04 10:21:17,833:WARNING:    https://scikit-learn.org/stable/modules/preprocessing.html
2023-07-04 10:21:17,833:WARNING:  self.n_iter_ = _check_optimize_result("lbfgs", opt_res, self.max_iter)
2023-07-04 10:21:18,033:WARNING:/home/thom/venvs/fairlearn/lib/python3.9/site-packages/sklearn/linear_model/_huber.py:335: ConvergenceWarning: lbfgs failed to converge (status=1):
2023-07-04 10:21:18,033:WARNING:STOP: TOTAL NO. of ITERATIONS REACHED LIMIT.
2023-07-04 10:21:18,033:WARNING:
2023-07-04 10:21:18,033:WARNING:Increase the number of iterations (max_iter) or scale the data as shown in:
2023-07-04 10:21:18,033:WARNING:    https://scikit-learn.org/stable/modules/preprocessing.html
2023-07-04 10:21:18,033:WARNING:  self.n_iter_ = _check_optimize_result("lbfgs", opt_res, self.max_iter)
2023-07-04 10:21:24,893:WARNING:/home/thom/venvs/fairlearn/lib/python3.9/site-packages/sklearn/linear_model/_huber.py:335: ConvergenceWarning: lbfgs failed to converge (status=1):
STOP: TOTAL NO. of ITERATIONS REACHED LIMIT.

Increase the number of iterations (max_iter) or scale the data as shown in:
    https://scikit-learn.org/stable/modules/preprocessing.html
  self.n_iter_ = _check_optimize_result("lbfgs", opt_res, self.max_iter)

2023-07-04 10:21:25,924:WARNING:/home/thom/venvs/fairlearn/lib/python3.9/site-packages/sklearn/linear_model/_huber.py:335: ConvergenceWarning: lbfgs failed to converge (status=1):
STOP: TOTAL NO. of ITERATIONS REACHED LIMIT.

Increase the number of iterations (max_iter) or scale the data as shown in:
    https://scikit-learn.org/stable/modules/preprocessing.html
  self.n_iter_ = _check_optimize_result("lbfgs", opt_res, self.max_iter)

2023-07-04 10:21:26,101:WARNING:/home/thom/venvs/fairlearn/lib/python3.9/site-packages/sklearn/linear_model/_huber.py:335: ConvergenceWarning: lbfgs failed to converge (status=1):
STOP: TOTAL NO. of ITERATIONS REACHED LIMIT.

Increase the number of iterations (max_iter) or scale the data as shown in:
    https://scikit-learn.org/stable/modules/preprocessing.html
  self.n_iter_ = _check_optimize_result("lbfgs", opt_res, self.max_iter)

2023-07-04 10:21:27,215:WARNING:/home/thom/venvs/fairlearn/lib/python3.9/site-packages/sklearn/linear_model/_huber.py:335: ConvergenceWarning: lbfgs failed to converge (status=1):
STOP: TOTAL NO. of ITERATIONS REACHED LIMIT.

Increase the number of iterations (max_iter) or scale the data as shown in:
    https://scikit-learn.org/stable/modules/preprocessing.html
  self.n_iter_ = _check_optimize_result("lbfgs", opt_res, self.max_iter)

2023-07-04 10:21:27,385:WARNING:/home/thom/venvs/fairlearn/lib/python3.9/site-packages/sklearn/linear_model/_huber.py:335: ConvergenceWarning: lbfgs failed to converge (status=1):
STOP: TOTAL NO. of ITERATIONS REACHED LIMIT.

Increase the number of iterations (max_iter) or scale the data as shown in:
    https://scikit-learn.org/stable/modules/preprocessing.html
  self.n_iter_ = _check_optimize_result("lbfgs", opt_res, self.max_iter)

2023-07-04 10:21:27,646:WARNING:/home/thom/venvs/fairlearn/lib/python3.9/site-packages/sklearn/linear_model/_huber.py:335: ConvergenceWarning: lbfgs failed to converge (status=1):
STOP: TOTAL NO. of ITERATIONS REACHED LIMIT.

Increase the number of iterations (max_iter) or scale the data as shown in:
    https://scikit-learn.org/stable/modules/preprocessing.html
  self.n_iter_ = _check_optimize_result("lbfgs", opt_res, self.max_iter)

2023-07-04 10:21:27,654:WARNING:/home/thom/venvs/fairlearn/lib/python3.9/site-packages/sklearn/linear_model/_huber.py:335: ConvergenceWarning: lbfgs failed to converge (status=1):
2023-07-04 10:21:27,654:WARNING:STOP: TOTAL NO. of ITERATIONS REACHED LIMIT.
2023-07-04 10:21:27,655:WARNING:
2023-07-04 10:21:27,655:WARNING:Increase the number of iterations (max_iter) or scale the data as shown in:
2023-07-04 10:21:27,655:WARNING:    https://scikit-learn.org/stable/modules/preprocessing.html
2023-07-04 10:21:27,655:WARNING:  self.n_iter_ = _check_optimize_result("lbfgs", opt_res, self.max_iter)
2023-07-04 10:21:28,102:WARNING:/home/thom/venvs/fairlearn/lib/python3.9/site-packages/sklearn/linear_model/_huber.py:335: ConvergenceWarning: lbfgs failed to converge (status=1):
STOP: TOTAL NO. of ITERATIONS REACHED LIMIT.

Increase the number of iterations (max_iter) or scale the data as shown in:
    https://scikit-learn.org/stable/modules/preprocessing.html
  self.n_iter_ = _check_optimize_result("lbfgs", opt_res, self.max_iter)

2023-07-04 10:21:28,321:WARNING:/home/thom/venvs/fairlearn/lib/python3.9/site-packages/sklearn/linear_model/_huber.py:335: ConvergenceWarning: lbfgs failed to converge (status=1):
STOP: TOTAL NO. of ITERATIONS REACHED LIMIT.

Increase the number of iterations (max_iter) or scale the data as shown in:
    https://scikit-learn.org/stable/modules/preprocessing.html
  self.n_iter_ = _check_optimize_result("lbfgs", opt_res, self.max_iter)

2023-07-04 10:21:28,380:WARNING:/home/thom/venvs/fairlearn/lib/python3.9/site-packages/sklearn/linear_model/_huber.py:335: ConvergenceWarning: lbfgs failed to converge (status=1):
STOP: TOTAL NO. of ITERATIONS REACHED LIMIT.

Increase the number of iterations (max_iter) or scale the data as shown in:
    https://scikit-learn.org/stable/modules/preprocessing.html
  self.n_iter_ = _check_optimize_result("lbfgs", opt_res, self.max_iter)

2023-07-04 10:21:28,524:WARNING:/home/thom/venvs/fairlearn/lib/python3.9/site-packages/sklearn/linear_model/_huber.py:335: ConvergenceWarning: lbfgs failed to converge (status=1):
STOP: TOTAL NO. of ITERATIONS REACHED LIMIT.

Increase the number of iterations (max_iter) or scale the data as shown in:
    https://scikit-learn.org/stable/modules/preprocessing.html
  self.n_iter_ = _check_optimize_result("lbfgs", opt_res, self.max_iter)

2023-07-04 10:21:28,534:WARNING:/home/thom/venvs/fairlearn/lib/python3.9/site-packages/sklearn/linear_model/_huber.py:335: ConvergenceWarning: lbfgs failed to converge (status=1):
STOP: TOTAL NO. of ITERATIONS REACHED LIMIT.

Increase the number of iterations (max_iter) or scale the data as shown in:
    https://scikit-learn.org/stable/modules/preprocessing.html
  self.n_iter_ = _check_optimize_result("lbfgs", opt_res, self.max_iter)

2023-07-04 10:21:28,722:WARNING:/home/thom/venvs/fairlearn/lib/python3.9/site-packages/sklearn/linear_model/_huber.py:335: ConvergenceWarning: lbfgs failed to converge (status=1):
STOP: TOTAL NO. of ITERATIONS REACHED LIMIT.

Increase the number of iterations (max_iter) or scale the data as shown in:
    https://scikit-learn.org/stable/modules/preprocessing.html
  self.n_iter_ = _check_optimize_result("lbfgs", opt_res, self.max_iter)

2023-07-04 10:21:28,782:WARNING:/home/thom/venvs/fairlearn/lib/python3.9/site-packages/sklearn/linear_model/_huber.py:335: ConvergenceWarning: lbfgs failed to converge (status=1):
STOP: TOTAL NO. of ITERATIONS REACHED LIMIT.

Increase the number of iterations (max_iter) or scale the data as shown in:
    https://scikit-learn.org/stable/modules/preprocessing.html
  self.n_iter_ = _check_optimize_result("lbfgs", opt_res, self.max_iter)

2023-07-04 10:21:28,908:WARNING:/home/thom/venvs/fairlearn/lib/python3.9/site-packages/sklearn/linear_model/_huber.py:335: ConvergenceWarning: lbfgs failed to converge (status=1):
STOP: TOTAL NO. of ITERATIONS REACHED LIMIT.

Increase the number of iterations (max_iter) or scale the data as shown in:
    https://scikit-learn.org/stable/modules/preprocessing.html
  self.n_iter_ = _check_optimize_result("lbfgs", opt_res, self.max_iter)

2023-07-04 10:21:28,967:WARNING:/home/thom/venvs/fairlearn/lib/python3.9/site-packages/sklearn/linear_model/_huber.py:335: ConvergenceWarning: lbfgs failed to converge (status=1):
STOP: TOTAL NO. of ITERATIONS REACHED LIMIT.

Increase the number of iterations (max_iter) or scale the data as shown in:
    https://scikit-learn.org/stable/modules/preprocessing.html
  self.n_iter_ = _check_optimize_result("lbfgs", opt_res, self.max_iter)

2023-07-04 10:21:29,145:WARNING:/home/thom/venvs/fairlearn/lib/python3.9/site-packages/sklearn/linear_model/_huber.py:335: ConvergenceWarning: lbfgs failed to converge (status=1):
STOP: TOTAL NO. of ITERATIONS REACHED LIMIT.

Increase the number of iterations (max_iter) or scale the data as shown in:
    https://scikit-learn.org/stable/modules/preprocessing.html
  self.n_iter_ = _check_optimize_result("lbfgs", opt_res, self.max_iter)

2023-07-04 10:21:30,459:WARNING:/home/thom/venvs/fairlearn/lib/python3.9/site-packages/sklearn/linear_model/_huber.py:335: ConvergenceWarning: lbfgs failed to converge (status=1):
2023-07-04 10:21:30,459:WARNING:STOP: TOTAL NO. of ITERATIONS REACHED LIMIT.
2023-07-04 10:21:30,459:WARNING:
2023-07-04 10:21:30,459:WARNING:Increase the number of iterations (max_iter) or scale the data as shown in:
2023-07-04 10:21:30,459:WARNING:    https://scikit-learn.org/stable/modules/preprocessing.html
2023-07-04 10:21:30,459:WARNING:  self.n_iter_ = _check_optimize_result("lbfgs", opt_res, self.max_iter)
2023-07-04 10:21:30,687:WARNING:/home/thom/venvs/fairlearn/lib/python3.9/site-packages/sklearn/linear_model/_huber.py:335: ConvergenceWarning: lbfgs failed to converge (status=1):
2023-07-04 10:21:30,688:WARNING:STOP: TOTAL NO. of ITERATIONS REACHED LIMIT.
2023-07-04 10:21:30,688:WARNING:
2023-07-04 10:21:30,688:WARNING:Increase the number of iterations (max_iter) or scale the data as shown in:
2023-07-04 10:21:30,688:WARNING:    https://scikit-learn.org/stable/modules/preprocessing.html
2023-07-04 10:21:30,688:WARNING:  self.n_iter_ = _check_optimize_result("lbfgs", opt_res, self.max_iter)
2023-07-04 10:21:30,923:WARNING:/home/thom/venvs/fairlearn/lib/python3.9/site-packages/sklearn/linear_model/_huber.py:335: ConvergenceWarning: lbfgs failed to converge (status=1):
2023-07-04 10:21:30,923:WARNING:STOP: TOTAL NO. of ITERATIONS REACHED LIMIT.
2023-07-04 10:21:30,923:WARNING:
2023-07-04 10:21:30,923:WARNING:Increase the number of iterations (max_iter) or scale the data as shown in:
2023-07-04 10:21:30,923:WARNING:    https://scikit-learn.org/stable/modules/preprocessing.html
2023-07-04 10:21:30,923:WARNING:  self.n_iter_ = _check_optimize_result("lbfgs", opt_res, self.max_iter)
2023-07-04 10:21:31,283:WARNING:/home/thom/venvs/fairlearn/lib/python3.9/site-packages/sklearn/linear_model/_huber.py:335: ConvergenceWarning: lbfgs failed to converge (status=1):
2023-07-04 10:21:31,283:WARNING:STOP: TOTAL NO. of ITERATIONS REACHED LIMIT.
2023-07-04 10:21:31,283:WARNING:
2023-07-04 10:21:31,284:WARNING:Increase the number of iterations (max_iter) or scale the data as shown in:
2023-07-04 10:21:31,284:WARNING:    https://scikit-learn.org/stable/modules/preprocessing.html
2023-07-04 10:21:31,284:WARNING:  self.n_iter_ = _check_optimize_result("lbfgs", opt_res, self.max_iter)
2023-07-04 10:21:32,144:WARNING:/home/thom/venvs/fairlearn/lib/python3.9/site-packages/sklearn/linear_model/_huber.py:335: ConvergenceWarning: lbfgs failed to converge (status=1):
2023-07-04 10:21:32,144:WARNING:STOP: TOTAL NO. of ITERATIONS REACHED LIMIT.
2023-07-04 10:21:32,144:WARNING:
2023-07-04 10:21:32,144:WARNING:Increase the number of iterations (max_iter) or scale the data as shown in:
2023-07-04 10:21:32,144:WARNING:    https://scikit-learn.org/stable/modules/preprocessing.html
2023-07-04 10:21:32,144:WARNING:  self.n_iter_ = _check_optimize_result("lbfgs", opt_res, self.max_iter)
2023-07-04 10:21:37,106:WARNING:/home/thom/venvs/fairlearn/lib/python3.9/site-packages/sklearn/linear_model/_huber.py:335: ConvergenceWarning: lbfgs failed to converge (status=1):
STOP: TOTAL NO. of ITERATIONS REACHED LIMIT.

Increase the number of iterations (max_iter) or scale the data as shown in:
    https://scikit-learn.org/stable/modules/preprocessing.html
  self.n_iter_ = _check_optimize_result("lbfgs", opt_res, self.max_iter)

2023-07-04 10:21:38,604:WARNING:/home/thom/venvs/fairlearn/lib/python3.9/site-packages/sklearn/linear_model/_huber.py:335: ConvergenceWarning: lbfgs failed to converge (status=1):
STOP: TOTAL NO. of ITERATIONS REACHED LIMIT.

Increase the number of iterations (max_iter) or scale the data as shown in:
    https://scikit-learn.org/stable/modules/preprocessing.html
  self.n_iter_ = _check_optimize_result("lbfgs", opt_res, self.max_iter)

2023-07-04 10:21:38,984:WARNING:/home/thom/venvs/fairlearn/lib/python3.9/site-packages/sklearn/linear_model/_huber.py:335: ConvergenceWarning: lbfgs failed to converge (status=1):
STOP: TOTAL NO. of ITERATIONS REACHED LIMIT.

Increase the number of iterations (max_iter) or scale the data as shown in:
    https://scikit-learn.org/stable/modules/preprocessing.html
  self.n_iter_ = _check_optimize_result("lbfgs", opt_res, self.max_iter)

2023-07-04 10:21:39,186:WARNING:/home/thom/venvs/fairlearn/lib/python3.9/site-packages/sklearn/linear_model/_huber.py:335: ConvergenceWarning: lbfgs failed to converge (status=1):
STOP: TOTAL NO. of ITERATIONS REACHED LIMIT.

Increase the number of iterations (max_iter) or scale the data as shown in:
    https://scikit-learn.org/stable/modules/preprocessing.html
  self.n_iter_ = _check_optimize_result("lbfgs", opt_res, self.max_iter)

2023-07-04 10:21:39,337:WARNING:/home/thom/venvs/fairlearn/lib/python3.9/site-packages/sklearn/linear_model/_huber.py:335: ConvergenceWarning: lbfgs failed to converge (status=1):
STOP: TOTAL NO. of ITERATIONS REACHED LIMIT.

Increase the number of iterations (max_iter) or scale the data as shown in:
    https://scikit-learn.org/stable/modules/preprocessing.html
  self.n_iter_ = _check_optimize_result("lbfgs", opt_res, self.max_iter)

2023-07-04 10:21:39,418:WARNING:/home/thom/venvs/fairlearn/lib/python3.9/site-packages/sklearn/linear_model/_huber.py:335: ConvergenceWarning: lbfgs failed to converge (status=1):
STOP: TOTAL NO. of ITERATIONS REACHED LIMIT.

Increase the number of iterations (max_iter) or scale the data as shown in:
    https://scikit-learn.org/stable/modules/preprocessing.html
  self.n_iter_ = _check_optimize_result("lbfgs", opt_res, self.max_iter)

2023-07-04 10:21:39,552:WARNING:/home/thom/venvs/fairlearn/lib/python3.9/site-packages/sklearn/linear_model/_huber.py:335: ConvergenceWarning: lbfgs failed to converge (status=1):
STOP: TOTAL NO. of ITERATIONS REACHED LIMIT.

Increase the number of iterations (max_iter) or scale the data as shown in:
    https://scikit-learn.org/stable/modules/preprocessing.html
  self.n_iter_ = _check_optimize_result("lbfgs", opt_res, self.max_iter)

2023-07-04 10:21:39,701:WARNING:/home/thom/venvs/fairlearn/lib/python3.9/site-packages/sklearn/linear_model/_huber.py:335: ConvergenceWarning: lbfgs failed to converge (status=1):
STOP: TOTAL NO. of ITERATIONS REACHED LIMIT.

Increase the number of iterations (max_iter) or scale the data as shown in:
    https://scikit-learn.org/stable/modules/preprocessing.html
  self.n_iter_ = _check_optimize_result("lbfgs", opt_res, self.max_iter)

2023-07-04 10:21:41,237:WARNING:/home/thom/venvs/fairlearn/lib/python3.9/site-packages/sklearn/linear_model/_huber.py:335: ConvergenceWarning: lbfgs failed to converge (status=1):
STOP: TOTAL NO. of ITERATIONS REACHED LIMIT.

Increase the number of iterations (max_iter) or scale the data as shown in:
    https://scikit-learn.org/stable/modules/preprocessing.html
  self.n_iter_ = _check_optimize_result("lbfgs", opt_res, self.max_iter)

2023-07-04 10:21:41,446:WARNING:/home/thom/venvs/fairlearn/lib/python3.9/site-packages/sklearn/linear_model/_huber.py:335: ConvergenceWarning: lbfgs failed to converge (status=1):
STOP: TOTAL NO. of ITERATIONS REACHED LIMIT.

Increase the number of iterations (max_iter) or scale the data as shown in:
    https://scikit-learn.org/stable/modules/preprocessing.html
  self.n_iter_ = _check_optimize_result("lbfgs", opt_res, self.max_iter)

2023-07-04 10:21:41,482:WARNING:/home/thom/venvs/fairlearn/lib/python3.9/site-packages/sklearn/linear_model/_huber.py:335: ConvergenceWarning: lbfgs failed to converge (status=1):
STOP: TOTAL NO. of ITERATIONS REACHED LIMIT.

Increase the number of iterations (max_iter) or scale the data as shown in:
    https://scikit-learn.org/stable/modules/preprocessing.html
  self.n_iter_ = _check_optimize_result("lbfgs", opt_res, self.max_iter)

2023-07-04 10:21:41,592:WARNING:/home/thom/venvs/fairlearn/lib/python3.9/site-packages/sklearn/linear_model/_huber.py:335: ConvergenceWarning: lbfgs failed to converge (status=1):
STOP: TOTAL NO. of ITERATIONS REACHED LIMIT.

Increase the number of iterations (max_iter) or scale the data as shown in:
    https://scikit-learn.org/stable/modules/preprocessing.html
  self.n_iter_ = _check_optimize_result("lbfgs", opt_res, self.max_iter)

2023-07-04 10:21:41,625:WARNING:/home/thom/venvs/fairlearn/lib/python3.9/site-packages/sklearn/linear_model/_huber.py:335: ConvergenceWarning: lbfgs failed to converge (status=1):
2023-07-04 10:21:41,625:WARNING:STOP: TOTAL NO. of ITERATIONS REACHED LIMIT.
2023-07-04 10:21:41,625:WARNING:
2023-07-04 10:21:41,625:WARNING:Increase the number of iterations (max_iter) or scale the data as shown in:
2023-07-04 10:21:41,625:WARNING:    https://scikit-learn.org/stable/modules/preprocessing.html
2023-07-04 10:21:41,626:WARNING:  self.n_iter_ = _check_optimize_result("lbfgs", opt_res, self.max_iter)
2023-07-04 10:21:41,712:WARNING:/home/thom/venvs/fairlearn/lib/python3.9/site-packages/sklearn/linear_model/_huber.py:335: ConvergenceWarning: lbfgs failed to converge (status=1):
STOP: TOTAL NO. of ITERATIONS REACHED LIMIT.

Increase the number of iterations (max_iter) or scale the data as shown in:
    https://scikit-learn.org/stable/modules/preprocessing.html
  self.n_iter_ = _check_optimize_result("lbfgs", opt_res, self.max_iter)

2023-07-04 10:21:41,733:WARNING:/home/thom/venvs/fairlearn/lib/python3.9/site-packages/sklearn/linear_model/_huber.py:335: ConvergenceWarning: lbfgs failed to converge (status=1):
STOP: TOTAL NO. of ITERATIONS REACHED LIMIT.

Increase the number of iterations (max_iter) or scale the data as shown in:
    https://scikit-learn.org/stable/modules/preprocessing.html
  self.n_iter_ = _check_optimize_result("lbfgs", opt_res, self.max_iter)

2023-07-04 10:21:41,854:WARNING:/home/thom/venvs/fairlearn/lib/python3.9/site-packages/sklearn/linear_model/_huber.py:335: ConvergenceWarning: lbfgs failed to converge (status=1):
STOP: TOTAL NO. of ITERATIONS REACHED LIMIT.

Increase the number of iterations (max_iter) or scale the data as shown in:
    https://scikit-learn.org/stable/modules/preprocessing.html
  self.n_iter_ = _check_optimize_result("lbfgs", opt_res, self.max_iter)

2023-07-04 10:21:41,944:WARNING:/home/thom/venvs/fairlearn/lib/python3.9/site-packages/sklearn/linear_model/_huber.py:335: ConvergenceWarning: lbfgs failed to converge (status=1):
STOP: TOTAL NO. of ITERATIONS REACHED LIMIT.

Increase the number of iterations (max_iter) or scale the data as shown in:
    https://scikit-learn.org/stable/modules/preprocessing.html
  self.n_iter_ = _check_optimize_result("lbfgs", opt_res, self.max_iter)

2023-07-04 10:21:42,052:WARNING:/home/thom/venvs/fairlearn/lib/python3.9/site-packages/sklearn/linear_model/_huber.py:335: ConvergenceWarning: lbfgs failed to converge (status=1):
STOP: TOTAL NO. of ITERATIONS REACHED LIMIT.

Increase the number of iterations (max_iter) or scale the data as shown in:
    https://scikit-learn.org/stable/modules/preprocessing.html
  self.n_iter_ = _check_optimize_result("lbfgs", opt_res, self.max_iter)

2023-07-04 10:21:42,264:WARNING:/home/thom/venvs/fairlearn/lib/python3.9/site-packages/sklearn/linear_model/_huber.py:335: ConvergenceWarning: lbfgs failed to converge (status=1):
STOP: TOTAL NO. of ITERATIONS REACHED LIMIT.

Increase the number of iterations (max_iter) or scale the data as shown in:
    https://scikit-learn.org/stable/modules/preprocessing.html
  self.n_iter_ = _check_optimize_result("lbfgs", opt_res, self.max_iter)

2023-07-04 10:21:43,496:WARNING:/home/thom/venvs/fairlearn/lib/python3.9/site-packages/sklearn/linear_model/_huber.py:335: ConvergenceWarning: lbfgs failed to converge (status=1):
2023-07-04 10:21:43,497:WARNING:STOP: TOTAL NO. of ITERATIONS REACHED LIMIT.
2023-07-04 10:21:43,497:WARNING:
2023-07-04 10:21:43,497:WARNING:Increase the number of iterations (max_iter) or scale the data as shown in:
2023-07-04 10:21:43,497:WARNING:    https://scikit-learn.org/stable/modules/preprocessing.html
2023-07-04 10:21:43,497:WARNING:  self.n_iter_ = _check_optimize_result("lbfgs", opt_res, self.max_iter)
2023-07-04 10:21:43,759:WARNING:/home/thom/venvs/fairlearn/lib/python3.9/site-packages/sklearn/linear_model/_huber.py:335: ConvergenceWarning: lbfgs failed to converge (status=1):
2023-07-04 10:21:43,759:WARNING:STOP: TOTAL NO. of ITERATIONS REACHED LIMIT.
2023-07-04 10:21:43,759:WARNING:
2023-07-04 10:21:43,759:WARNING:Increase the number of iterations (max_iter) or scale the data as shown in:
2023-07-04 10:21:43,759:WARNING:    https://scikit-learn.org/stable/modules/preprocessing.html
2023-07-04 10:21:43,759:WARNING:  self.n_iter_ = _check_optimize_result("lbfgs", opt_res, self.max_iter)
2023-07-04 10:21:44,193:WARNING:/home/thom/venvs/fairlearn/lib/python3.9/site-packages/sklearn/linear_model/_huber.py:335: ConvergenceWarning: lbfgs failed to converge (status=1):
2023-07-04 10:21:44,193:WARNING:STOP: TOTAL NO. of ITERATIONS REACHED LIMIT.
2023-07-04 10:21:44,194:WARNING:
2023-07-04 10:21:44,194:WARNING:Increase the number of iterations (max_iter) or scale the data as shown in:
2023-07-04 10:21:44,194:WARNING:    https://scikit-learn.org/stable/modules/preprocessing.html
2023-07-04 10:21:44,194:WARNING:  self.n_iter_ = _check_optimize_result("lbfgs", opt_res, self.max_iter)
2023-07-04 10:21:44,346:WARNING:/home/thom/venvs/fairlearn/lib/python3.9/site-packages/sklearn/linear_model/_huber.py:335: ConvergenceWarning: lbfgs failed to converge (status=1):
2023-07-04 10:21:44,346:WARNING:STOP: TOTAL NO. of ITERATIONS REACHED LIMIT.
2023-07-04 10:21:44,346:WARNING:
2023-07-04 10:21:44,346:WARNING:Increase the number of iterations (max_iter) or scale the data as shown in:
2023-07-04 10:21:44,346:WARNING:    https://scikit-learn.org/stable/modules/preprocessing.html
2023-07-04 10:21:44,346:WARNING:  self.n_iter_ = _check_optimize_result("lbfgs", opt_res, self.max_iter)
2023-07-04 10:21:44,476:WARNING:/home/thom/venvs/fairlearn/lib/python3.9/site-packages/sklearn/linear_model/_huber.py:335: ConvergenceWarning: lbfgs failed to converge (status=1):
2023-07-04 10:21:44,477:WARNING:STOP: TOTAL NO. of ITERATIONS REACHED LIMIT.
2023-07-04 10:21:44,477:WARNING:
2023-07-04 10:21:44,477:WARNING:Increase the number of iterations (max_iter) or scale the data as shown in:
2023-07-04 10:21:44,477:WARNING:    https://scikit-learn.org/stable/modules/preprocessing.html
2023-07-04 10:21:44,477:WARNING:  self.n_iter_ = _check_optimize_result("lbfgs", opt_res, self.max_iter)
2023-07-04 10:21:48,525:WARNING:/home/thom/venvs/fairlearn/lib/python3.9/site-packages/sklearn/linear_model/_huber.py:335: ConvergenceWarning: lbfgs failed to converge (status=1):
STOP: TOTAL NO. of ITERATIONS REACHED LIMIT.

Increase the number of iterations (max_iter) or scale the data as shown in:
    https://scikit-learn.org/stable/modules/preprocessing.html
  self.n_iter_ = _check_optimize_result("lbfgs", opt_res, self.max_iter)

2023-07-04 10:21:50,366:WARNING:/home/thom/venvs/fairlearn/lib/python3.9/site-packages/sklearn/linear_model/_huber.py:335: ConvergenceWarning: lbfgs failed to converge (status=1):
STOP: TOTAL NO. of ITERATIONS REACHED LIMIT.

Increase the number of iterations (max_iter) or scale the data as shown in:
    https://scikit-learn.org/stable/modules/preprocessing.html
  self.n_iter_ = _check_optimize_result("lbfgs", opt_res, self.max_iter)

2023-07-04 10:21:50,990:WARNING:/home/thom/venvs/fairlearn/lib/python3.9/site-packages/sklearn/linear_model/_huber.py:335: ConvergenceWarning: lbfgs failed to converge (status=1):
STOP: TOTAL NO. of ITERATIONS REACHED LIMIT.

Increase the number of iterations (max_iter) or scale the data as shown in:
    https://scikit-learn.org/stable/modules/preprocessing.html
  self.n_iter_ = _check_optimize_result("lbfgs", opt_res, self.max_iter)

2023-07-04 10:21:51,163:WARNING:/home/thom/venvs/fairlearn/lib/python3.9/site-packages/sklearn/linear_model/_huber.py:335: ConvergenceWarning: lbfgs failed to converge (status=1):
STOP: TOTAL NO. of ITERATIONS REACHED LIMIT.

Increase the number of iterations (max_iter) or scale the data as shown in:
    https://scikit-learn.org/stable/modules/preprocessing.html
  self.n_iter_ = _check_optimize_result("lbfgs", opt_res, self.max_iter)

2023-07-04 10:21:51,634:WARNING:/home/thom/venvs/fairlearn/lib/python3.9/site-packages/sklearn/linear_model/_huber.py:335: ConvergenceWarning: lbfgs failed to converge (status=1):
STOP: TOTAL NO. of ITERATIONS REACHED LIMIT.

Increase the number of iterations (max_iter) or scale the data as shown in:
    https://scikit-learn.org/stable/modules/preprocessing.html
  self.n_iter_ = _check_optimize_result("lbfgs", opt_res, self.max_iter)

2023-07-04 10:21:51,800:WARNING:/home/thom/venvs/fairlearn/lib/python3.9/site-packages/sklearn/linear_model/_huber.py:335: ConvergenceWarning: lbfgs failed to converge (status=1):
STOP: TOTAL NO. of ITERATIONS REACHED LIMIT.

Increase the number of iterations (max_iter) or scale the data as shown in:
    https://scikit-learn.org/stable/modules/preprocessing.html
  self.n_iter_ = _check_optimize_result("lbfgs", opt_res, self.max_iter)

2023-07-04 10:21:51,986:WARNING:/home/thom/venvs/fairlearn/lib/python3.9/site-packages/sklearn/linear_model/_huber.py:335: ConvergenceWarning: lbfgs failed to converge (status=1):
STOP: TOTAL NO. of ITERATIONS REACHED LIMIT.

Increase the number of iterations (max_iter) or scale the data as shown in:
    https://scikit-learn.org/stable/modules/preprocessing.html
  self.n_iter_ = _check_optimize_result("lbfgs", opt_res, self.max_iter)

2023-07-04 10:21:52,145:WARNING:/home/thom/venvs/fairlearn/lib/python3.9/site-packages/sklearn/linear_model/_huber.py:335: ConvergenceWarning: lbfgs failed to converge (status=1):
STOP: TOTAL NO. of ITERATIONS REACHED LIMIT.

Increase the number of iterations (max_iter) or scale the data as shown in:
    https://scikit-learn.org/stable/modules/preprocessing.html
  self.n_iter_ = _check_optimize_result("lbfgs", opt_res, self.max_iter)

2023-07-04 10:21:52,534:WARNING:/home/thom/venvs/fairlearn/lib/python3.9/site-packages/sklearn/linear_model/_huber.py:335: ConvergenceWarning: lbfgs failed to converge (status=1):
STOP: TOTAL NO. of ITERATIONS REACHED LIMIT.

Increase the number of iterations (max_iter) or scale the data as shown in:
    https://scikit-learn.org/stable/modules/preprocessing.html
  self.n_iter_ = _check_optimize_result("lbfgs", opt_res, self.max_iter)

2023-07-04 10:21:52,731:WARNING:/home/thom/venvs/fairlearn/lib/python3.9/site-packages/sklearn/linear_model/_huber.py:335: ConvergenceWarning: lbfgs failed to converge (status=1):
STOP: TOTAL NO. of ITERATIONS REACHED LIMIT.

Increase the number of iterations (max_iter) or scale the data as shown in:
    https://scikit-learn.org/stable/modules/preprocessing.html
  self.n_iter_ = _check_optimize_result("lbfgs", opt_res, self.max_iter)

2023-07-04 10:21:52,922:WARNING:/home/thom/venvs/fairlearn/lib/python3.9/site-packages/sklearn/linear_model/_huber.py:335: ConvergenceWarning: lbfgs failed to converge (status=1):
STOP: TOTAL NO. of ITERATIONS REACHED LIMIT.

Increase the number of iterations (max_iter) or scale the data as shown in:
    https://scikit-learn.org/stable/modules/preprocessing.html
  self.n_iter_ = _check_optimize_result("lbfgs", opt_res, self.max_iter)

2023-07-04 10:21:53,154:WARNING:/home/thom/venvs/fairlearn/lib/python3.9/site-packages/sklearn/linear_model/_huber.py:335: ConvergenceWarning: lbfgs failed to converge (status=1):
STOP: TOTAL NO. of ITERATIONS REACHED LIMIT.

Increase the number of iterations (max_iter) or scale the data as shown in:
    https://scikit-learn.org/stable/modules/preprocessing.html
  self.n_iter_ = _check_optimize_result("lbfgs", opt_res, self.max_iter)

2023-07-04 10:21:53,266:WARNING:/home/thom/venvs/fairlearn/lib/python3.9/site-packages/sklearn/linear_model/_huber.py:335: ConvergenceWarning: lbfgs failed to converge (status=1):
STOP: TOTAL NO. of ITERATIONS REACHED LIMIT.

Increase the number of iterations (max_iter) or scale the data as shown in:
    https://scikit-learn.org/stable/modules/preprocessing.html
  self.n_iter_ = _check_optimize_result("lbfgs", opt_res, self.max_iter)

2023-07-04 10:21:53,338:WARNING:/home/thom/venvs/fairlearn/lib/python3.9/site-packages/sklearn/linear_model/_huber.py:335: ConvergenceWarning: lbfgs failed to converge (status=1):
2023-07-04 10:21:53,339:WARNING:STOP: TOTAL NO. of ITERATIONS REACHED LIMIT.
2023-07-04 10:21:53,339:WARNING:
2023-07-04 10:21:53,339:WARNING:Increase the number of iterations (max_iter) or scale the data as shown in:
2023-07-04 10:21:53,339:WARNING:    https://scikit-learn.org/stable/modules/preprocessing.html
2023-07-04 10:21:53,339:WARNING:  self.n_iter_ = _check_optimize_result("lbfgs", opt_res, self.max_iter)
2023-07-04 10:21:53,360:WARNING:/home/thom/venvs/fairlearn/lib/python3.9/site-packages/sklearn/linear_model/_huber.py:335: ConvergenceWarning: lbfgs failed to converge (status=1):
STOP: TOTAL NO. of ITERATIONS REACHED LIMIT.

Increase the number of iterations (max_iter) or scale the data as shown in:
    https://scikit-learn.org/stable/modules/preprocessing.html
  self.n_iter_ = _check_optimize_result("lbfgs", opt_res, self.max_iter)

2023-07-04 10:21:53,580:WARNING:/home/thom/venvs/fairlearn/lib/python3.9/site-packages/sklearn/linear_model/_huber.py:335: ConvergenceWarning: lbfgs failed to converge (status=1):
STOP: TOTAL NO. of ITERATIONS REACHED LIMIT.

Increase the number of iterations (max_iter) or scale the data as shown in:
    https://scikit-learn.org/stable/modules/preprocessing.html
  self.n_iter_ = _check_optimize_result("lbfgs", opt_res, self.max_iter)

2023-07-04 10:21:53,848:WARNING:/home/thom/venvs/fairlearn/lib/python3.9/site-packages/sklearn/linear_model/_huber.py:335: ConvergenceWarning: lbfgs failed to converge (status=1):
STOP: TOTAL NO. of ITERATIONS REACHED LIMIT.

Increase the number of iterations (max_iter) or scale the data as shown in:
    https://scikit-learn.org/stable/modules/preprocessing.html
  self.n_iter_ = _check_optimize_result("lbfgs", opt_res, self.max_iter)

2023-07-04 10:21:54,029:WARNING:/home/thom/venvs/fairlearn/lib/python3.9/site-packages/sklearn/linear_model/_huber.py:335: ConvergenceWarning: lbfgs failed to converge (status=1):
STOP: TOTAL NO. of ITERATIONS REACHED LIMIT.

Increase the number of iterations (max_iter) or scale the data as shown in:
    https://scikit-learn.org/stable/modules/preprocessing.html
  self.n_iter_ = _check_optimize_result("lbfgs", opt_res, self.max_iter)

2023-07-04 10:21:54,250:WARNING:/home/thom/venvs/fairlearn/lib/python3.9/site-packages/sklearn/linear_model/_huber.py:335: ConvergenceWarning: lbfgs failed to converge (status=1):
STOP: TOTAL NO. of ITERATIONS REACHED LIMIT.

Increase the number of iterations (max_iter) or scale the data as shown in:
    https://scikit-learn.org/stable/modules/preprocessing.html
  self.n_iter_ = _check_optimize_result("lbfgs", opt_res, self.max_iter)

2023-07-04 10:21:55,581:WARNING:/home/thom/venvs/fairlearn/lib/python3.9/site-packages/sklearn/linear_model/_huber.py:335: ConvergenceWarning: lbfgs failed to converge (status=1):
2023-07-04 10:21:55,581:WARNING:STOP: TOTAL NO. of ITERATIONS REACHED LIMIT.
2023-07-04 10:21:55,581:WARNING:
2023-07-04 10:21:55,581:WARNING:Increase the number of iterations (max_iter) or scale the data as shown in:
2023-07-04 10:21:55,581:WARNING:    https://scikit-learn.org/stable/modules/preprocessing.html
2023-07-04 10:21:55,582:WARNING:  self.n_iter_ = _check_optimize_result("lbfgs", opt_res, self.max_iter)
2023-07-04 10:21:55,800:WARNING:/home/thom/venvs/fairlearn/lib/python3.9/site-packages/sklearn/linear_model/_huber.py:335: ConvergenceWarning: lbfgs failed to converge (status=1):
2023-07-04 10:21:55,800:WARNING:STOP: TOTAL NO. of ITERATIONS REACHED LIMIT.
2023-07-04 10:21:55,801:WARNING:
2023-07-04 10:21:55,801:WARNING:Increase the number of iterations (max_iter) or scale the data as shown in:
2023-07-04 10:21:55,801:WARNING:    https://scikit-learn.org/stable/modules/preprocessing.html
2023-07-04 10:21:55,801:WARNING:  self.n_iter_ = _check_optimize_result("lbfgs", opt_res, self.max_iter)
2023-07-04 10:21:55,956:WARNING:/home/thom/venvs/fairlearn/lib/python3.9/site-packages/sklearn/linear_model/_huber.py:335: ConvergenceWarning: lbfgs failed to converge (status=1):
2023-07-04 10:21:55,956:WARNING:STOP: TOTAL NO. of ITERATIONS REACHED LIMIT.
2023-07-04 10:21:55,956:WARNING:
2023-07-04 10:21:55,956:WARNING:Increase the number of iterations (max_iter) or scale the data as shown in:
2023-07-04 10:21:55,956:WARNING:    https://scikit-learn.org/stable/modules/preprocessing.html
2023-07-04 10:21:55,957:WARNING:  self.n_iter_ = _check_optimize_result("lbfgs", opt_res, self.max_iter)
2023-07-04 10:21:56,155:WARNING:/home/thom/venvs/fairlearn/lib/python3.9/site-packages/sklearn/linear_model/_huber.py:335: ConvergenceWarning: lbfgs failed to converge (status=1):
2023-07-04 10:21:56,155:WARNING:STOP: TOTAL NO. of ITERATIONS REACHED LIMIT.
2023-07-04 10:21:56,155:WARNING:
2023-07-04 10:21:56,156:WARNING:Increase the number of iterations (max_iter) or scale the data as shown in:
2023-07-04 10:21:56,156:WARNING:    https://scikit-learn.org/stable/modules/preprocessing.html
2023-07-04 10:21:56,156:WARNING:  self.n_iter_ = _check_optimize_result("lbfgs", opt_res, self.max_iter)
2023-07-04 10:21:56,345:WARNING:/home/thom/venvs/fairlearn/lib/python3.9/site-packages/sklearn/linear_model/_huber.py:335: ConvergenceWarning: lbfgs failed to converge (status=1):
2023-07-04 10:21:56,345:WARNING:STOP: TOTAL NO. of ITERATIONS REACHED LIMIT.
2023-07-04 10:21:56,346:WARNING:
2023-07-04 10:21:56,346:WARNING:Increase the number of iterations (max_iter) or scale the data as shown in:
2023-07-04 10:21:56,346:WARNING:    https://scikit-learn.org/stable/modules/preprocessing.html
2023-07-04 10:21:56,346:WARNING:  self.n_iter_ = _check_optimize_result("lbfgs", opt_res, self.max_iter)
2023-07-04 10:22:01,864:WARNING:/home/thom/venvs/fairlearn/lib/python3.9/site-packages/sklearn/linear_model/_huber.py:335: ConvergenceWarning: lbfgs failed to converge (status=1):
STOP: TOTAL NO. of ITERATIONS REACHED LIMIT.

Increase the number of iterations (max_iter) or scale the data as shown in:
    https://scikit-learn.org/stable/modules/preprocessing.html
  self.n_iter_ = _check_optimize_result("lbfgs", opt_res, self.max_iter)

2023-07-04 10:22:03,693:WARNING:/home/thom/venvs/fairlearn/lib/python3.9/site-packages/sklearn/linear_model/_huber.py:335: ConvergenceWarning: lbfgs failed to converge (status=1):
STOP: TOTAL NO. of ITERATIONS REACHED LIMIT.

Increase the number of iterations (max_iter) or scale the data as shown in:
    https://scikit-learn.org/stable/modules/preprocessing.html
  self.n_iter_ = _check_optimize_result("lbfgs", opt_res, self.max_iter)

2023-07-04 10:22:03,737:WARNING:/home/thom/venvs/fairlearn/lib/python3.9/site-packages/sklearn/linear_model/_huber.py:335: ConvergenceWarning: lbfgs failed to converge (status=1):
STOP: TOTAL NO. of ITERATIONS REACHED LIMIT.

Increase the number of iterations (max_iter) or scale the data as shown in:
    https://scikit-learn.org/stable/modules/preprocessing.html
  self.n_iter_ = _check_optimize_result("lbfgs", opt_res, self.max_iter)

2023-07-04 10:22:04,390:WARNING:/home/thom/venvs/fairlearn/lib/python3.9/site-packages/sklearn/linear_model/_huber.py:335: ConvergenceWarning: lbfgs failed to converge (status=1):
STOP: TOTAL NO. of ITERATIONS REACHED LIMIT.

Increase the number of iterations (max_iter) or scale the data as shown in:
    https://scikit-learn.org/stable/modules/preprocessing.html
  self.n_iter_ = _check_optimize_result("lbfgs", opt_res, self.max_iter)

2023-07-04 10:22:04,893:WARNING:/home/thom/venvs/fairlearn/lib/python3.9/site-packages/sklearn/linear_model/_huber.py:335: ConvergenceWarning: lbfgs failed to converge (status=1):
STOP: TOTAL NO. of ITERATIONS REACHED LIMIT.

Increase the number of iterations (max_iter) or scale the data as shown in:
    https://scikit-learn.org/stable/modules/preprocessing.html
  self.n_iter_ = _check_optimize_result("lbfgs", opt_res, self.max_iter)

2023-07-04 10:22:05,122:WARNING:/home/thom/venvs/fairlearn/lib/python3.9/site-packages/sklearn/linear_model/_huber.py:335: ConvergenceWarning: lbfgs failed to converge (status=1):
STOP: TOTAL NO. of ITERATIONS REACHED LIMIT.

Increase the number of iterations (max_iter) or scale the data as shown in:
    https://scikit-learn.org/stable/modules/preprocessing.html
  self.n_iter_ = _check_optimize_result("lbfgs", opt_res, self.max_iter)

2023-07-04 10:22:05,314:WARNING:/home/thom/venvs/fairlearn/lib/python3.9/site-packages/sklearn/linear_model/_huber.py:335: ConvergenceWarning: lbfgs failed to converge (status=1):
STOP: TOTAL NO. of ITERATIONS REACHED LIMIT.

Increase the number of iterations (max_iter) or scale the data as shown in:
    https://scikit-learn.org/stable/modules/preprocessing.html
  self.n_iter_ = _check_optimize_result("lbfgs", opt_res, self.max_iter)

2023-07-04 10:22:05,639:WARNING:/home/thom/venvs/fairlearn/lib/python3.9/site-packages/sklearn/linear_model/_huber.py:335: ConvergenceWarning: lbfgs failed to converge (status=1):
STOP: TOTAL NO. of ITERATIONS REACHED LIMIT.

Increase the number of iterations (max_iter) or scale the data as shown in:
    https://scikit-learn.org/stable/modules/preprocessing.html
  self.n_iter_ = _check_optimize_result("lbfgs", opt_res, self.max_iter)

2023-07-04 10:22:05,829:WARNING:/home/thom/venvs/fairlearn/lib/python3.9/site-packages/sklearn/linear_model/_huber.py:335: ConvergenceWarning: lbfgs failed to converge (status=1):
STOP: TOTAL NO. of ITERATIONS REACHED LIMIT.

Increase the number of iterations (max_iter) or scale the data as shown in:
    https://scikit-learn.org/stable/modules/preprocessing.html
  self.n_iter_ = _check_optimize_result("lbfgs", opt_res, self.max_iter)

2023-07-04 10:22:06,064:WARNING:/home/thom/venvs/fairlearn/lib/python3.9/site-packages/sklearn/linear_model/_huber.py:335: ConvergenceWarning: lbfgs failed to converge (status=1):
STOP: TOTAL NO. of ITERATIONS REACHED LIMIT.

Increase the number of iterations (max_iter) or scale the data as shown in:
    https://scikit-learn.org/stable/modules/preprocessing.html
  self.n_iter_ = _check_optimize_result("lbfgs", opt_res, self.max_iter)

2023-07-04 10:22:06,109:WARNING:/home/thom/venvs/fairlearn/lib/python3.9/site-packages/sklearn/linear_model/_huber.py:335: ConvergenceWarning: lbfgs failed to converge (status=1):
STOP: TOTAL NO. of ITERATIONS REACHED LIMIT.

Increase the number of iterations (max_iter) or scale the data as shown in:
    https://scikit-learn.org/stable/modules/preprocessing.html
  self.n_iter_ = _check_optimize_result("lbfgs", opt_res, self.max_iter)

2023-07-04 10:22:06,138:WARNING:/home/thom/venvs/fairlearn/lib/python3.9/site-packages/sklearn/linear_model/_huber.py:335: ConvergenceWarning: lbfgs failed to converge (status=1):
2023-07-04 10:22:06,138:WARNING:STOP: TOTAL NO. of ITERATIONS REACHED LIMIT.
2023-07-04 10:22:06,138:WARNING:
2023-07-04 10:22:06,138:WARNING:Increase the number of iterations (max_iter) or scale the data as shown in:
2023-07-04 10:22:06,138:WARNING:    https://scikit-learn.org/stable/modules/preprocessing.html
2023-07-04 10:22:06,138:WARNING:  self.n_iter_ = _check_optimize_result("lbfgs", opt_res, self.max_iter)
2023-07-04 10:22:06,223:WARNING:/home/thom/venvs/fairlearn/lib/python3.9/site-packages/sklearn/linear_model/_huber.py:335: ConvergenceWarning: lbfgs failed to converge (status=1):
STOP: TOTAL NO. of ITERATIONS REACHED LIMIT.

Increase the number of iterations (max_iter) or scale the data as shown in:
    https://scikit-learn.org/stable/modules/preprocessing.html
  self.n_iter_ = _check_optimize_result("lbfgs", opt_res, self.max_iter)

2023-07-04 10:22:06,315:WARNING:/home/thom/venvs/fairlearn/lib/python3.9/site-packages/sklearn/linear_model/_huber.py:335: ConvergenceWarning: lbfgs failed to converge (status=1):
STOP: TOTAL NO. of ITERATIONS REACHED LIMIT.

Increase the number of iterations (max_iter) or scale the data as shown in:
    https://scikit-learn.org/stable/modules/preprocessing.html
  self.n_iter_ = _check_optimize_result("lbfgs", opt_res, self.max_iter)

2023-07-04 10:22:06,366:WARNING:/home/thom/venvs/fairlearn/lib/python3.9/site-packages/sklearn/linear_model/_huber.py:335: ConvergenceWarning: lbfgs failed to converge (status=1):
STOP: TOTAL NO. of ITERATIONS REACHED LIMIT.

Increase the number of iterations (max_iter) or scale the data as shown in:
    https://scikit-learn.org/stable/modules/preprocessing.html
  self.n_iter_ = _check_optimize_result("lbfgs", opt_res, self.max_iter)

2023-07-04 10:22:06,496:WARNING:/home/thom/venvs/fairlearn/lib/python3.9/site-packages/sklearn/linear_model/_huber.py:335: ConvergenceWarning: lbfgs failed to converge (status=1):
STOP: TOTAL NO. of ITERATIONS REACHED LIMIT.

Increase the number of iterations (max_iter) or scale the data as shown in:
    https://scikit-learn.org/stable/modules/preprocessing.html
  self.n_iter_ = _check_optimize_result("lbfgs", opt_res, self.max_iter)

2023-07-04 10:22:06,750:WARNING:/home/thom/venvs/fairlearn/lib/python3.9/site-packages/sklearn/linear_model/_huber.py:335: ConvergenceWarning: lbfgs failed to converge (status=1):
STOP: TOTAL NO. of ITERATIONS REACHED LIMIT.

Increase the number of iterations (max_iter) or scale the data as shown in:
    https://scikit-learn.org/stable/modules/preprocessing.html
  self.n_iter_ = _check_optimize_result("lbfgs", opt_res, self.max_iter)

2023-07-04 10:22:06,984:WARNING:/home/thom/venvs/fairlearn/lib/python3.9/site-packages/sklearn/linear_model/_huber.py:335: ConvergenceWarning: lbfgs failed to converge (status=1):
STOP: TOTAL NO. of ITERATIONS REACHED LIMIT.

Increase the number of iterations (max_iter) or scale the data as shown in:
    https://scikit-learn.org/stable/modules/preprocessing.html
  self.n_iter_ = _check_optimize_result("lbfgs", opt_res, self.max_iter)

2023-07-04 10:22:08,852:WARNING:/home/thom/venvs/fairlearn/lib/python3.9/site-packages/sklearn/linear_model/_huber.py:335: ConvergenceWarning: lbfgs failed to converge (status=1):
2023-07-04 10:22:08,853:WARNING:STOP: TOTAL NO. of ITERATIONS REACHED LIMIT.
2023-07-04 10:22:08,853:WARNING:
2023-07-04 10:22:08,853:WARNING:Increase the number of iterations (max_iter) or scale the data as shown in:
2023-07-04 10:22:08,853:WARNING:    https://scikit-learn.org/stable/modules/preprocessing.html
2023-07-04 10:22:08,853:WARNING:  self.n_iter_ = _check_optimize_result("lbfgs", opt_res, self.max_iter)
2023-07-04 10:22:09,101:WARNING:/home/thom/venvs/fairlearn/lib/python3.9/site-packages/sklearn/linear_model/_huber.py:335: ConvergenceWarning: lbfgs failed to converge (status=1):
2023-07-04 10:22:09,101:WARNING:STOP: TOTAL NO. of ITERATIONS REACHED LIMIT.
2023-07-04 10:22:09,101:WARNING:
2023-07-04 10:22:09,101:WARNING:Increase the number of iterations (max_iter) or scale the data as shown in:
2023-07-04 10:22:09,102:WARNING:    https://scikit-learn.org/stable/modules/preprocessing.html
2023-07-04 10:22:09,102:WARNING:  self.n_iter_ = _check_optimize_result("lbfgs", opt_res, self.max_iter)
2023-07-04 10:22:09,284:WARNING:/home/thom/venvs/fairlearn/lib/python3.9/site-packages/sklearn/linear_model/_huber.py:335: ConvergenceWarning: lbfgs failed to converge (status=1):
2023-07-04 10:22:09,284:WARNING:STOP: TOTAL NO. of ITERATIONS REACHED LIMIT.
2023-07-04 10:22:09,284:WARNING:
2023-07-04 10:22:09,284:WARNING:Increase the number of iterations (max_iter) or scale the data as shown in:
2023-07-04 10:22:09,285:WARNING:    https://scikit-learn.org/stable/modules/preprocessing.html
2023-07-04 10:22:09,285:WARNING:  self.n_iter_ = _check_optimize_result("lbfgs", opt_res, self.max_iter)
2023-07-04 10:22:09,436:WARNING:/home/thom/venvs/fairlearn/lib/python3.9/site-packages/sklearn/linear_model/_huber.py:335: ConvergenceWarning: lbfgs failed to converge (status=1):
2023-07-04 10:22:09,436:WARNING:STOP: TOTAL NO. of ITERATIONS REACHED LIMIT.
2023-07-04 10:22:09,436:WARNING:
2023-07-04 10:22:09,436:WARNING:Increase the number of iterations (max_iter) or scale the data as shown in:
2023-07-04 10:22:09,437:WARNING:    https://scikit-learn.org/stable/modules/preprocessing.html
2023-07-04 10:22:09,437:WARNING:  self.n_iter_ = _check_optimize_result("lbfgs", opt_res, self.max_iter)
2023-07-04 10:22:09,591:WARNING:/home/thom/venvs/fairlearn/lib/python3.9/site-packages/sklearn/linear_model/_huber.py:335: ConvergenceWarning: lbfgs failed to converge (status=1):
2023-07-04 10:22:09,591:WARNING:STOP: TOTAL NO. of ITERATIONS REACHED LIMIT.
2023-07-04 10:22:09,591:WARNING:
2023-07-04 10:22:09,591:WARNING:Increase the number of iterations (max_iter) or scale the data as shown in:
2023-07-04 10:22:09,591:WARNING:    https://scikit-learn.org/stable/modules/preprocessing.html
2023-07-04 10:22:09,591:WARNING:  self.n_iter_ = _check_optimize_result("lbfgs", opt_res, self.max_iter)
2023-07-04 10:22:15,761:WARNING:/home/thom/venvs/fairlearn/lib/python3.9/site-packages/sklearn/linear_model/_huber.py:335: ConvergenceWarning: lbfgs failed to converge (status=1):
STOP: TOTAL NO. of ITERATIONS REACHED LIMIT.

Increase the number of iterations (max_iter) or scale the data as shown in:
    https://scikit-learn.org/stable/modules/preprocessing.html
  self.n_iter_ = _check_optimize_result("lbfgs", opt_res, self.max_iter)

2023-07-04 10:22:17,533:WARNING:/home/thom/venvs/fairlearn/lib/python3.9/site-packages/sklearn/linear_model/_huber.py:335: ConvergenceWarning: lbfgs failed to converge (status=1):
STOP: TOTAL NO. of ITERATIONS REACHED LIMIT.

Increase the number of iterations (max_iter) or scale the data as shown in:
    https://scikit-learn.org/stable/modules/preprocessing.html
  self.n_iter_ = _check_optimize_result("lbfgs", opt_res, self.max_iter)

2023-07-04 10:22:18,113:WARNING:/home/thom/venvs/fairlearn/lib/python3.9/site-packages/sklearn/linear_model/_huber.py:335: ConvergenceWarning: lbfgs failed to converge (status=1):
STOP: TOTAL NO. of ITERATIONS REACHED LIMIT.

Increase the number of iterations (max_iter) or scale the data as shown in:
    https://scikit-learn.org/stable/modules/preprocessing.html
  self.n_iter_ = _check_optimize_result("lbfgs", opt_res, self.max_iter)

2023-07-04 10:22:18,699:WARNING:/home/thom/venvs/fairlearn/lib/python3.9/site-packages/sklearn/linear_model/_huber.py:335: ConvergenceWarning: lbfgs failed to converge (status=1):
STOP: TOTAL NO. of ITERATIONS REACHED LIMIT.

Increase the number of iterations (max_iter) or scale the data as shown in:
    https://scikit-learn.org/stable/modules/preprocessing.html
  self.n_iter_ = _check_optimize_result("lbfgs", opt_res, self.max_iter)

2023-07-04 10:22:19,287:WARNING:/home/thom/venvs/fairlearn/lib/python3.9/site-packages/sklearn/linear_model/_huber.py:335: ConvergenceWarning: lbfgs failed to converge (status=1):
STOP: TOTAL NO. of ITERATIONS REACHED LIMIT.

Increase the number of iterations (max_iter) or scale the data as shown in:
    https://scikit-learn.org/stable/modules/preprocessing.html
  self.n_iter_ = _check_optimize_result("lbfgs", opt_res, self.max_iter)

2023-07-04 10:22:19,498:WARNING:/home/thom/venvs/fairlearn/lib/python3.9/site-packages/sklearn/linear_model/_huber.py:335: ConvergenceWarning: lbfgs failed to converge (status=1):
STOP: TOTAL NO. of ITERATIONS REACHED LIMIT.

Increase the number of iterations (max_iter) or scale the data as shown in:
    https://scikit-learn.org/stable/modules/preprocessing.html
  self.n_iter_ = _check_optimize_result("lbfgs", opt_res, self.max_iter)

2023-07-04 10:22:19,632:WARNING:/home/thom/venvs/fairlearn/lib/python3.9/site-packages/sklearn/linear_model/_huber.py:335: ConvergenceWarning: lbfgs failed to converge (status=1):
STOP: TOTAL NO. of ITERATIONS REACHED LIMIT.

Increase the number of iterations (max_iter) or scale the data as shown in:
    https://scikit-learn.org/stable/modules/preprocessing.html
  self.n_iter_ = _check_optimize_result("lbfgs", opt_res, self.max_iter)

2023-07-04 10:22:19,818:WARNING:/home/thom/venvs/fairlearn/lib/python3.9/site-packages/sklearn/linear_model/_huber.py:335: ConvergenceWarning: lbfgs failed to converge (status=1):
STOP: TOTAL NO. of ITERATIONS REACHED LIMIT.

Increase the number of iterations (max_iter) or scale the data as shown in:
    https://scikit-learn.org/stable/modules/preprocessing.html
  self.n_iter_ = _check_optimize_result("lbfgs", opt_res, self.max_iter)

2023-07-04 10:22:19,894:WARNING:/home/thom/venvs/fairlearn/lib/python3.9/site-packages/sklearn/linear_model/_huber.py:335: ConvergenceWarning: lbfgs failed to converge (status=1):
2023-07-04 10:22:19,894:WARNING:STOP: TOTAL NO. of ITERATIONS REACHED LIMIT.
2023-07-04 10:22:19,895:WARNING:
2023-07-04 10:22:19,895:WARNING:Increase the number of iterations (max_iter) or scale the data as shown in:
2023-07-04 10:22:19,895:WARNING:    https://scikit-learn.org/stable/modules/preprocessing.html
2023-07-04 10:22:19,895:WARNING:  self.n_iter_ = _check_optimize_result("lbfgs", opt_res, self.max_iter)
2023-07-04 10:22:20,258:WARNING:/home/thom/venvs/fairlearn/lib/python3.9/site-packages/sklearn/linear_model/_huber.py:335: ConvergenceWarning: lbfgs failed to converge (status=1):
STOP: TOTAL NO. of ITERATIONS REACHED LIMIT.

Increase the number of iterations (max_iter) or scale the data as shown in:
    https://scikit-learn.org/stable/modules/preprocessing.html
  self.n_iter_ = _check_optimize_result("lbfgs", opt_res, self.max_iter)

2023-07-04 10:22:20,422:WARNING:/home/thom/venvs/fairlearn/lib/python3.9/site-packages/sklearn/linear_model/_huber.py:335: ConvergenceWarning: lbfgs failed to converge (status=1):
STOP: TOTAL NO. of ITERATIONS REACHED LIMIT.

Increase the number of iterations (max_iter) or scale the data as shown in:
    https://scikit-learn.org/stable/modules/preprocessing.html
  self.n_iter_ = _check_optimize_result("lbfgs", opt_res, self.max_iter)

2023-07-04 10:22:20,583:WARNING:/home/thom/venvs/fairlearn/lib/python3.9/site-packages/sklearn/linear_model/_huber.py:335: ConvergenceWarning: lbfgs failed to converge (status=1):
STOP: TOTAL NO. of ITERATIONS REACHED LIMIT.

Increase the number of iterations (max_iter) or scale the data as shown in:
    https://scikit-learn.org/stable/modules/preprocessing.html
  self.n_iter_ = _check_optimize_result("lbfgs", opt_res, self.max_iter)

2023-07-04 10:22:20,596:WARNING:/home/thom/venvs/fairlearn/lib/python3.9/site-packages/sklearn/linear_model/_huber.py:335: ConvergenceWarning: lbfgs failed to converge (status=1):
STOP: TOTAL NO. of ITERATIONS REACHED LIMIT.

Increase the number of iterations (max_iter) or scale the data as shown in:
    https://scikit-learn.org/stable/modules/preprocessing.html
  self.n_iter_ = _check_optimize_result("lbfgs", opt_res, self.max_iter)

2023-07-04 10:22:20,728:WARNING:/home/thom/venvs/fairlearn/lib/python3.9/site-packages/sklearn/linear_model/_huber.py:335: ConvergenceWarning: lbfgs failed to converge (status=1):
STOP: TOTAL NO. of ITERATIONS REACHED LIMIT.

Increase the number of iterations (max_iter) or scale the data as shown in:
    https://scikit-learn.org/stable/modules/preprocessing.html
  self.n_iter_ = _check_optimize_result("lbfgs", opt_res, self.max_iter)

2023-07-04 10:22:20,769:WARNING:/home/thom/venvs/fairlearn/lib/python3.9/site-packages/sklearn/linear_model/_huber.py:335: ConvergenceWarning: lbfgs failed to converge (status=1):
STOP: TOTAL NO. of ITERATIONS REACHED LIMIT.

Increase the number of iterations (max_iter) or scale the data as shown in:
    https://scikit-learn.org/stable/modules/preprocessing.html
  self.n_iter_ = _check_optimize_result("lbfgs", opt_res, self.max_iter)

2023-07-04 10:22:20,917:WARNING:/home/thom/venvs/fairlearn/lib/python3.9/site-packages/sklearn/linear_model/_huber.py:335: ConvergenceWarning: lbfgs failed to converge (status=1):
STOP: TOTAL NO. of ITERATIONS REACHED LIMIT.

Increase the number of iterations (max_iter) or scale the data as shown in:
    https://scikit-learn.org/stable/modules/preprocessing.html
  self.n_iter_ = _check_optimize_result("lbfgs", opt_res, self.max_iter)

2023-07-04 10:22:21,009:WARNING:/home/thom/venvs/fairlearn/lib/python3.9/site-packages/sklearn/linear_model/_huber.py:335: ConvergenceWarning: lbfgs failed to converge (status=1):
STOP: TOTAL NO. of ITERATIONS REACHED LIMIT.

Increase the number of iterations (max_iter) or scale the data as shown in:
    https://scikit-learn.org/stable/modules/preprocessing.html
  self.n_iter_ = _check_optimize_result("lbfgs", opt_res, self.max_iter)

2023-07-04 10:22:21,134:WARNING:/home/thom/venvs/fairlearn/lib/python3.9/site-packages/sklearn/linear_model/_huber.py:335: ConvergenceWarning: lbfgs failed to converge (status=1):
STOP: TOTAL NO. of ITERATIONS REACHED LIMIT.

Increase the number of iterations (max_iter) or scale the data as shown in:
    https://scikit-learn.org/stable/modules/preprocessing.html
  self.n_iter_ = _check_optimize_result("lbfgs", opt_res, self.max_iter)

2023-07-04 10:22:21,340:WARNING:/home/thom/venvs/fairlearn/lib/python3.9/site-packages/sklearn/linear_model/_huber.py:335: ConvergenceWarning: lbfgs failed to converge (status=1):
STOP: TOTAL NO. of ITERATIONS REACHED LIMIT.

Increase the number of iterations (max_iter) or scale the data as shown in:
    https://scikit-learn.org/stable/modules/preprocessing.html
  self.n_iter_ = _check_optimize_result("lbfgs", opt_res, self.max_iter)

2023-07-04 10:22:22,220:WARNING:/home/thom/venvs/fairlearn/lib/python3.9/site-packages/sklearn/linear_model/_huber.py:335: ConvergenceWarning: lbfgs failed to converge (status=1):
2023-07-04 10:22:22,220:WARNING:STOP: TOTAL NO. of ITERATIONS REACHED LIMIT.
2023-07-04 10:22:22,220:WARNING:
2023-07-04 10:22:22,220:WARNING:Increase the number of iterations (max_iter) or scale the data as shown in:
2023-07-04 10:22:22,220:WARNING:    https://scikit-learn.org/stable/modules/preprocessing.html
2023-07-04 10:22:22,220:WARNING:  self.n_iter_ = _check_optimize_result("lbfgs", opt_res, self.max_iter)
2023-07-04 10:22:22,365:WARNING:/home/thom/venvs/fairlearn/lib/python3.9/site-packages/sklearn/linear_model/_huber.py:335: ConvergenceWarning: lbfgs failed to converge (status=1):
2023-07-04 10:22:22,366:WARNING:STOP: TOTAL NO. of ITERATIONS REACHED LIMIT.
2023-07-04 10:22:22,366:WARNING:
2023-07-04 10:22:22,366:WARNING:Increase the number of iterations (max_iter) or scale the data as shown in:
2023-07-04 10:22:22,366:WARNING:    https://scikit-learn.org/stable/modules/preprocessing.html
2023-07-04 10:22:22,366:WARNING:  self.n_iter_ = _check_optimize_result("lbfgs", opt_res, self.max_iter)
2023-07-04 10:22:22,699:WARNING:/home/thom/venvs/fairlearn/lib/python3.9/site-packages/sklearn/linear_model/_huber.py:335: ConvergenceWarning: lbfgs failed to converge (status=1):
2023-07-04 10:22:22,699:WARNING:STOP: TOTAL NO. of ITERATIONS REACHED LIMIT.
2023-07-04 10:22:22,699:WARNING:
2023-07-04 10:22:22,699:WARNING:Increase the number of iterations (max_iter) or scale the data as shown in:
2023-07-04 10:22:22,699:WARNING:    https://scikit-learn.org/stable/modules/preprocessing.html
2023-07-04 10:22:22,699:WARNING:  self.n_iter_ = _check_optimize_result("lbfgs", opt_res, self.max_iter)
2023-07-04 10:22:22,979:WARNING:/home/thom/venvs/fairlearn/lib/python3.9/site-packages/sklearn/linear_model/_huber.py:335: ConvergenceWarning: lbfgs failed to converge (status=1):
2023-07-04 10:22:22,979:WARNING:STOP: TOTAL NO. of ITERATIONS REACHED LIMIT.
2023-07-04 10:22:22,979:WARNING:
2023-07-04 10:22:22,979:WARNING:Increase the number of iterations (max_iter) or scale the data as shown in:
2023-07-04 10:22:22,979:WARNING:    https://scikit-learn.org/stable/modules/preprocessing.html
2023-07-04 10:22:22,979:WARNING:  self.n_iter_ = _check_optimize_result("lbfgs", opt_res, self.max_iter)
2023-07-04 10:22:23,273:WARNING:/home/thom/venvs/fairlearn/lib/python3.9/site-packages/sklearn/linear_model/_huber.py:335: ConvergenceWarning: lbfgs failed to converge (status=1):
2023-07-04 10:22:23,274:WARNING:STOP: TOTAL NO. of ITERATIONS REACHED LIMIT.
2023-07-04 10:22:23,274:WARNING:
2023-07-04 10:22:23,274:WARNING:Increase the number of iterations (max_iter) or scale the data as shown in:
2023-07-04 10:22:23,274:WARNING:    https://scikit-learn.org/stable/modules/preprocessing.html
2023-07-04 10:22:23,274:WARNING:  self.n_iter_ = _check_optimize_result("lbfgs", opt_res, self.max_iter)
2023-07-04 10:22:28,467:WARNING:/home/thom/venvs/fairlearn/lib/python3.9/site-packages/sklearn/linear_model/_huber.py:335: ConvergenceWarning: lbfgs failed to converge (status=1):
STOP: TOTAL NO. of ITERATIONS REACHED LIMIT.

Increase the number of iterations (max_iter) or scale the data as shown in:
    https://scikit-learn.org/stable/modules/preprocessing.html
  self.n_iter_ = _check_optimize_result("lbfgs", opt_res, self.max_iter)

2023-07-04 10:22:29,701:WARNING:/home/thom/venvs/fairlearn/lib/python3.9/site-packages/sklearn/linear_model/_huber.py:335: ConvergenceWarning: lbfgs failed to converge (status=1):
STOP: TOTAL NO. of ITERATIONS REACHED LIMIT.

Increase the number of iterations (max_iter) or scale the data as shown in:
    https://scikit-learn.org/stable/modules/preprocessing.html
  self.n_iter_ = _check_optimize_result("lbfgs", opt_res, self.max_iter)

2023-07-04 10:22:29,804:WARNING:/home/thom/venvs/fairlearn/lib/python3.9/site-packages/sklearn/linear_model/_huber.py:335: ConvergenceWarning: lbfgs failed to converge (status=1):
STOP: TOTAL NO. of ITERATIONS REACHED LIMIT.

Increase the number of iterations (max_iter) or scale the data as shown in:
    https://scikit-learn.org/stable/modules/preprocessing.html
  self.n_iter_ = _check_optimize_result("lbfgs", opt_res, self.max_iter)

2023-07-04 10:22:29,957:WARNING:/home/thom/venvs/fairlearn/lib/python3.9/site-packages/sklearn/linear_model/_huber.py:335: ConvergenceWarning: lbfgs failed to converge (status=1):
STOP: TOTAL NO. of ITERATIONS REACHED LIMIT.

Increase the number of iterations (max_iter) or scale the data as shown in:
    https://scikit-learn.org/stable/modules/preprocessing.html
  self.n_iter_ = _check_optimize_result("lbfgs", opt_res, self.max_iter)

2023-07-04 10:22:30,564:WARNING:/home/thom/venvs/fairlearn/lib/python3.9/site-packages/sklearn/linear_model/_huber.py:335: ConvergenceWarning: lbfgs failed to converge (status=1):
STOP: TOTAL NO. of ITERATIONS REACHED LIMIT.

Increase the number of iterations (max_iter) or scale the data as shown in:
    https://scikit-learn.org/stable/modules/preprocessing.html
  self.n_iter_ = _check_optimize_result("lbfgs", opt_res, self.max_iter)

2023-07-04 10:22:30,706:WARNING:/home/thom/venvs/fairlearn/lib/python3.9/site-packages/sklearn/linear_model/_huber.py:335: ConvergenceWarning: lbfgs failed to converge (status=1):
STOP: TOTAL NO. of ITERATIONS REACHED LIMIT.

Increase the number of iterations (max_iter) or scale the data as shown in:
    https://scikit-learn.org/stable/modules/preprocessing.html
  self.n_iter_ = _check_optimize_result("lbfgs", opt_res, self.max_iter)

2023-07-04 10:22:30,940:WARNING:/home/thom/venvs/fairlearn/lib/python3.9/site-packages/sklearn/linear_model/_huber.py:335: ConvergenceWarning: lbfgs failed to converge (status=1):
STOP: TOTAL NO. of ITERATIONS REACHED LIMIT.

Increase the number of iterations (max_iter) or scale the data as shown in:
    https://scikit-learn.org/stable/modules/preprocessing.html
  self.n_iter_ = _check_optimize_result("lbfgs", opt_res, self.max_iter)

2023-07-04 10:22:31,095:WARNING:/home/thom/venvs/fairlearn/lib/python3.9/site-packages/sklearn/linear_model/_huber.py:335: ConvergenceWarning: lbfgs failed to converge (status=1):
STOP: TOTAL NO. of ITERATIONS REACHED LIMIT.

Increase the number of iterations (max_iter) or scale the data as shown in:
    https://scikit-learn.org/stable/modules/preprocessing.html
  self.n_iter_ = _check_optimize_result("lbfgs", opt_res, self.max_iter)

2023-07-04 10:22:31,241:WARNING:/home/thom/venvs/fairlearn/lib/python3.9/site-packages/sklearn/linear_model/_huber.py:335: ConvergenceWarning: lbfgs failed to converge (status=1):
2023-07-04 10:22:31,242:WARNING:STOP: TOTAL NO. of ITERATIONS REACHED LIMIT.
2023-07-04 10:22:31,242:WARNING:
2023-07-04 10:22:31,242:WARNING:Increase the number of iterations (max_iter) or scale the data as shown in:
2023-07-04 10:22:31,242:WARNING:    https://scikit-learn.org/stable/modules/preprocessing.html
2023-07-04 10:22:31,242:WARNING:  self.n_iter_ = _check_optimize_result("lbfgs", opt_res, self.max_iter)
2023-07-04 10:22:31,847:WARNING:/home/thom/venvs/fairlearn/lib/python3.9/site-packages/sklearn/linear_model/_huber.py:335: ConvergenceWarning: lbfgs failed to converge (status=1):
STOP: TOTAL NO. of ITERATIONS REACHED LIMIT.

Increase the number of iterations (max_iter) or scale the data as shown in:
    https://scikit-learn.org/stable/modules/preprocessing.html
  self.n_iter_ = _check_optimize_result("lbfgs", opt_res, self.max_iter)

2023-07-04 10:22:31,887:WARNING:/home/thom/venvs/fairlearn/lib/python3.9/site-packages/sklearn/linear_model/_huber.py:335: ConvergenceWarning: lbfgs failed to converge (status=1):
STOP: TOTAL NO. of ITERATIONS REACHED LIMIT.

Increase the number of iterations (max_iter) or scale the data as shown in:
    https://scikit-learn.org/stable/modules/preprocessing.html
  self.n_iter_ = _check_optimize_result("lbfgs", opt_res, self.max_iter)

2023-07-04 10:22:32,322:WARNING:/home/thom/venvs/fairlearn/lib/python3.9/site-packages/sklearn/linear_model/_huber.py:335: ConvergenceWarning: lbfgs failed to converge (status=1):
STOP: TOTAL NO. of ITERATIONS REACHED LIMIT.

Increase the number of iterations (max_iter) or scale the data as shown in:
    https://scikit-learn.org/stable/modules/preprocessing.html
  self.n_iter_ = _check_optimize_result("lbfgs", opt_res, self.max_iter)

2023-07-04 10:22:32,320:WARNING:/home/thom/venvs/fairlearn/lib/python3.9/site-packages/sklearn/linear_model/_huber.py:335: ConvergenceWarning: lbfgs failed to converge (status=1):
STOP: TOTAL NO. of ITERATIONS REACHED LIMIT.

Increase the number of iterations (max_iter) or scale the data as shown in:
    https://scikit-learn.org/stable/modules/preprocessing.html
  self.n_iter_ = _check_optimize_result("lbfgs", opt_res, self.max_iter)

2023-07-04 10:22:32,525:WARNING:/home/thom/venvs/fairlearn/lib/python3.9/site-packages/sklearn/linear_model/_huber.py:335: ConvergenceWarning: lbfgs failed to converge (status=1):
STOP: TOTAL NO. of ITERATIONS REACHED LIMIT.

Increase the number of iterations (max_iter) or scale the data as shown in:
    https://scikit-learn.org/stable/modules/preprocessing.html
  self.n_iter_ = _check_optimize_result("lbfgs", opt_res, self.max_iter)

2023-07-04 10:22:32,544:WARNING:/home/thom/venvs/fairlearn/lib/python3.9/site-packages/sklearn/linear_model/_huber.py:335: ConvergenceWarning: lbfgs failed to converge (status=1):
STOP: TOTAL NO. of ITERATIONS REACHED LIMIT.

Increase the number of iterations (max_iter) or scale the data as shown in:
    https://scikit-learn.org/stable/modules/preprocessing.html
  self.n_iter_ = _check_optimize_result("lbfgs", opt_res, self.max_iter)

2023-07-04 10:22:32,671:WARNING:/home/thom/venvs/fairlearn/lib/python3.9/site-packages/sklearn/linear_model/_huber.py:335: ConvergenceWarning: lbfgs failed to converge (status=1):
STOP: TOTAL NO. of ITERATIONS REACHED LIMIT.

Increase the number of iterations (max_iter) or scale the data as shown in:
    https://scikit-learn.org/stable/modules/preprocessing.html
  self.n_iter_ = _check_optimize_result("lbfgs", opt_res, self.max_iter)

2023-07-04 10:22:32,712:WARNING:/home/thom/venvs/fairlearn/lib/python3.9/site-packages/sklearn/linear_model/_huber.py:335: ConvergenceWarning: lbfgs failed to converge (status=1):
STOP: TOTAL NO. of ITERATIONS REACHED LIMIT.

Increase the number of iterations (max_iter) or scale the data as shown in:
    https://scikit-learn.org/stable/modules/preprocessing.html
  self.n_iter_ = _check_optimize_result("lbfgs", opt_res, self.max_iter)

2023-07-04 10:22:32,822:WARNING:/home/thom/venvs/fairlearn/lib/python3.9/site-packages/sklearn/linear_model/_huber.py:335: ConvergenceWarning: lbfgs failed to converge (status=1):
STOP: TOTAL NO. of ITERATIONS REACHED LIMIT.

Increase the number of iterations (max_iter) or scale the data as shown in:
    https://scikit-learn.org/stable/modules/preprocessing.html
  self.n_iter_ = _check_optimize_result("lbfgs", opt_res, self.max_iter)

2023-07-04 10:22:32,905:WARNING:/home/thom/venvs/fairlearn/lib/python3.9/site-packages/sklearn/linear_model/_huber.py:335: ConvergenceWarning: lbfgs failed to converge (status=1):
STOP: TOTAL NO. of ITERATIONS REACHED LIMIT.

Increase the number of iterations (max_iter) or scale the data as shown in:
    https://scikit-learn.org/stable/modules/preprocessing.html
  self.n_iter_ = _check_optimize_result("lbfgs", opt_res, self.max_iter)

2023-07-04 10:22:33,414:WARNING:/home/thom/venvs/fairlearn/lib/python3.9/site-packages/sklearn/linear_model/_huber.py:335: ConvergenceWarning: lbfgs failed to converge (status=1):
2023-07-04 10:22:33,414:WARNING:STOP: TOTAL NO. of ITERATIONS REACHED LIMIT.
2023-07-04 10:22:33,414:WARNING:
2023-07-04 10:22:33,414:WARNING:Increase the number of iterations (max_iter) or scale the data as shown in:
2023-07-04 10:22:33,414:WARNING:    https://scikit-learn.org/stable/modules/preprocessing.html
2023-07-04 10:22:33,414:WARNING:  self.n_iter_ = _check_optimize_result("lbfgs", opt_res, self.max_iter)
2023-07-04 10:22:33,659:WARNING:/home/thom/venvs/fairlearn/lib/python3.9/site-packages/sklearn/linear_model/_huber.py:335: ConvergenceWarning: lbfgs failed to converge (status=1):
2023-07-04 10:22:33,661:WARNING:STOP: TOTAL NO. of ITERATIONS REACHED LIMIT.
2023-07-04 10:22:33,661:WARNING:
2023-07-04 10:22:33,661:WARNING:Increase the number of iterations (max_iter) or scale the data as shown in:
2023-07-04 10:22:33,661:WARNING:    https://scikit-learn.org/stable/modules/preprocessing.html
2023-07-04 10:22:33,661:WARNING:  self.n_iter_ = _check_optimize_result("lbfgs", opt_res, self.max_iter)
2023-07-04 10:22:34,015:WARNING:/home/thom/venvs/fairlearn/lib/python3.9/site-packages/sklearn/linear_model/_huber.py:335: ConvergenceWarning: lbfgs failed to converge (status=1):
2023-07-04 10:22:34,015:WARNING:STOP: TOTAL NO. of ITERATIONS REACHED LIMIT.
2023-07-04 10:22:34,015:WARNING:
2023-07-04 10:22:34,016:WARNING:Increase the number of iterations (max_iter) or scale the data as shown in:
2023-07-04 10:22:34,016:WARNING:    https://scikit-learn.org/stable/modules/preprocessing.html
2023-07-04 10:22:34,016:WARNING:  self.n_iter_ = _check_optimize_result("lbfgs", opt_res, self.max_iter)
2023-07-04 10:22:34,182:WARNING:/home/thom/venvs/fairlearn/lib/python3.9/site-packages/sklearn/linear_model/_huber.py:335: ConvergenceWarning: lbfgs failed to converge (status=1):
2023-07-04 10:22:34,183:WARNING:STOP: TOTAL NO. of ITERATIONS REACHED LIMIT.
2023-07-04 10:22:34,183:WARNING:
2023-07-04 10:22:34,183:WARNING:Increase the number of iterations (max_iter) or scale the data as shown in:
2023-07-04 10:22:34,183:WARNING:    https://scikit-learn.org/stable/modules/preprocessing.html
2023-07-04 10:22:34,183:WARNING:  self.n_iter_ = _check_optimize_result("lbfgs", opt_res, self.max_iter)
2023-07-04 10:22:34,362:WARNING:/home/thom/venvs/fairlearn/lib/python3.9/site-packages/sklearn/linear_model/_huber.py:335: ConvergenceWarning: lbfgs failed to converge (status=1):
2023-07-04 10:22:34,362:WARNING:STOP: TOTAL NO. of ITERATIONS REACHED LIMIT.
2023-07-04 10:22:34,362:WARNING:
2023-07-04 10:22:34,362:WARNING:Increase the number of iterations (max_iter) or scale the data as shown in:
2023-07-04 10:22:34,362:WARNING:    https://scikit-learn.org/stable/modules/preprocessing.html
2023-07-04 10:22:34,363:WARNING:  self.n_iter_ = _check_optimize_result("lbfgs", opt_res, self.max_iter)
2023-07-04 10:22:39,641:WARNING:/home/thom/venvs/fairlearn/lib/python3.9/site-packages/sklearn/linear_model/_huber.py:335: ConvergenceWarning: lbfgs failed to converge (status=1):
STOP: TOTAL NO. of ITERATIONS REACHED LIMIT.

Increase the number of iterations (max_iter) or scale the data as shown in:
    https://scikit-learn.org/stable/modules/preprocessing.html
  self.n_iter_ = _check_optimize_result("lbfgs", opt_res, self.max_iter)

2023-07-04 10:22:40,879:WARNING:/home/thom/venvs/fairlearn/lib/python3.9/site-packages/sklearn/linear_model/_huber.py:335: ConvergenceWarning: lbfgs failed to converge (status=1):
STOP: TOTAL NO. of ITERATIONS REACHED LIMIT.

Increase the number of iterations (max_iter) or scale the data as shown in:
    https://scikit-learn.org/stable/modules/preprocessing.html
  self.n_iter_ = _check_optimize_result("lbfgs", opt_res, self.max_iter)

2023-07-04 10:22:41,029:WARNING:/home/thom/venvs/fairlearn/lib/python3.9/site-packages/sklearn/linear_model/_huber.py:335: ConvergenceWarning: lbfgs failed to converge (status=1):
STOP: TOTAL NO. of ITERATIONS REACHED LIMIT.

Increase the number of iterations (max_iter) or scale the data as shown in:
    https://scikit-learn.org/stable/modules/preprocessing.html
  self.n_iter_ = _check_optimize_result("lbfgs", opt_res, self.max_iter)

2023-07-04 10:22:41,186:WARNING:/home/thom/venvs/fairlearn/lib/python3.9/site-packages/sklearn/linear_model/_huber.py:335: ConvergenceWarning: lbfgs failed to converge (status=1):
STOP: TOTAL NO. of ITERATIONS REACHED LIMIT.

Increase the number of iterations (max_iter) or scale the data as shown in:
    https://scikit-learn.org/stable/modules/preprocessing.html
  self.n_iter_ = _check_optimize_result("lbfgs", opt_res, self.max_iter)

2023-07-04 10:22:41,288:WARNING:/home/thom/venvs/fairlearn/lib/python3.9/site-packages/sklearn/linear_model/_huber.py:335: ConvergenceWarning: lbfgs failed to converge (status=1):
STOP: TOTAL NO. of ITERATIONS REACHED LIMIT.

Increase the number of iterations (max_iter) or scale the data as shown in:
    https://scikit-learn.org/stable/modules/preprocessing.html
  self.n_iter_ = _check_optimize_result("lbfgs", opt_res, self.max_iter)

2023-07-04 10:22:41,323:WARNING:/home/thom/venvs/fairlearn/lib/python3.9/site-packages/sklearn/linear_model/_huber.py:335: ConvergenceWarning: lbfgs failed to converge (status=1):
STOP: TOTAL NO. of ITERATIONS REACHED LIMIT.

Increase the number of iterations (max_iter) or scale the data as shown in:
    https://scikit-learn.org/stable/modules/preprocessing.html
  self.n_iter_ = _check_optimize_result("lbfgs", opt_res, self.max_iter)

2023-07-04 10:22:41,565:WARNING:/home/thom/venvs/fairlearn/lib/python3.9/site-packages/sklearn/linear_model/_huber.py:335: ConvergenceWarning: lbfgs failed to converge (status=1):
STOP: TOTAL NO. of ITERATIONS REACHED LIMIT.

Increase the number of iterations (max_iter) or scale the data as shown in:
    https://scikit-learn.org/stable/modules/preprocessing.html
  self.n_iter_ = _check_optimize_result("lbfgs", opt_res, self.max_iter)

2023-07-04 10:22:41,880:WARNING:/home/thom/venvs/fairlearn/lib/python3.9/site-packages/sklearn/linear_model/_huber.py:335: ConvergenceWarning: lbfgs failed to converge (status=1):
STOP: TOTAL NO. of ITERATIONS REACHED LIMIT.

Increase the number of iterations (max_iter) or scale the data as shown in:
    https://scikit-learn.org/stable/modules/preprocessing.html
  self.n_iter_ = _check_optimize_result("lbfgs", opt_res, self.max_iter)

2023-07-04 10:22:42,985:WARNING:/home/thom/venvs/fairlearn/lib/python3.9/site-packages/sklearn/linear_model/_huber.py:335: ConvergenceWarning: lbfgs failed to converge (status=1):
STOP: TOTAL NO. of ITERATIONS REACHED LIMIT.

Increase the number of iterations (max_iter) or scale the data as shown in:
    https://scikit-learn.org/stable/modules/preprocessing.html
  self.n_iter_ = _check_optimize_result("lbfgs", opt_res, self.max_iter)

2023-07-04 10:22:43,078:WARNING:/home/thom/venvs/fairlearn/lib/python3.9/site-packages/sklearn/linear_model/_huber.py:335: ConvergenceWarning: lbfgs failed to converge (status=1):
STOP: TOTAL NO. of ITERATIONS REACHED LIMIT.

Increase the number of iterations (max_iter) or scale the data as shown in:
    https://scikit-learn.org/stable/modules/preprocessing.html
  self.n_iter_ = _check_optimize_result("lbfgs", opt_res, self.max_iter)

2023-07-04 10:22:43,137:WARNING:/home/thom/venvs/fairlearn/lib/python3.9/site-packages/sklearn/linear_model/_huber.py:335: ConvergenceWarning: lbfgs failed to converge (status=1):
STOP: TOTAL NO. of ITERATIONS REACHED LIMIT.

Increase the number of iterations (max_iter) or scale the data as shown in:
    https://scikit-learn.org/stable/modules/preprocessing.html
  self.n_iter_ = _check_optimize_result("lbfgs", opt_res, self.max_iter)

2023-07-04 10:22:43,275:WARNING:/home/thom/venvs/fairlearn/lib/python3.9/site-packages/sklearn/linear_model/_huber.py:335: ConvergenceWarning: lbfgs failed to converge (status=1):
STOP: TOTAL NO. of ITERATIONS REACHED LIMIT.

Increase the number of iterations (max_iter) or scale the data as shown in:
    https://scikit-learn.org/stable/modules/preprocessing.html
  self.n_iter_ = _check_optimize_result("lbfgs", opt_res, self.max_iter)

2023-07-04 10:22:43,291:WARNING:/home/thom/venvs/fairlearn/lib/python3.9/site-packages/sklearn/linear_model/_huber.py:335: ConvergenceWarning: lbfgs failed to converge (status=1):
STOP: TOTAL NO. of ITERATIONS REACHED LIMIT.

Increase the number of iterations (max_iter) or scale the data as shown in:
    https://scikit-learn.org/stable/modules/preprocessing.html
  self.n_iter_ = _check_optimize_result("lbfgs", opt_res, self.max_iter)

2023-07-04 10:22:43,439:WARNING:/home/thom/venvs/fairlearn/lib/python3.9/site-packages/sklearn/linear_model/_huber.py:335: ConvergenceWarning: lbfgs failed to converge (status=1):
STOP: TOTAL NO. of ITERATIONS REACHED LIMIT.

Increase the number of iterations (max_iter) or scale the data as shown in:
    https://scikit-learn.org/stable/modules/preprocessing.html
  self.n_iter_ = _check_optimize_result("lbfgs", opt_res, self.max_iter)

2023-07-04 10:22:43,461:WARNING:/home/thom/venvs/fairlearn/lib/python3.9/site-packages/sklearn/linear_model/_huber.py:335: ConvergenceWarning: lbfgs failed to converge (status=1):
STOP: TOTAL NO. of ITERATIONS REACHED LIMIT.

Increase the number of iterations (max_iter) or scale the data as shown in:
    https://scikit-learn.org/stable/modules/preprocessing.html
  self.n_iter_ = _check_optimize_result("lbfgs", opt_res, self.max_iter)

2023-07-04 10:22:43,572:WARNING:/home/thom/venvs/fairlearn/lib/python3.9/site-packages/sklearn/linear_model/_huber.py:335: ConvergenceWarning: lbfgs failed to converge (status=1):
STOP: TOTAL NO. of ITERATIONS REACHED LIMIT.

Increase the number of iterations (max_iter) or scale the data as shown in:
    https://scikit-learn.org/stable/modules/preprocessing.html
  self.n_iter_ = _check_optimize_result("lbfgs", opt_res, self.max_iter)

2023-07-04 10:22:43,620:WARNING:/home/thom/venvs/fairlearn/lib/python3.9/site-packages/sklearn/linear_model/_huber.py:335: ConvergenceWarning: lbfgs failed to converge (status=1):
STOP: TOTAL NO. of ITERATIONS REACHED LIMIT.

Increase the number of iterations (max_iter) or scale the data as shown in:
    https://scikit-learn.org/stable/modules/preprocessing.html
  self.n_iter_ = _check_optimize_result("lbfgs", opt_res, self.max_iter)

2023-07-04 10:22:43,782:WARNING:/home/thom/venvs/fairlearn/lib/python3.9/site-packages/sklearn/linear_model/_huber.py:335: ConvergenceWarning: lbfgs failed to converge (status=1):
STOP: TOTAL NO. of ITERATIONS REACHED LIMIT.

Increase the number of iterations (max_iter) or scale the data as shown in:
    https://scikit-learn.org/stable/modules/preprocessing.html
  self.n_iter_ = _check_optimize_result("lbfgs", opt_res, self.max_iter)

2023-07-04 10:22:44,538:WARNING:/home/thom/venvs/fairlearn/lib/python3.9/site-packages/sklearn/linear_model/_huber.py:335: ConvergenceWarning: lbfgs failed to converge (status=1):
2023-07-04 10:22:44,539:WARNING:STOP: TOTAL NO. of ITERATIONS REACHED LIMIT.
2023-07-04 10:22:44,540:WARNING:
2023-07-04 10:22:44,540:WARNING:Increase the number of iterations (max_iter) or scale the data as shown in:
2023-07-04 10:22:44,541:WARNING:    https://scikit-learn.org/stable/modules/preprocessing.html
2023-07-04 10:22:44,541:WARNING:  self.n_iter_ = _check_optimize_result("lbfgs", opt_res, self.max_iter)
2023-07-04 10:22:47,488:WARNING:/home/thom/venvs/fairlearn/lib/python3.9/site-packages/sklearn/linear_model/_huber.py:335: ConvergenceWarning: lbfgs failed to converge (status=1):
2023-07-04 10:22:47,488:WARNING:STOP: TOTAL NO. of ITERATIONS REACHED LIMIT.
2023-07-04 10:22:47,488:WARNING:
2023-07-04 10:22:47,488:WARNING:Increase the number of iterations (max_iter) or scale the data as shown in:
2023-07-04 10:22:47,488:WARNING:    https://scikit-learn.org/stable/modules/preprocessing.html
2023-07-04 10:22:47,488:WARNING:  self.n_iter_ = _check_optimize_result("lbfgs", opt_res, self.max_iter)
2023-07-04 10:22:47,691:WARNING:/home/thom/venvs/fairlearn/lib/python3.9/site-packages/sklearn/linear_model/_huber.py:335: ConvergenceWarning: lbfgs failed to converge (status=1):
2023-07-04 10:22:47,691:WARNING:STOP: TOTAL NO. of ITERATIONS REACHED LIMIT.
2023-07-04 10:22:47,691:WARNING:
2023-07-04 10:22:47,691:WARNING:Increase the number of iterations (max_iter) or scale the data as shown in:
2023-07-04 10:22:47,691:WARNING:    https://scikit-learn.org/stable/modules/preprocessing.html
2023-07-04 10:22:47,692:WARNING:  self.n_iter_ = _check_optimize_result("lbfgs", opt_res, self.max_iter)
2023-07-04 10:22:47,874:WARNING:/home/thom/venvs/fairlearn/lib/python3.9/site-packages/sklearn/linear_model/_huber.py:335: ConvergenceWarning: lbfgs failed to converge (status=1):
2023-07-04 10:22:47,874:WARNING:STOP: TOTAL NO. of ITERATIONS REACHED LIMIT.
2023-07-04 10:22:47,874:WARNING:
2023-07-04 10:22:47,874:WARNING:Increase the number of iterations (max_iter) or scale the data as shown in:
2023-07-04 10:22:47,874:WARNING:    https://scikit-learn.org/stable/modules/preprocessing.html
2023-07-04 10:22:47,874:WARNING:  self.n_iter_ = _check_optimize_result("lbfgs", opt_res, self.max_iter)
2023-07-04 10:22:48,009:WARNING:/home/thom/venvs/fairlearn/lib/python3.9/site-packages/sklearn/linear_model/_huber.py:335: ConvergenceWarning: lbfgs failed to converge (status=1):
2023-07-04 10:22:48,009:WARNING:STOP: TOTAL NO. of ITERATIONS REACHED LIMIT.
2023-07-04 10:22:48,009:WARNING:
2023-07-04 10:22:48,009:WARNING:Increase the number of iterations (max_iter) or scale the data as shown in:
2023-07-04 10:22:48,009:WARNING:    https://scikit-learn.org/stable/modules/preprocessing.html
2023-07-04 10:22:48,009:WARNING:  self.n_iter_ = _check_optimize_result("lbfgs", opt_res, self.max_iter)
2023-07-04 10:22:48,152:WARNING:/home/thom/venvs/fairlearn/lib/python3.9/site-packages/sklearn/linear_model/_huber.py:335: ConvergenceWarning: lbfgs failed to converge (status=1):
2023-07-04 10:22:48,152:WARNING:STOP: TOTAL NO. of ITERATIONS REACHED LIMIT.
2023-07-04 10:22:48,152:WARNING:
2023-07-04 10:22:48,152:WARNING:Increase the number of iterations (max_iter) or scale the data as shown in:
2023-07-04 10:22:48,153:WARNING:    https://scikit-learn.org/stable/modules/preprocessing.html
2023-07-04 10:22:48,153:WARNING:  self.n_iter_ = _check_optimize_result("lbfgs", opt_res, self.max_iter)
2023-07-04 10:22:50,546:WARNING:/home/thom/venvs/fairlearn/lib/python3.9/site-packages/sklearn/linear_model/_huber.py:335: ConvergenceWarning: lbfgs failed to converge (status=1):
STOP: TOTAL NO. of ITERATIONS REACHED LIMIT.

Increase the number of iterations (max_iter) or scale the data as shown in:
    https://scikit-learn.org/stable/modules/preprocessing.html
  self.n_iter_ = _check_optimize_result("lbfgs", opt_res, self.max_iter)

2023-07-04 10:22:51,777:WARNING:/home/thom/venvs/fairlearn/lib/python3.9/site-packages/sklearn/linear_model/_huber.py:335: ConvergenceWarning: lbfgs failed to converge (status=1):
STOP: TOTAL NO. of ITERATIONS REACHED LIMIT.

Increase the number of iterations (max_iter) or scale the data as shown in:
    https://scikit-learn.org/stable/modules/preprocessing.html
  self.n_iter_ = _check_optimize_result("lbfgs", opt_res, self.max_iter)

2023-07-04 10:22:51,971:WARNING:/home/thom/venvs/fairlearn/lib/python3.9/site-packages/sklearn/linear_model/_huber.py:335: ConvergenceWarning: lbfgs failed to converge (status=1):
STOP: TOTAL NO. of ITERATIONS REACHED LIMIT.

Increase the number of iterations (max_iter) or scale the data as shown in:
    https://scikit-learn.org/stable/modules/preprocessing.html
  self.n_iter_ = _check_optimize_result("lbfgs", opt_res, self.max_iter)

2023-07-04 10:22:51,995:WARNING:/home/thom/venvs/fairlearn/lib/python3.9/site-packages/sklearn/linear_model/_huber.py:335: ConvergenceWarning: lbfgs failed to converge (status=1):
STOP: TOTAL NO. of ITERATIONS REACHED LIMIT.

Increase the number of iterations (max_iter) or scale the data as shown in:
    https://scikit-learn.org/stable/modules/preprocessing.html
  self.n_iter_ = _check_optimize_result("lbfgs", opt_res, self.max_iter)

2023-07-04 10:22:52,001:WARNING:/home/thom/venvs/fairlearn/lib/python3.9/site-packages/sklearn/linear_model/_huber.py:335: ConvergenceWarning: lbfgs failed to converge (status=1):
STOP: TOTAL NO. of ITERATIONS REACHED LIMIT.

Increase the number of iterations (max_iter) or scale the data as shown in:
    https://scikit-learn.org/stable/modules/preprocessing.html
  self.n_iter_ = _check_optimize_result("lbfgs", opt_res, self.max_iter)

2023-07-04 10:22:52,182:WARNING:/home/thom/venvs/fairlearn/lib/python3.9/site-packages/sklearn/linear_model/_huber.py:335: ConvergenceWarning: lbfgs failed to converge (status=1):
STOP: TOTAL NO. of ITERATIONS REACHED LIMIT.

Increase the number of iterations (max_iter) or scale the data as shown in:
    https://scikit-learn.org/stable/modules/preprocessing.html
  self.n_iter_ = _check_optimize_result("lbfgs", opt_res, self.max_iter)

2023-07-04 10:22:52,386:WARNING:/home/thom/venvs/fairlearn/lib/python3.9/site-packages/sklearn/linear_model/_huber.py:335: ConvergenceWarning: lbfgs failed to converge (status=1):
STOP: TOTAL NO. of ITERATIONS REACHED LIMIT.

Increase the number of iterations (max_iter) or scale the data as shown in:
    https://scikit-learn.org/stable/modules/preprocessing.html
  self.n_iter_ = _check_optimize_result("lbfgs", opt_res, self.max_iter)

2023-07-04 10:22:52,578:WARNING:/home/thom/venvs/fairlearn/lib/python3.9/site-packages/sklearn/linear_model/_huber.py:335: ConvergenceWarning: lbfgs failed to converge (status=1):
STOP: TOTAL NO. of ITERATIONS REACHED LIMIT.

Increase the number of iterations (max_iter) or scale the data as shown in:
    https://scikit-learn.org/stable/modules/preprocessing.html
  self.n_iter_ = _check_optimize_result("lbfgs", opt_res, self.max_iter)

2023-07-04 10:22:53,678:WARNING:/home/thom/venvs/fairlearn/lib/python3.9/site-packages/sklearn/linear_model/_huber.py:335: ConvergenceWarning: lbfgs failed to converge (status=1):
STOP: TOTAL NO. of ITERATIONS REACHED LIMIT.

Increase the number of iterations (max_iter) or scale the data as shown in:
    https://scikit-learn.org/stable/modules/preprocessing.html
  self.n_iter_ = _check_optimize_result("lbfgs", opt_res, self.max_iter)

2023-07-04 10:22:53,760:WARNING:/home/thom/venvs/fairlearn/lib/python3.9/site-packages/sklearn/linear_model/_huber.py:335: ConvergenceWarning: lbfgs failed to converge (status=1):
STOP: TOTAL NO. of ITERATIONS REACHED LIMIT.

Increase the number of iterations (max_iter) or scale the data as shown in:
    https://scikit-learn.org/stable/modules/preprocessing.html
  self.n_iter_ = _check_optimize_result("lbfgs", opt_res, self.max_iter)

2023-07-04 10:22:53,834:WARNING:/home/thom/venvs/fairlearn/lib/python3.9/site-packages/sklearn/linear_model/_huber.py:335: ConvergenceWarning: lbfgs failed to converge (status=1):
STOP: TOTAL NO. of ITERATIONS REACHED LIMIT.

Increase the number of iterations (max_iter) or scale the data as shown in:
    https://scikit-learn.org/stable/modules/preprocessing.html
  self.n_iter_ = _check_optimize_result("lbfgs", opt_res, self.max_iter)

2023-07-04 10:22:53,937:WARNING:/home/thom/venvs/fairlearn/lib/python3.9/site-packages/sklearn/linear_model/_huber.py:335: ConvergenceWarning: lbfgs failed to converge (status=1):
STOP: TOTAL NO. of ITERATIONS REACHED LIMIT.

Increase the number of iterations (max_iter) or scale the data as shown in:
    https://scikit-learn.org/stable/modules/preprocessing.html
  self.n_iter_ = _check_optimize_result("lbfgs", opt_res, self.max_iter)

2023-07-04 10:22:54,082:WARNING:/home/thom/venvs/fairlearn/lib/python3.9/site-packages/sklearn/linear_model/_huber.py:335: ConvergenceWarning: lbfgs failed to converge (status=1):
STOP: TOTAL NO. of ITERATIONS REACHED LIMIT.

Increase the number of iterations (max_iter) or scale the data as shown in:
    https://scikit-learn.org/stable/modules/preprocessing.html
  self.n_iter_ = _check_optimize_result("lbfgs", opt_res, self.max_iter)

2023-07-04 10:22:54,088:WARNING:/home/thom/venvs/fairlearn/lib/python3.9/site-packages/sklearn/linear_model/_huber.py:335: ConvergenceWarning: lbfgs failed to converge (status=1):
STOP: TOTAL NO. of ITERATIONS REACHED LIMIT.

Increase the number of iterations (max_iter) or scale the data as shown in:
    https://scikit-learn.org/stable/modules/preprocessing.html
  self.n_iter_ = _check_optimize_result("lbfgs", opt_res, self.max_iter)

2023-07-04 10:22:54,772:WARNING:/home/thom/venvs/fairlearn/lib/python3.9/site-packages/sklearn/linear_model/_huber.py:335: ConvergenceWarning: lbfgs failed to converge (status=1):
STOP: TOTAL NO. of ITERATIONS REACHED LIMIT.

Increase the number of iterations (max_iter) or scale the data as shown in:
    https://scikit-learn.org/stable/modules/preprocessing.html
  self.n_iter_ = _check_optimize_result("lbfgs", opt_res, self.max_iter)

2023-07-04 10:22:55,276:WARNING:/home/thom/venvs/fairlearn/lib/python3.9/site-packages/sklearn/linear_model/_huber.py:335: ConvergenceWarning: lbfgs failed to converge (status=1):
STOP: TOTAL NO. of ITERATIONS REACHED LIMIT.

Increase the number of iterations (max_iter) or scale the data as shown in:
    https://scikit-learn.org/stable/modules/preprocessing.html
  self.n_iter_ = _check_optimize_result("lbfgs", opt_res, self.max_iter)

2023-07-04 10:22:55,296:WARNING:/home/thom/venvs/fairlearn/lib/python3.9/site-packages/sklearn/linear_model/_huber.py:335: ConvergenceWarning: lbfgs failed to converge (status=1):
STOP: TOTAL NO. of ITERATIONS REACHED LIMIT.

Increase the number of iterations (max_iter) or scale the data as shown in:
    https://scikit-learn.org/stable/modules/preprocessing.html
  self.n_iter_ = _check_optimize_result("lbfgs", opt_res, self.max_iter)

2023-07-04 10:22:55,470:WARNING:/home/thom/venvs/fairlearn/lib/python3.9/site-packages/sklearn/linear_model/_huber.py:335: ConvergenceWarning: lbfgs failed to converge (status=1):
STOP: TOTAL NO. of ITERATIONS REACHED LIMIT.

Increase the number of iterations (max_iter) or scale the data as shown in:
    https://scikit-learn.org/stable/modules/preprocessing.html
  self.n_iter_ = _check_optimize_result("lbfgs", opt_res, self.max_iter)

2023-07-04 10:22:56,290:WARNING:/home/thom/venvs/fairlearn/lib/python3.9/site-packages/sklearn/linear_model/_huber.py:335: ConvergenceWarning: lbfgs failed to converge (status=1):
2023-07-04 10:22:56,290:WARNING:STOP: TOTAL NO. of ITERATIONS REACHED LIMIT.
2023-07-04 10:22:56,290:WARNING:
2023-07-04 10:22:56,290:WARNING:Increase the number of iterations (max_iter) or scale the data as shown in:
2023-07-04 10:22:56,290:WARNING:    https://scikit-learn.org/stable/modules/preprocessing.html
2023-07-04 10:22:56,290:WARNING:  self.n_iter_ = _check_optimize_result("lbfgs", opt_res, self.max_iter)
2023-07-04 10:22:58,164:WARNING:/home/thom/venvs/fairlearn/lib/python3.9/site-packages/sklearn/linear_model/_huber.py:335: ConvergenceWarning: lbfgs failed to converge (status=1):
2023-07-04 10:22:58,164:WARNING:STOP: TOTAL NO. of ITERATIONS REACHED LIMIT.
2023-07-04 10:22:58,164:WARNING:
2023-07-04 10:22:58,164:WARNING:Increase the number of iterations (max_iter) or scale the data as shown in:
2023-07-04 10:22:58,164:WARNING:    https://scikit-learn.org/stable/modules/preprocessing.html
2023-07-04 10:22:58,164:WARNING:  self.n_iter_ = _check_optimize_result("lbfgs", opt_res, self.max_iter)
2023-07-04 10:22:58,372:WARNING:/home/thom/venvs/fairlearn/lib/python3.9/site-packages/sklearn/linear_model/_huber.py:335: ConvergenceWarning: lbfgs failed to converge (status=1):
2023-07-04 10:22:58,372:WARNING:STOP: TOTAL NO. of ITERATIONS REACHED LIMIT.
2023-07-04 10:22:58,372:WARNING:
2023-07-04 10:22:58,372:WARNING:Increase the number of iterations (max_iter) or scale the data as shown in:
2023-07-04 10:22:58,372:WARNING:    https://scikit-learn.org/stable/modules/preprocessing.html
2023-07-04 10:22:58,373:WARNING:  self.n_iter_ = _check_optimize_result("lbfgs", opt_res, self.max_iter)
2023-07-04 10:22:58,605:WARNING:/home/thom/venvs/fairlearn/lib/python3.9/site-packages/sklearn/linear_model/_huber.py:335: ConvergenceWarning: lbfgs failed to converge (status=1):
2023-07-04 10:22:58,606:WARNING:STOP: TOTAL NO. of ITERATIONS REACHED LIMIT.
2023-07-04 10:22:58,606:WARNING:
2023-07-04 10:22:58,606:WARNING:Increase the number of iterations (max_iter) or scale the data as shown in:
2023-07-04 10:22:58,606:WARNING:    https://scikit-learn.org/stable/modules/preprocessing.html
2023-07-04 10:22:58,606:WARNING:  self.n_iter_ = _check_optimize_result("lbfgs", opt_res, self.max_iter)
2023-07-04 10:22:58,774:WARNING:/home/thom/venvs/fairlearn/lib/python3.9/site-packages/sklearn/linear_model/_huber.py:335: ConvergenceWarning: lbfgs failed to converge (status=1):
2023-07-04 10:22:58,775:WARNING:STOP: TOTAL NO. of ITERATIONS REACHED LIMIT.
2023-07-04 10:22:58,775:WARNING:
2023-07-04 10:22:58,775:WARNING:Increase the number of iterations (max_iter) or scale the data as shown in:
2023-07-04 10:22:58,775:WARNING:    https://scikit-learn.org/stable/modules/preprocessing.html
2023-07-04 10:22:58,775:WARNING:  self.n_iter_ = _check_optimize_result("lbfgs", opt_res, self.max_iter)
2023-07-04 10:22:58,973:WARNING:/home/thom/venvs/fairlearn/lib/python3.9/site-packages/sklearn/linear_model/_huber.py:335: ConvergenceWarning: lbfgs failed to converge (status=1):
2023-07-04 10:22:58,973:WARNING:STOP: TOTAL NO. of ITERATIONS REACHED LIMIT.
2023-07-04 10:22:58,973:WARNING:
2023-07-04 10:22:58,973:WARNING:Increase the number of iterations (max_iter) or scale the data as shown in:
2023-07-04 10:22:58,973:WARNING:    https://scikit-learn.org/stable/modules/preprocessing.html
2023-07-04 10:22:58,973:WARNING:  self.n_iter_ = _check_optimize_result("lbfgs", opt_res, self.max_iter)
2023-07-04 10:23:00,853:WARNING:/home/thom/venvs/fairlearn/lib/python3.9/site-packages/sklearn/linear_model/_huber.py:335: ConvergenceWarning: lbfgs failed to converge (status=1):
STOP: TOTAL NO. of ITERATIONS REACHED LIMIT.

Increase the number of iterations (max_iter) or scale the data as shown in:
    https://scikit-learn.org/stable/modules/preprocessing.html
  self.n_iter_ = _check_optimize_result("lbfgs", opt_res, self.max_iter)

2023-07-04 10:23:02,682:WARNING:/home/thom/venvs/fairlearn/lib/python3.9/site-packages/sklearn/linear_model/_huber.py:335: ConvergenceWarning: lbfgs failed to converge (status=1):
STOP: TOTAL NO. of ITERATIONS REACHED LIMIT.

Increase the number of iterations (max_iter) or scale the data as shown in:
    https://scikit-learn.org/stable/modules/preprocessing.html
  self.n_iter_ = _check_optimize_result("lbfgs", opt_res, self.max_iter)

2023-07-04 10:23:02,737:WARNING:/home/thom/venvs/fairlearn/lib/python3.9/site-packages/sklearn/linear_model/_huber.py:335: ConvergenceWarning: lbfgs failed to converge (status=1):
STOP: TOTAL NO. of ITERATIONS REACHED LIMIT.

Increase the number of iterations (max_iter) or scale the data as shown in:
    https://scikit-learn.org/stable/modules/preprocessing.html
  self.n_iter_ = _check_optimize_result("lbfgs", opt_res, self.max_iter)

2023-07-04 10:23:02,910:WARNING:/home/thom/venvs/fairlearn/lib/python3.9/site-packages/sklearn/linear_model/_huber.py:335: ConvergenceWarning: lbfgs failed to converge (status=1):
STOP: TOTAL NO. of ITERATIONS REACHED LIMIT.

Increase the number of iterations (max_iter) or scale the data as shown in:
    https://scikit-learn.org/stable/modules/preprocessing.html
  self.n_iter_ = _check_optimize_result("lbfgs", opt_res, self.max_iter)

2023-07-04 10:23:04,282:WARNING:/home/thom/venvs/fairlearn/lib/python3.9/site-packages/sklearn/linear_model/_huber.py:335: ConvergenceWarning: lbfgs failed to converge (status=1):
STOP: TOTAL NO. of ITERATIONS REACHED LIMIT.

Increase the number of iterations (max_iter) or scale the data as shown in:
    https://scikit-learn.org/stable/modules/preprocessing.html
  self.n_iter_ = _check_optimize_result("lbfgs", opt_res, self.max_iter)

2023-07-04 10:23:04,547:WARNING:/home/thom/venvs/fairlearn/lib/python3.9/site-packages/sklearn/linear_model/_huber.py:335: ConvergenceWarning: lbfgs failed to converge (status=1):
STOP: TOTAL NO. of ITERATIONS REACHED LIMIT.

Increase the number of iterations (max_iter) or scale the data as shown in:
    https://scikit-learn.org/stable/modules/preprocessing.html
  self.n_iter_ = _check_optimize_result("lbfgs", opt_res, self.max_iter)

2023-07-04 10:23:04,811:WARNING:/home/thom/venvs/fairlearn/lib/python3.9/site-packages/sklearn/linear_model/_huber.py:335: ConvergenceWarning: lbfgs failed to converge (status=1):
STOP: TOTAL NO. of ITERATIONS REACHED LIMIT.

Increase the number of iterations (max_iter) or scale the data as shown in:
    https://scikit-learn.org/stable/modules/preprocessing.html
  self.n_iter_ = _check_optimize_result("lbfgs", opt_res, self.max_iter)

2023-07-04 10:23:05,959:WARNING:/home/thom/venvs/fairlearn/lib/python3.9/site-packages/sklearn/linear_model/_huber.py:335: ConvergenceWarning: lbfgs failed to converge (status=1):
STOP: TOTAL NO. of ITERATIONS REACHED LIMIT.

Increase the number of iterations (max_iter) or scale the data as shown in:
    https://scikit-learn.org/stable/modules/preprocessing.html
  self.n_iter_ = _check_optimize_result("lbfgs", opt_res, self.max_iter)

2023-07-04 10:23:06,282:WARNING:/home/thom/venvs/fairlearn/lib/python3.9/site-packages/sklearn/linear_model/_huber.py:335: ConvergenceWarning: lbfgs failed to converge (status=1):
STOP: TOTAL NO. of ITERATIONS REACHED LIMIT.

Increase the number of iterations (max_iter) or scale the data as shown in:
    https://scikit-learn.org/stable/modules/preprocessing.html
  self.n_iter_ = _check_optimize_result("lbfgs", opt_res, self.max_iter)

2023-07-04 10:23:06,634:WARNING:/home/thom/venvs/fairlearn/lib/python3.9/site-packages/sklearn/linear_model/_huber.py:335: ConvergenceWarning: lbfgs failed to converge (status=1):
STOP: TOTAL NO. of ITERATIONS REACHED LIMIT.

Increase the number of iterations (max_iter) or scale the data as shown in:
    https://scikit-learn.org/stable/modules/preprocessing.html
  self.n_iter_ = _check_optimize_result("lbfgs", opt_res, self.max_iter)

2023-07-04 10:23:06,882:WARNING:/home/thom/venvs/fairlearn/lib/python3.9/site-packages/sklearn/linear_model/_huber.py:335: ConvergenceWarning: lbfgs failed to converge (status=1):
STOP: TOTAL NO. of ITERATIONS REACHED LIMIT.

Increase the number of iterations (max_iter) or scale the data as shown in:
    https://scikit-learn.org/stable/modules/preprocessing.html
  self.n_iter_ = _check_optimize_result("lbfgs", opt_res, self.max_iter)

2023-07-04 10:23:07,134:WARNING:/home/thom/venvs/fairlearn/lib/python3.9/site-packages/sklearn/linear_model/_huber.py:335: ConvergenceWarning: lbfgs failed to converge (status=1):
STOP: TOTAL NO. of ITERATIONS REACHED LIMIT.

Increase the number of iterations (max_iter) or scale the data as shown in:
    https://scikit-learn.org/stable/modules/preprocessing.html
  self.n_iter_ = _check_optimize_result("lbfgs", opt_res, self.max_iter)

2023-07-04 10:23:11,372:INFO:Visual Rendered Successfully
2023-07-04 10:23:11,591:INFO:plot_model() successfully completed......................................
2023-07-04 10:23:11,623:INFO:Initializing interpret_model()
2023-07-04 10:23:11,623:INFO:interpret_model(estimator=StackingRegressor(cv=5,
                  estimators=[('Bayesian Ridge', BayesianRidge()),
                              ('Ridge Regression', Ridge(random_state=2584)),
                              ('Linear Regression',
                               LinearRegression(n_jobs=-1)),
                              ('Huber Regressor', HuberRegressor()),
                              ('TheilSen Regressor',
                               TheilSenRegressor(max_iter=1000, n_jobs=-1,
                                                 random_state=2584))],
                  final_estimator=LinearRegression(n_jobs=-1), n_jobs=-1,
                  passthrough=True), use_train_data=False, X_new_sample=None, y_new_sample=None, feature=None, kwargs={}, observation=None, plot=summary, save=False, self=<pycaret.regression.oop.RegressionExperiment object at 0x7f854a8330d0>)
2023-07-04 10:23:11,623:INFO:Checking exceptions
2023-07-04 10:23:11,623:INFO:Soft dependency imported: shap: 0.41.0
2023-07-04 10:23:12,084:INFO:Initializing plot_model()
2023-07-04 10:23:12,084:INFO:plot_model(plot=error, fold=KFold(n_splits=10, random_state=None, shuffle=False), verbose=False, display=None, display_format=None, estimator=StackingRegressor(cv=5,
                  estimators=[('Bayesian Ridge', BayesianRidge()),
                              ('Ridge Regression', Ridge(random_state=2584)),
                              ('Linear Regression',
                               LinearRegression(n_jobs=-1)),
                              ('Huber Regressor', HuberRegressor()),
                              ('TheilSen Regressor',
                               TheilSenRegressor(max_iter=1000, n_jobs=-1,
                                                 random_state=2584))],
                  final_estimator=LinearRegression(n_jobs=-1), n_jobs=-1,
                  passthrough=True), feature_name=None, fit_kwargs={}, groups=None, label=False, plot_kwargs=None, save=False, scale=1, self=<pycaret.regression.oop.RegressionExperiment object at 0x7f854a8330d0>, system=True)
2023-07-04 10:23:12,084:INFO:Checking exceptions
2023-07-04 10:23:12,088:INFO:Preloading libraries
2023-07-04 10:23:12,090:INFO:Copying training dataset
2023-07-04 10:23:12,090:INFO:Plot type: error
2023-07-04 10:23:13,013:INFO:Fitting Model
2023-07-04 10:23:13,013:WARNING:X does not have valid feature names, but BayesianRidge was fitted with feature names

2023-07-04 10:23:13,013:INFO:Scoring test/hold-out set
2023-07-04 10:23:13,415:INFO:Visual Rendered Successfully
2023-07-04 10:23:13,598:INFO:plot_model() successfully completed......................................
2023-07-04 10:26:42,962:INFO:Initializing interpret_model()
2023-07-04 10:26:42,963:INFO:interpret_model(estimator=StackingRegressor(cv=5,
                  estimators=[('Bayesian Ridge', BayesianRidge()),
                              ('Ridge Regression', Ridge(random_state=2584)),
                              ('Linear Regression',
                               LinearRegression(n_jobs=-1)),
                              ('Huber Regressor', HuberRegressor()),
                              ('TheilSen Regressor',
                               TheilSenRegressor(max_iter=1000, n_jobs=-1,
                                                 random_state=2584))],
                  final_estimator=LinearRegression(n_jobs=-1), n_jobs=-1,
                  passthrough=True), use_train_data=False, X_new_sample=None, y_new_sample=None, feature=None, kwargs={}, observation=12, plot=reason, save=False, self=<pycaret.regression.oop.RegressionExperiment object at 0x7f854a8330d0>)
2023-07-04 10:26:42,963:INFO:Checking exceptions
2023-07-04 10:26:42,963:INFO:Soft dependency imported: shap: 0.41.0
2023-07-04 10:27:16,833:INFO:gpu_param set to False
2023-07-04 10:27:17,180:WARNING:
'xgboost' is a soft dependency and not included in the pycaret installation. Please run: `pip install xgboost` to install.
Alternately, you can install this by running `pip install pycaret[models]`
2023-07-04 10:27:17,180:WARNING:
'catboost' is a soft dependency and not included in the pycaret installation. Please run: `pip install catboost` to install.
Alternately, you can install this by running `pip install pycaret[models]`
2023-07-04 10:27:17,483:WARNING:
'xgboost' is a soft dependency and not included in the pycaret installation. Please run: `pip install xgboost` to install.
Alternately, you can install this by running `pip install pycaret[models]`
2023-07-04 10:27:17,484:WARNING:
'catboost' is a soft dependency and not included in the pycaret installation. Please run: `pip install catboost` to install.
Alternately, you can install this by running `pip install pycaret[models]`
2023-07-04 10:27:39,362:INFO:Initializing automl()
2023-07-04 10:27:39,363:INFO:automl(self=<pycaret.regression.oop.RegressionExperiment object at 0x7f854a8330d0>, optimize=RMSE, use_holdout=False, turbo=True, return_train_score=False)
2023-07-04 10:27:39,364:INFO:Model Selection Basis : CV Results on Training set
2023-07-04 10:27:39,364:INFO:Checking model 18
2023-07-04 10:27:39,365:INFO:Checking model 19
2023-07-04 10:27:39,365:INFO:Checking model 20
2023-07-04 10:27:39,365:INFO:Checking model 21
2023-07-04 10:27:39,366:INFO:Checking model 22
2023-07-04 10:27:39,366:INFO:Checking model 23
2023-07-04 10:27:39,367:INFO:Checking model 24
2023-07-04 10:27:39,367:INFO:Checking model 25
2023-07-04 10:27:39,367:INFO:Checking model 26
2023-07-04 10:27:39,367:INFO:Checking model 27
2023-07-04 10:27:39,368:INFO:Checking model 28
2023-07-04 10:27:39,368:INFO:Checking model 29
2023-07-04 10:27:39,368:INFO:Checking model 30
2023-07-04 10:27:39,369:INFO:Checking model 31
2023-07-04 10:27:39,369:INFO:Checking model 32
2023-07-04 10:27:39,369:INFO:Checking model 57
2023-07-04 10:27:39,370:INFO:Checking model 58
2023-07-04 10:27:39,370:INFO:Checking model 82
2023-07-04 10:27:39,370:INFO:Checking model 83
2023-07-04 10:27:39,380:INFO:Initializing create_model()
2023-07-04 10:27:39,380:INFO:create_model(self=<pycaret.regression.oop.RegressionExperiment object at 0x7f854a8330d0>, estimator=VotingRegressor(estimators=[('Gradient Boosting Regressor',
                             GradientBoostingRegressor(random_state=2584)),
                            ('Bayesian Ridge', BayesianRidge()),
                            ('Ridge Regression', Ridge(random_state=2584)),
                            ('Linear Regression', LinearRegression(n_jobs=-1)),
                            ('Huber Regressor', HuberRegressor())],
                n_jobs=-1), fold=None, round=4, cross_validation=False, predict=False, fit_kwargs=None, groups=None, refit=True, probability_threshold=None, experiment_custom_tags=None, verbose=False, system=False, add_to_model_list=True, metrics=None, display=None, model_only=True, return_train_score=False, kwargs={})
2023-07-04 10:27:39,380:INFO:Checking exceptions
2023-07-04 10:27:39,384:INFO:Importing libraries
2023-07-04 10:27:39,384:INFO:Copying training dataset
2023-07-04 10:27:39,391:INFO:Defining folds
2023-07-04 10:27:39,392:INFO:Declaring metric variables
2023-07-04 10:27:39,392:INFO:Importing untrained model
2023-07-04 10:27:39,392:INFO:Declaring custom model
2023-07-04 10:27:39,397:INFO:Voting Regressor Imported successfully
2023-07-04 10:27:39,649:INFO:Cross validation set to False
2023-07-04 10:27:39,650:INFO:Fitting Model
2023-07-04 10:27:40,046:INFO:VotingRegressor(estimators=[('Gradient Boosting Regressor',
                             GradientBoostingRegressor(random_state=2584)),
                            ('Bayesian Ridge', BayesianRidge()),
                            ('Ridge Regression', Ridge(random_state=2584)),
                            ('Linear Regression', LinearRegression(n_jobs=-1)),
                            ('Huber Regressor', HuberRegressor())],
                n_jobs=-1)
2023-07-04 10:27:40,046:INFO:create_model() successfully completed......................................
2023-07-04 10:27:40,458:INFO:VotingRegressor(estimators=[('Gradient Boosting Regressor',
                             GradientBoostingRegressor(random_state=2584)),
                            ('Bayesian Ridge', BayesianRidge()),
                            ('Ridge Regression', Ridge(random_state=2584)),
                            ('Linear Regression', LinearRegression(n_jobs=-1)),
                            ('Huber Regressor', HuberRegressor())],
                n_jobs=-1)
2023-07-04 10:27:40,458:INFO:automl() successfully completed......................................
2023-07-04 10:27:41,507:INFO:Initializing predict_model()
2023-07-04 10:27:41,508:INFO:predict_model(self=<pycaret.regression.oop.RegressionExperiment object at 0x7f854a8330d0>, estimator=LGBMRegressor(bagging_fraction=0.8, bagging_freq=0, feature_fraction=0.6,
              learning_rate=0.15, min_child_samples=26, min_split_gain=0.4,
              n_estimators=40, num_leaves=60, random_state=2584, reg_alpha=5,
              reg_lambda=1), probability_threshold=None, encoded_labels=False, raw_score=False, round=4, verbose=True, ml_usecase=None, preprocess=True, encode_labels=<function _SupervisedExperiment.predict_model.<locals>.encode_labels at 0x7f85750dd8b0>)
2023-07-04 10:27:41,508:INFO:Checking exceptions
2023-07-04 10:27:41,508:INFO:Preloading libraries
2023-07-04 10:27:43,435:INFO:Initializing predict_model()
2023-07-04 10:27:43,435:INFO:predict_model(self=<pycaret.regression.oop.RegressionExperiment object at 0x7f854a8330d0>, estimator=VotingRegressor(estimators=[('Gradient Boosting Regressor',
                             GradientBoostingRegressor(random_state=2584)),
                            ('Bayesian Ridge', BayesianRidge()),
                            ('Ridge Regression', Ridge(random_state=2584)),
                            ('Linear Regression', LinearRegression(n_jobs=-1)),
                            ('Huber Regressor', HuberRegressor())],
                n_jobs=-1), probability_threshold=None, encoded_labels=False, raw_score=False, round=4, verbose=True, ml_usecase=None, preprocess=True, encode_labels=<function _SupervisedExperiment.predict_model.<locals>.encode_labels at 0x7f85750dd3a0>)
2023-07-04 10:27:43,435:INFO:Checking exceptions
2023-07-04 10:27:43,436:INFO:Preloading libraries
2023-07-04 10:27:43,439:INFO:Set up data.
2023-07-04 10:27:43,448:INFO:Set up index.
2023-07-04 10:27:47,990:INFO:Initializing save_model()
2023-07-04 10:27:47,991:INFO:save_model(model=VotingRegressor(estimators=[('Gradient Boosting Regressor',
                             GradientBoostingRegressor(random_state=2584)),
                            ('Bayesian Ridge', BayesianRidge()),
                            ('Ridge Regression', Ridge(random_state=2584)),
                            ('Linear Regression', LinearRegression(n_jobs=-1)),
                            ('Huber Regressor', HuberRegressor())],
                n_jobs=-1), model_name=best-model-other, prep_pipe_=Pipeline(memory=FastMemory(location=/tmp/joblib),
         steps=[('iterative_imputer',
                 TransformerWrapper(transformer=IterativeImputer(cat_estimator=LGBMClassifier(random_state=2584),
                                                                 cat_estimator_prepare_for_categoricals_type=(LGBMClassifier(random_state=2584),
                                                                                                              {}),
                                                                 categorical_indices=[],
                                                                 max_iter=5,
                                                                 num_estimator=LGBMRegressor(random_state=2584),
                                                                 num_estimator_prepare_for_categoricals_type=(LGBMRegressor(random_state=2584),
                                                                                                              {}),
                                                                 random_state=2584,
                                                                 skip_complete=True))),
                ('clean_column_names',
                 TransformerWrapper(transformer=CleanColumnNames()))]), verbose=True, use_case=MLUsecase.REGRESSION, kwargs={})
2023-07-04 10:27:47,991:INFO:Adding model into prep_pipe
2023-07-04 10:27:48,378:INFO:best-model-other.pkl saved in current working directory
2023-07-04 10:27:48,431:INFO:Pipeline(memory=FastMemory(location=/tmp/joblib),
         steps=[('iterative_imputer',
                 TransformerWrapper(transformer=IterativeImputer(cat_estimator=LGBMClassifier(random_state=2584),
                                                                 cat_estimator_prepare_for_categoricals_type=(LGBMClassifier(random_state=2584),
                                                                                                              {}),
                                                                 categorical_indices=[],
                                                                 max_iter=5,
                                                                 num_estimator=LGBMRegressor(random_state=2584),
                                                                 num_estimator...
                 TransformerWrapper(transformer=CleanColumnNames())),
                ('trained_model',
                 VotingRegressor(estimators=[('Gradient Boosting Regressor',
                                              GradientBoostingRegressor(random_state=2584)),
                                             ('Bayesian Ridge',
                                              BayesianRidge()),
                                             ('Ridge Regression',
                                              Ridge(random_state=2584)),
                                             ('Linear Regression',
                                              LinearRegression(n_jobs=-1)),
                                             ('Huber Regressor',
                                              HuberRegressor())],
                                 n_jobs=-1))])
2023-07-04 10:27:48,431:INFO:save_model() successfully completed......................................
2023-07-04 10:27:49,652:INFO:Initializing load_model()
2023-07-04 10:27:49,654:INFO:load_model(model_name=best-model-other, platform=None, authentication=None, verbose=True)
2023-07-04 10:27:52,221:INFO:Initializing get_config()
2023-07-04 10:27:52,223:INFO:get_config(self=<pycaret.regression.oop.RegressionExperiment object at 0x7f854a8330d0>, variable=X_train)
2023-07-04 10:27:52,224:INFO:Variable: 'X_train' used to return the transformed values in PyCaret 2.x. From PyCaret 3.x, this will return the raw values. If you need the transformed values, call get_config with 'X_train_transformed' instead.
2023-07-04 10:27:52,224:WARNING:Variable: 'X_train' used to return the transformed values in PyCaret 2.x. From PyCaret 3.x, this will return the raw values. If you need the transformed values, call get_config with 'X_train_transformed' instead.

2023-07-04 10:27:52,235:INFO:Variable:  returned as         JS  WW     D  BH  W&S    WE    RP    JD    SJ     V  CG  TP
874    NaN NaN   NaN NaN  NaN   NaN  96.0   NaN   NaN   NaN NaN NaN
883   92.0 NaN   NaN NaN  NaN   NaN   NaN   NaN   NaN   NaN NaN NaN
1299  94.0 NaN  94.0 NaN  NaN  96.0  93.0  96.0   NaN   NaN NaN NaN
1871   NaN NaN  93.0 NaN  NaN   NaN  97.0  95.0   NaN   NaN NaN NaN
847   95.0 NaN   NaN NaN  NaN   NaN  98.0   NaN   NaN  96.0 NaN NaN
...    ...  ..   ...  ..  ...   ...   ...   ...   ...   ...  ..  ..
2059   NaN NaN   NaN NaN  NaN   NaN  97.0   NaN   NaN   NaN NaN NaN
947    NaN NaN   NaN NaN  NaN   NaN   NaN   NaN   NaN   NaN NaN NaN
1985  92.0 NaN   NaN NaN  NaN  94.0  94.0   NaN   NaN   NaN NaN NaN
368   91.0 NaN   NaN NaN  NaN   NaN   NaN   NaN  93.0   NaN NaN NaN
1503  94.0 NaN   NaN NaN  NaN  92.0   NaN   NaN   NaN   NaN NaN NaN

[1165 rows x 12 columns]
2023-07-04 10:27:52,235:INFO:get_config() successfully completed......................................
2023-07-04 10:27:53,286:INFO:Soft dependency imported: m2cgen: 0.10.0
2023-07-04 10:28:01,824:INFO:Soft dependency imported: m2cgen: 0.10.0
2023-07-04 10:28:07,667:INFO:Soft dependency imported: fastapi: 0.99.1
2023-07-04 10:28:07,668:ERROR:
'uvicorn' is a soft dependency and not included in the pycaret installation. Please run: `pip install uvicorn` to install.
Alternately, you can install this by running `pip install pycaret[mlops]`
NoneType: None
2023-07-04 10:28:32,895:INFO:Soft dependency imported: fastapi: 0.99.1
2023-07-04 10:28:32,896:ERROR:
'uvicorn' is a soft dependency and not included in the pycaret installation. Please run: `pip install uvicorn` to install.
Alternately, you can install this by running `pip install pycaret[mlops]`
NoneType: None
2023-07-04 10:29:09,825:WARNING:
'cuml' is a soft dependency and not included in the pycaret installation. Please run: `pip install cuml` to install.
2023-07-04 10:29:09,826:WARNING:
'cuml' is a soft dependency and not included in the pycaret installation. Please run: `pip install cuml` to install.
2023-07-04 10:29:09,826:WARNING:
'cuml' is a soft dependency and not included in the pycaret installation. Please run: `pip install cuml` to install.
2023-07-04 10:29:09,826:WARNING:
'cuml' is a soft dependency and not included in the pycaret installation. Please run: `pip install cuml` to install.
2023-07-04 10:29:10,423:WARNING:
'prophet' is a soft dependency and not included in the pycaret installation. Please run: `pip install prophet` to install.
2023-07-04 10:29:12,865:INFO:Initializing load_model()
2023-07-04 10:29:12,866:INFO:load_model(model_name=best-model-other, platform=None, authentication=None, verbose=True)
2023-07-04 10:29:58,661:WARNING:/tmp/ipykernel_19687/4076199752.py:1: FutureWarning: Passing a set as an indexer is deprecated and will raise in a future version. Use a list instead.
  df_test = df.loc[not_picked_indices, :]

2023-07-04 10:30:06,689:INFO:Initializing load_model()
2023-07-04 10:30:06,690:INFO:load_model(model_name=best-model-other, platform=None, authentication=None, verbose=True)
2023-07-04 10:30:20,026:INFO:Initializing predict_model()
2023-07-04 10:30:20,026:INFO:predict_model(self=<pycaret.regression.oop.RegressionExperiment object at 0x7f2e03f9c820>, estimator=Pipeline(memory=FastMemory(location=/tmp/joblib),
         steps=[('iterative_imputer',
                 TransformerWrapper(transformer=IterativeImputer(cat_estimator=LGBMClassifier(random_state=2584),
                                                                 cat_estimator_prepare_for_categoricals_type=(LGBMClassifier(random_state=2584),
                                                                                                              {}),
                                                                 categorical_indices=[],
                                                                 max_iter=5,
                                                                 num_estimator=LGBMRegressor(random_state=2584),
                                                                 num_estimator...
                 TransformerWrapper(transformer=CleanColumnNames())),
                ('trained_model',
                 VotingRegressor(estimators=[('Gradient Boosting Regressor',
                                              GradientBoostingRegressor(random_state=2584)),
                                             ('Bayesian Ridge',
                                              BayesianRidge()),
                                             ('Ridge Regression',
                                              Ridge(random_state=2584)),
                                             ('Linear Regression',
                                              LinearRegression(n_jobs=-1)),
                                             ('Huber Regressor',
                                              HuberRegressor())],
                                 n_jobs=-1))]), probability_threshold=None, encoded_labels=False, raw_score=False, round=4, verbose=True, ml_usecase=None, preprocess=True, encode_labels=<function _SupervisedExperiment.predict_model.<locals>.encode_labels at 0x7f2e020b5c10>)
2023-07-04 10:30:20,026:INFO:Checking exceptions
2023-07-04 10:30:20,026:INFO:Preloading libraries
2023-07-04 10:30:20,027:INFO:Set up data.
2023-07-04 10:30:20,038:INFO:Set up index.
2023-07-04 10:30:53,703:INFO:PyCaret RegressionExperiment
2023-07-04 10:30:53,703:INFO:Logging name: ws_from_other
2023-07-04 10:30:53,703:INFO:ML Usecase: MLUsecase.REGRESSION
2023-07-04 10:30:53,704:INFO:version 3.0.3
2023-07-04 10:30:53,704:INFO:Initializing setup()
2023-07-04 10:30:53,704:INFO:self.USI: b413
2023-07-04 10:30:53,704:INFO:self._variable_keys: {'data', 'X_train', 'exp_name_log', 'y_test', '_ml_usecase', 'idx', 'y', 'gpu_param', 'log_plots_param', 'target_param', 'exp_id', 'pipeline', '_available_plots', 'X', 'logging_param', 'memory', 'USI', 'transform_target_param', 'fold_generator', 'n_jobs_param', 'X_test', 'y_train', 'seed', 'fold_groups_param', 'gpu_n_jobs_param', 'html_param', 'fold_shuffle_param'}
2023-07-04 10:30:53,704:INFO:Checking environment
2023-07-04 10:30:53,704:INFO:python_version: 3.9.5
2023-07-04 10:30:53,704:INFO:python_build: ('default', 'Nov 23 2021 15:27:38')
2023-07-04 10:30:53,704:INFO:machine: x86_64
2023-07-04 10:30:53,704:INFO:platform: Linux-5.4.0-153-generic-x86_64-with-glibc2.31
2023-07-04 10:30:53,704:INFO:Memory: svmem(total=8140615680, available=3571453952, percent=56.1, used=3817771008, free=2228183040, active=4446838784, inactive=1051787264, buffers=189329408, cached=1905332224, shared=458797056, slab=266670080)
2023-07-04 10:30:53,705:INFO:Physical Core: 2
2023-07-04 10:30:53,706:INFO:Logical Core: 4
2023-07-04 10:30:53,706:INFO:Checking libraries
2023-07-04 10:30:53,706:INFO:System:
2023-07-04 10:30:53,706:INFO:    python: 3.9.5 (default, Nov 23 2021, 15:27:38)  [GCC 9.3.0]
2023-07-04 10:30:53,706:INFO:executable: /home/thom/venvs/fairlearn/bin/python
2023-07-04 10:30:53,706:INFO:   machine: Linux-5.4.0-153-generic-x86_64-with-glibc2.31
2023-07-04 10:30:53,706:INFO:PyCaret required dependencies:
2023-07-04 10:30:53,706:INFO:                 pip: 21.3.1
2023-07-04 10:30:53,706:INFO:          setuptools: 60.2.0
2023-07-04 10:30:53,706:INFO:             pycaret: 3.0.3
2023-07-04 10:30:53,706:INFO:             IPython: 8.14.0
2023-07-04 10:30:53,706:INFO:          ipywidgets: 8.0.6
2023-07-04 10:30:53,706:INFO:                tqdm: 4.65.0
2023-07-04 10:30:53,707:INFO:               numpy: 1.23.4
2023-07-04 10:30:53,707:INFO:              pandas: 1.5.1
2023-07-04 10:30:53,707:INFO:              jinja2: 3.1.2
2023-07-04 10:30:53,707:INFO:               scipy: 1.9.3
2023-07-04 10:30:53,707:INFO:              joblib: 1.2.0
2023-07-04 10:30:53,707:INFO:             sklearn: 1.1.3
2023-07-04 10:30:53,707:INFO:                pyod: 1.1.0
2023-07-04 10:30:53,707:INFO:            imblearn: 0.10.1
2023-07-04 10:30:53,707:INFO:   category_encoders: 2.6.1
2023-07-04 10:30:53,707:INFO:            lightgbm: 3.3.5
2023-07-04 10:30:53,707:INFO:               numba: 0.57.1
2023-07-04 10:30:53,707:INFO:            requests: 2.31.0
2023-07-04 10:30:53,707:INFO:          matplotlib: 3.7.1
2023-07-04 10:30:53,708:INFO:          scikitplot: 0.3.7
2023-07-04 10:30:53,708:INFO:         yellowbrick: 1.5
2023-07-04 10:30:53,708:INFO:              plotly: 5.15.0
2023-07-04 10:30:53,708:INFO:    plotly-resampler: Not installed
2023-07-04 10:30:53,708:INFO:             kaleido: 0.2.1
2023-07-04 10:30:53,708:INFO:           schemdraw: 0.15
2023-07-04 10:30:53,708:INFO:         statsmodels: 0.14.0
2023-07-04 10:30:53,708:INFO:              sktime: 0.20.0
2023-07-04 10:30:53,708:INFO:               tbats: 1.1.3
2023-07-04 10:30:53,708:INFO:            pmdarima: 2.0.3
2023-07-04 10:30:53,708:INFO:              psutil: 5.9.5
2023-07-04 10:30:53,708:INFO:          markupsafe: 2.1.3
2023-07-04 10:30:53,708:INFO:             pickle5: Not installed
2023-07-04 10:30:53,708:INFO:         cloudpickle: 2.2.1
2023-07-04 10:30:53,709:INFO:         deprecation: 2.1.0
2023-07-04 10:30:53,709:INFO:              xxhash: 3.2.0
2023-07-04 10:30:53,709:INFO:           wurlitzer: 3.0.3
2023-07-04 10:30:53,709:INFO:PyCaret optional dependencies:
2023-07-04 10:30:54,014:INFO:                shap: 0.41.0
2023-07-04 10:30:54,014:INFO:           interpret: Not installed
2023-07-04 10:30:54,014:INFO:                umap: Not installed
2023-07-04 10:30:54,014:INFO:    pandas_profiling: Not installed
2023-07-04 10:30:54,014:INFO:  explainerdashboard: Not installed
2023-07-04 10:30:54,014:INFO:             autoviz: Not installed
2023-07-04 10:30:54,014:INFO:           fairlearn: Not installed
2023-07-04 10:30:54,014:INFO:          deepchecks: Not installed
2023-07-04 10:30:54,014:INFO:             xgboost: Not installed
2023-07-04 10:30:54,014:INFO:            catboost: Not installed
2023-07-04 10:30:54,015:INFO:              kmodes: Not installed
2023-07-04 10:30:54,015:INFO:             mlxtend: Not installed
2023-07-04 10:30:54,015:INFO:       statsforecast: Not installed
2023-07-04 10:30:54,015:INFO:        tune_sklearn: Not installed
2023-07-04 10:30:54,015:INFO:                 ray: Not installed
2023-07-04 10:30:54,015:INFO:            hyperopt: Not installed
2023-07-04 10:30:54,015:INFO:              optuna: Not installed
2023-07-04 10:30:54,015:INFO:               skopt: Not installed
2023-07-04 10:30:54,015:INFO:              mlflow: Not installed
2023-07-04 10:30:54,015:INFO:              gradio: Not installed
2023-07-04 10:30:54,015:INFO:             fastapi: 0.99.1
2023-07-04 10:30:54,015:INFO:             uvicorn: 0.22.0
2023-07-04 10:30:54,015:INFO:              m2cgen: 0.10.0
2023-07-04 10:30:54,015:INFO:           evidently: Not installed
2023-07-04 10:30:54,015:INFO:               fugue: Not installed
2023-07-04 10:30:54,015:INFO:           streamlit: Not installed
2023-07-04 10:30:54,015:INFO:             prophet: Not installed
2023-07-04 10:30:54,015:INFO:None
2023-07-04 10:30:54,015:INFO:Set up data.
2023-07-04 10:30:54,027:INFO:Set up train/test split.
2023-07-04 10:30:54,031:INFO:Set up index.
2023-07-04 10:30:54,031:INFO:Set up folding strategy.
2023-07-04 10:30:54,032:INFO:Assigning column types.
2023-07-04 10:30:54,037:INFO:Engine successfully changes for model 'lr' to 'sklearn'.
2023-07-04 10:30:54,037:INFO:Engine for model 'lasso' has not been set explicitly, hence returning None.
2023-07-04 10:30:54,048:INFO:Engine for model 'ridge' has not been set explicitly, hence returning None.
2023-07-04 10:30:54,061:INFO:Engine for model 'en' has not been set explicitly, hence returning None.
2023-07-04 10:30:54,223:INFO:Engine for model 'svm' has not been set explicitly, hence returning None.
2023-07-04 10:30:54,331:INFO:Engine for model 'knn' has not been set explicitly, hence returning None.
2023-07-04 10:30:54,332:WARNING:
'xgboost' is a soft dependency and not included in the pycaret installation. Please run: `pip install xgboost` to install.
Alternately, you can install this by running `pip install pycaret[models]`
2023-07-04 10:30:54,333:WARNING:
'catboost' is a soft dependency and not included in the pycaret installation. Please run: `pip install catboost` to install.
Alternately, you can install this by running `pip install pycaret[models]`
2023-07-04 10:30:54,333:INFO:Engine for model 'lasso' has not been set explicitly, hence returning None.
2023-07-04 10:30:54,346:INFO:Engine for model 'ridge' has not been set explicitly, hence returning None.
2023-07-04 10:30:54,358:INFO:Engine for model 'en' has not been set explicitly, hence returning None.
2023-07-04 10:30:54,495:INFO:Engine for model 'svm' has not been set explicitly, hence returning None.
2023-07-04 10:30:54,590:INFO:Engine for model 'knn' has not been set explicitly, hence returning None.
2023-07-04 10:30:54,590:WARNING:
'xgboost' is a soft dependency and not included in the pycaret installation. Please run: `pip install xgboost` to install.
Alternately, you can install this by running `pip install pycaret[models]`
2023-07-04 10:30:54,591:WARNING:
'catboost' is a soft dependency and not included in the pycaret installation. Please run: `pip install catboost` to install.
Alternately, you can install this by running `pip install pycaret[models]`
2023-07-04 10:30:54,591:INFO:Engine successfully changes for model 'lasso' to 'sklearn'.
2023-07-04 10:30:54,601:INFO:Engine for model 'ridge' has not been set explicitly, hence returning None.
2023-07-04 10:30:54,611:INFO:Engine for model 'en' has not been set explicitly, hence returning None.
2023-07-04 10:30:54,739:INFO:Engine for model 'svm' has not been set explicitly, hence returning None.
2023-07-04 10:30:54,833:INFO:Engine for model 'knn' has not been set explicitly, hence returning None.
2023-07-04 10:30:54,834:WARNING:
'xgboost' is a soft dependency and not included in the pycaret installation. Please run: `pip install xgboost` to install.
Alternately, you can install this by running `pip install pycaret[models]`
2023-07-04 10:30:54,834:WARNING:
'catboost' is a soft dependency and not included in the pycaret installation. Please run: `pip install catboost` to install.
Alternately, you can install this by running `pip install pycaret[models]`
2023-07-04 10:30:54,844:INFO:Engine for model 'ridge' has not been set explicitly, hence returning None.
2023-07-04 10:30:54,854:INFO:Engine for model 'en' has not been set explicitly, hence returning None.
2023-07-04 10:30:55,019:INFO:Engine for model 'svm' has not been set explicitly, hence returning None.
2023-07-04 10:30:55,146:INFO:Engine for model 'knn' has not been set explicitly, hence returning None.
2023-07-04 10:30:55,147:WARNING:
'xgboost' is a soft dependency and not included in the pycaret installation. Please run: `pip install xgboost` to install.
Alternately, you can install this by running `pip install pycaret[models]`
2023-07-04 10:30:55,147:WARNING:
'catboost' is a soft dependency and not included in the pycaret installation. Please run: `pip install catboost` to install.
Alternately, you can install this by running `pip install pycaret[models]`
2023-07-04 10:30:55,148:INFO:Engine successfully changes for model 'ridge' to 'sklearn'.
2023-07-04 10:30:55,173:INFO:Engine for model 'en' has not been set explicitly, hence returning None.
2023-07-04 10:30:55,353:INFO:Engine for model 'svm' has not been set explicitly, hence returning None.
2023-07-04 10:30:55,448:INFO:Engine for model 'knn' has not been set explicitly, hence returning None.
2023-07-04 10:30:55,449:WARNING:
'xgboost' is a soft dependency and not included in the pycaret installation. Please run: `pip install xgboost` to install.
Alternately, you can install this by running `pip install pycaret[models]`
2023-07-04 10:30:55,450:WARNING:
'catboost' is a soft dependency and not included in the pycaret installation. Please run: `pip install catboost` to install.
Alternately, you can install this by running `pip install pycaret[models]`
2023-07-04 10:30:55,469:INFO:Engine for model 'en' has not been set explicitly, hence returning None.
2023-07-04 10:30:55,587:INFO:Engine for model 'svm' has not been set explicitly, hence returning None.
2023-07-04 10:30:55,684:INFO:Engine for model 'knn' has not been set explicitly, hence returning None.
2023-07-04 10:30:55,686:WARNING:
'xgboost' is a soft dependency and not included in the pycaret installation. Please run: `pip install xgboost` to install.
Alternately, you can install this by running `pip install pycaret[models]`
2023-07-04 10:30:55,686:WARNING:
'catboost' is a soft dependency and not included in the pycaret installation. Please run: `pip install catboost` to install.
Alternately, you can install this by running `pip install pycaret[models]`
2023-07-04 10:30:55,687:INFO:Engine successfully changes for model 'en' to 'sklearn'.
2023-07-04 10:30:55,833:INFO:Engine for model 'svm' has not been set explicitly, hence returning None.
2023-07-04 10:30:55,935:INFO:Engine for model 'knn' has not been set explicitly, hence returning None.
2023-07-04 10:30:55,936:WARNING:
'xgboost' is a soft dependency and not included in the pycaret installation. Please run: `pip install xgboost` to install.
Alternately, you can install this by running `pip install pycaret[models]`
2023-07-04 10:30:55,936:WARNING:
'catboost' is a soft dependency and not included in the pycaret installation. Please run: `pip install catboost` to install.
Alternately, you can install this by running `pip install pycaret[models]`
2023-07-04 10:30:56,075:INFO:Engine for model 'svm' has not been set explicitly, hence returning None.
2023-07-04 10:30:56,177:INFO:Engine for model 'knn' has not been set explicitly, hence returning None.
2023-07-04 10:30:56,178:WARNING:
'xgboost' is a soft dependency and not included in the pycaret installation. Please run: `pip install xgboost` to install.
Alternately, you can install this by running `pip install pycaret[models]`
2023-07-04 10:30:56,178:WARNING:
'catboost' is a soft dependency and not included in the pycaret installation. Please run: `pip install catboost` to install.
Alternately, you can install this by running `pip install pycaret[models]`
2023-07-04 10:30:56,179:INFO:Engine successfully changes for model 'knn' to 'sklearn'.
2023-07-04 10:30:56,339:INFO:Engine for model 'svm' has not been set explicitly, hence returning None.
2023-07-04 10:30:56,440:WARNING:
'xgboost' is a soft dependency and not included in the pycaret installation. Please run: `pip install xgboost` to install.
Alternately, you can install this by running `pip install pycaret[models]`
2023-07-04 10:30:56,441:WARNING:
'catboost' is a soft dependency and not included in the pycaret installation. Please run: `pip install catboost` to install.
Alternately, you can install this by running `pip install pycaret[models]`
2023-07-04 10:30:56,586:INFO:Engine for model 'svm' has not been set explicitly, hence returning None.
2023-07-04 10:30:56,681:WARNING:
'xgboost' is a soft dependency and not included in the pycaret installation. Please run: `pip install xgboost` to install.
Alternately, you can install this by running `pip install pycaret[models]`
2023-07-04 10:30:56,681:WARNING:
'catboost' is a soft dependency and not included in the pycaret installation. Please run: `pip install catboost` to install.
Alternately, you can install this by running `pip install pycaret[models]`
2023-07-04 10:30:56,682:INFO:Engine successfully changes for model 'svm' to 'sklearn'.
2023-07-04 10:30:56,951:WARNING:
'xgboost' is a soft dependency and not included in the pycaret installation. Please run: `pip install xgboost` to install.
Alternately, you can install this by running `pip install pycaret[models]`
2023-07-04 10:30:56,951:WARNING:
'catboost' is a soft dependency and not included in the pycaret installation. Please run: `pip install catboost` to install.
Alternately, you can install this by running `pip install pycaret[models]`
2023-07-04 10:30:57,206:WARNING:
'xgboost' is a soft dependency and not included in the pycaret installation. Please run: `pip install xgboost` to install.
Alternately, you can install this by running `pip install pycaret[models]`
2023-07-04 10:30:57,206:WARNING:
'catboost' is a soft dependency and not included in the pycaret installation. Please run: `pip install catboost` to install.
Alternately, you can install this by running `pip install pycaret[models]`
2023-07-04 10:30:57,208:INFO:Preparing preprocessing pipeline...
2023-07-04 10:30:57,208:INFO:Set up iterative imputation.
2023-07-04 10:30:57,488:WARNING:
'xgboost' is a soft dependency and not included in the pycaret installation. Please run: `pip install xgboost` to install.
Alternately, you can install this by running `pip install pycaret[models]`
2023-07-04 10:30:57,488:WARNING:
'catboost' is a soft dependency and not included in the pycaret installation. Please run: `pip install catboost` to install.
Alternately, you can install this by running `pip install pycaret[models]`
2023-07-04 10:30:57,591:INFO:Engine for model 'rbfsvm' has not been set explicitly, hence returning None.
2023-07-04 10:30:57,655:WARNING:
'xgboost' is a soft dependency and not included in the pycaret installation. Please run: `pip install xgboost` to install.
Alternately, you can install this by running `pip install pycaret[models]`
2023-07-04 10:30:57,655:WARNING:
'catboost' is a soft dependency and not included in the pycaret installation. Please run: `pip install catboost` to install.
Alternately, you can install this by running `pip install pycaret[models]`
2023-07-04 10:30:57,669:INFO:Set up column name cleaning.
2023-07-04 10:30:59,609:WARNING:/home/thom/venvs/fairlearn/lib/python3.9/site-packages/pycaret/internal/preprocess/iterative_imputer.py:402: ConvergenceWarning: [IterativeImputer] Early stopping criterion not reached.
  warnings.warn(

2023-07-04 10:31:01,230:INFO:Finished creating preprocessing pipeline.
2023-07-04 10:31:01,269:INFO:Pipeline: Pipeline(memory=FastMemory(location=/tmp/joblib),
         steps=[('iterative_imputer',
                 TransformerWrapper(transformer=IterativeImputer(cat_estimator=LGBMClassifier(random_state=6362),
                                                                 cat_estimator_prepare_for_categoricals_type=(LGBMClassifier(random_state=6362),
                                                                                                              {}),
                                                                 categorical_indices=[],
                                                                 max_iter=5,
                                                                 num_estimator=LGBMRegressor(random_state=6362),
                                                                 num_estimator_prepare_for_categoricals_type=(LGBMRegressor(random_state=6362),
                                                                                                              {}),
                                                                 random_state=6362,
                                                                 skip_complete=True))),
                ('clean_column_names',
                 TransformerWrapper(transformer=CleanColumnNames()))])
2023-07-04 10:31:01,269:INFO:Creating final display dataframe.
2023-07-04 10:31:03,864:INFO:Setup _display_container:                         Description          Value
0                        Session id           6362
1                            Target             WS
2                       Target type     Regression
3               Original data shape     (1665, 13)
4            Transformed data shape     (1665, 13)
5       Transformed train set shape     (1165, 13)
6        Transformed test set shape      (500, 13)
7                  Numeric features             12
8          Rows with missing values         100.0%
9                        Preprocess           True
10                  Imputation type      iterative
11  Iterative imputation iterations              5
12        Numeric iterative imputer       lightgbm
13    Categorical iterative imputer       lightgbm
14                   Fold Generator          KFold
15                      Fold Number             10
16                         CPU Jobs             -1
17                          Use GPU          False
18                   Log Experiment          False
19                  Experiment Name  ws_from_other
20                              USI           b413
2023-07-04 10:31:04,129:WARNING:
'xgboost' is a soft dependency and not included in the pycaret installation. Please run: `pip install xgboost` to install.
Alternately, you can install this by running `pip install pycaret[models]`
2023-07-04 10:31:04,129:WARNING:
'catboost' is a soft dependency and not included in the pycaret installation. Please run: `pip install catboost` to install.
Alternately, you can install this by running `pip install pycaret[models]`
2023-07-04 10:31:04,384:WARNING:
'xgboost' is a soft dependency and not included in the pycaret installation. Please run: `pip install xgboost` to install.
Alternately, you can install this by running `pip install pycaret[models]`
2023-07-04 10:31:04,385:WARNING:
'catboost' is a soft dependency and not included in the pycaret installation. Please run: `pip install catboost` to install.
Alternately, you can install this by running `pip install pycaret[models]`
2023-07-04 10:31:04,385:INFO:setup() successfully completed in 10.74s...............
2023-07-04 10:31:04,392:INFO:Soft dependency imported: fastapi: 0.99.1
2023-07-04 10:31:04,392:INFO:Soft dependency imported: uvicorn: 0.22.0
2023-07-04 10:31:04,392:INFO:Soft dependency imported: pydantic: 1.10.10
2023-07-04 10:31:04,500:INFO:Initializing save_model()
2023-07-04 10:31:04,500:INFO:save_model(model=Pipeline(memory=FastMemory(location=/tmp/joblib),
         steps=[('iterative_imputer',
                 TransformerWrapper(transformer=IterativeImputer(cat_estimator=LGBMClassifier(random_state=2584),
                                                                 cat_estimator_prepare_for_categoricals_type=(LGBMClassifier(random_state=2584),
                                                                                                              {}),
                                                                 categorical_indices=[],
                                                                 max_iter=5,
                                                                 num_estimator=LGBMRegressor(random_state=2584),
                                                                 num_estimator...
                 TransformerWrapper(transformer=CleanColumnNames())),
                ('trained_model',
                 VotingRegressor(estimators=[('Gradient Boosting Regressor',
                                              GradientBoostingRegressor(random_state=2584)),
                                             ('Bayesian Ridge',
                                              BayesianRidge()),
                                             ('Ridge Regression',
                                              Ridge(random_state=2584)),
                                             ('Linear Regression',
                                              LinearRegression(n_jobs=-1)),
                                             ('Huber Regressor',
                                              HuberRegressor())],
                                 n_jobs=-1))]), model_name=predict_ws_from_other, prep_pipe_=Pipeline(memory=FastMemory(location=/tmp/joblib),
         steps=[('iterative_imputer',
                 TransformerWrapper(transformer=IterativeImputer(cat_estimator=LGBMClassifier(random_state=6362),
                                                                 cat_estimator_prepare_for_categoricals_type=(LGBMClassifier(random_state=6362),
                                                                                                              {}),
                                                                 categorical_indices=[],
                                                                 max_iter=5,
                                                                 num_estimator=LGBMRegressor(random_state=6362),
                                                                 num_estimator_prepare_for_categoricals_type=(LGBMRegressor(random_state=6362),
                                                                                                              {}),
                                                                 random_state=6362,
                                                                 skip_complete=True))),
                ('clean_column_names',
                 TransformerWrapper(transformer=CleanColumnNames()))]), verbose=False, use_case=MLUsecase.REGRESSION, kwargs={})
2023-07-04 10:31:04,500:INFO:Adding model into prep_pipe
2023-07-04 10:31:04,500:WARNING:Only Model saved as it was a pipeline.
2023-07-04 10:31:04,673:INFO:predict_ws_from_other.pkl saved in current working directory
2023-07-04 10:31:04,727:INFO:Pipeline(memory=FastMemory(location=/tmp/joblib),
         steps=[('iterative_imputer',
                 TransformerWrapper(transformer=IterativeImputer(cat_estimator=LGBMClassifier(random_state=2584),
                                                                 cat_estimator_prepare_for_categoricals_type=(LGBMClassifier(random_state=2584),
                                                                                                              {}),
                                                                 categorical_indices=[],
                                                                 max_iter=5,
                                                                 num_estimator=LGBMRegressor(random_state=2584),
                                                                 num_estimator...
                 TransformerWrapper(transformer=CleanColumnNames())),
                ('trained_model',
                 VotingRegressor(estimators=[('Gradient Boosting Regressor',
                                              GradientBoostingRegressor(random_state=2584)),
                                             ('Bayesian Ridge',
                                              BayesianRidge()),
                                             ('Ridge Regression',
                                              Ridge(random_state=2584)),
                                             ('Linear Regression',
                                              LinearRegression(n_jobs=-1)),
                                             ('Huber Regressor',
                                              HuberRegressor())],
                                 n_jobs=-1))])
2023-07-04 10:31:04,727:INFO:save_model() successfully completed......................................
