,name,wine_url,productVarietal,productStock,productRegion,productPrice,productOrigin,productID,productCompetitiveIntensity,ProductAvailability,pProductID,description,pageName,shippingRegion,shipToState,priceCurrency,price,averageRating_bestRating,averageRating_worstRating,bestRating,worstRating,additionalType,uploadDate,prodAlcoholVolume_text,prodAlcoholPercent_percent,JS,WS,WW,D,BH,W&S,WE,RP,JD,SJ,V,CG,TP
w01,"La Grande Dame, the Glory of Pinot Noir",https://www.wine.com/product/product/veuve-clicquot-yellow-label-brut-with-ice-jacket/164614,Non-Vintage Sparkling Wine,632,Champagne,$79.97,"Champagne, France",164614,C/I: KVI,In Stock,CGM54529_0,"More than 200 years ago, Madame Clicquot was already particularly fond of this grape variety. The predominance of Pinot Noir marks out the style of Veuve Clicquot, and has become the signature of the House.​",Wine:Product Detail:Veuve Clicquot Yellow Label Brut with Ice Jacket,NY,PA,USD,79.97,5,1,5,1,winery-image,2022-07-19T00:16:26+0000,750,12,,90,,94,,90,90,,,,,,
w02,The Corton Grancey Cuverie ,https://www.wine.com/product/product/louis-latour-corton-charlemagne-grand-cru-2018/664712,Chardonnay,2523,Aloxe-Corton,$209.99,"Aloxe-Corton, Cote de Beaune, Cote d'Or, Burgundy, France",664712,C/I: Long Tail,In Stock,TONLA73_18_2018,Construction of the Cuverie began in 1832 and it is where all of Domaine Louis Latour wines are made and aged. It is built over five levels into the hill which allows the entire winemaking process to be carried by gravity.,Wine:Product Detail:Louis Latour Corton-Charlemagne Grand Cru 2018,NY,PA,USD,209.99,5,1,5,1,winery-image,2018-08-21T23:35:08+0000,750,14.5,97.0,95,95,93,93,,,,,,,,
w03,Elisabetta Gnudi Angelini,https://www.wine.com/product/product/altesino-brunello-di-montalcino-2017/877499,Sangiovese,868,Montalcino,$74.99,"Montalcino, Tuscany, Italy",877499,C/I: Popular,In Stock,WBO30289120_2017,Altesino Elisabetta Gnudi Angelini Winery Image,Wine:Product Detail:Altesino Brunello di Montalcino 2017,NY,PA,USD,74.99,5,1,5,1,winery-image,2018-08-20T20:16:45+0000,750,14,95.0,92,,,,,90,94,,,,,
w04,Il Molino di Grace  Winery Image,https://www.wine.com/product/product/il-molino-di-grace-il-volano-2019/780569,Tuscan Blends,1785,Tuscany,$14.98,"Tuscany, Italy",780569,C/I: Direct Import,In Stock,FNY780569_2019,Il Molino di Grace  Winery Image,Wine:Product Detail:Il Molino di Grace Il Volano 2019,NY,PA,USD,14.98,5,1,5,1,winery-image,2019-03-01T16:29:27+0000,750,13.5,,91,,,,,,,,,,,
w05,Wahluke Vineyard,https://www.wine.com/product/product/k-vintners-the-hidden-syrah-2018/781759,Syrah/Shiraz,144,Wahluke Slope,$69.99,"Wahluke Slope, Columbia Valley, Washington",781759,C/I: Exception,In Stock,OPI28265_2018,K Vintners Wahluke Vineyard Winery Image,Wine:Product Detail:K Vintners The Hidden Syrah 2018,NY,PA,USD,69.99,5,1,5,1,winery-image,2018-10-15T22:29:36+0000,750,14.5,95.0,92,,,,,,96,96,,,,
w06,"La Grande Dame, the Glory of Pinot Noir",https://www.wine.com/product/product/veuve-clicquot-yellow-label-brut/528,Non-Vintage Sparkling Wine,1835,Champagne,$74.97,"Champagne, France",528,C/I: KVI,In Stock,CGM517_0,"More than 200 years ago, Madame Clicquot was already particularly fond of this grape variety. The predominance of Pinot Noir marks out the style of Veuve Clicquot, and has become the signature of the House.​",Wine:Product Detail:Veuve Clicquot Yellow Label Brut,NY,PA,USD,74.97,5,1,5,1,winery-image,2022-07-19T00:16:26+0000,750,12,92.0,90,,91,,,,,,,,,
w07,The Cellars,https://www.wine.com/product/product/billecart-salmon-brut-rose/23291,Sparkling Rosé,338,Champagne,$99.99,"Champagne, France",23291,C/I: Exception,In Stock,TEWFR103_0,Billecart-Salmon The Cellars Winery Image,Wine:Product Detail:Billecart-Salmon Brut Rose,NY,PA,USD,99.99,5,1,5,1,winery-image,2019-03-04T21:38:04+0000,750,12,93.0,92,96,91,,,92,91,94,,,,
w08,"VINCENT CHAPERON, THE CELLAR MASTER",https://www.wine.com/product/product/dom-perignon-vintage-with-gift-box-2013/1215725,Vintage Sparkling Wine,94,Champagne,$299.97,"Champagne, France",1215725,C/I: Exception,In Stock,CGM56224_2013,In 2019 Vincent Chaperon became the Dom Pérignon Chef de Cave. He was born to a Bordeaux winemaking family where vineyards are a legacy and wine is a culture. Vincent sees Dom Pérignon’s vision – harmony as a source of emotion – as a true raison d’être. ,Wine:Product Detail:Dom Perignon Vintage with Gift Box 2013,NY,PA,USD,299.97,5,1,5,1,winery-image,2021-05-15T19:05:10+0000,750,12.5,98.0,96,,,,,,95,,,,,
w09,Monte Bello ,https://www.wine.com/product/product/ridge-three-valleys-red-2020/1005115,Other Red Blends,1235,Sonoma County,$27.99,"Sonoma County, California",1005115,C/I: KVI,In Stock,WLD18827_2020,Ridge Monte Bello  Winery Image,Wine:Product Detail:Ridge Three Valleys Red 2020,NY,PA,USD,27.99,5,1,5,1,winery-image,2020-03-12T22:18:34+0000,750,14.4,,93,92,,,,93,,,,,,
w10,2021 California Old Vine Zinfandel,https://www.wine.com/product/product/bedrock-wine-company-california-old-vine-zinfandel-2021/1199558,Zinfandel,964,California,$24.99,California,1199558,C/I: Long Tail,In Stock,PSLCBE182_2021,Bedrock Wine Company California Old Vine Zinfandel 2021 from California - This is one of the strongest Old Vine Zinfandel bottlings they have made to date albeit a slightly different blend composition due to one of Mother Nature’s cur...,Wine:Product Detail:Bedrock Wine Company California Old Vine Zinfandel 2021,NY,PA,USD,24.99,5,1,5,1,,,750,0,,94,,,,,,,,,,,
w11,A Stone Cross Among the Vines,https://www.wine.com/product/product/chateau-lynch-bages-2019/583775,Bordeaux Red Blends,78,Pauillac,$159.99,"Pauillac, Bordeaux, France",583775,C/I: Luxury BDX,In Stock,FNY583775_2019,Chateau Lynch-Bages A Stone Cross Among the Vines Winery Image,Wine:Product Detail:Chateau Lynch-Bages 2019,NY,PA,USD,159.99,5,1,5,1,winery-image,2019-06-04T18:04:18+0000,750,14.1,97.0,96,,97,,,,96,100,,99,,
w12,Galerie Imperiale,https://www.wine.com/product/product/moet-and-chandon-imperial-brut/97557,Non-Vintage Sparkling Wine,655,Champagne,$64.97,"Champagne, France",97557,C/I: KVI,In Stock,CGM8533_0,Moët & Chandon Galerie Imperiale Winery Image,Wine:Product Detail:Moet & Chandon Imperial Brut,NY,PA,USD,64.97,5,1,5,1,winery-image,2018-07-26T18:14:41+0000,750,12,91.0,90,,,,,90,,,93,,,
w13,CADE Estate Winery Image,https://www.wine.com/product/product/cade-howell-mountain-estate-cabernet-sauvignon-2018/786280,Cabernet Sauvignon,6,Howell Mountain,$119.99,"Howell Mountain, Napa Valley, California",786280,C/I: Exception,In Stock - Last Call,WLD18439_2018,CADE Estate Winery Image,Wine:Product Detail:CADE Howell Mountain Estate Cabernet Sauvignon 2018,NY,PA,USD,119.99,5,1,5,1,winery-image,2018-06-13T20:31:40+0000,750,15.6,,93,94,,,,,,95,,95,,
w14,Visitor Center,https://www.wine.com/product/product/duckhorn-napa-valley-cabernet-sauvignon-2019/871938,Cabernet Sauvignon,298,Napa Valley,$69.99,"Napa Valley, California",871938,C/I: MAP,In Stock,PIN538032_2019,"Unveiled in 2001, our estate house and tasting room feature a traditional design with a wrap-around veranda, nestled in beautiful St. Helena.",Wine:Product Detail:Duckhorn Napa Valley Cabernet Sauvignon 2019,NY,PA,USD,69.99,5,1,5,1,winery-image,2018-04-18T19:51:31+0000,750,14.5,92.0,90,92,,,,,,90,,,91,
w15,Chardonnay Vineyards,https://www.wine.com/product/product/laurent-perrier-cuvee-rose/10521,Sparkling Rosé,1036,Champagne,$89.99,"Champagne, France",10521,C/I: KVI,In Stock,WBO30018492_0,Chardonnay Vineyards at the Laurent-Perrier Domaine in Tours-sur-Marne,Wine:Product Detail:Laurent-Perrier Cuvee Rose,NY,PA,USD,89.99,5,1,5,1,winery-image,2018-11-14T00:43:19+0000,750,12,,92,,95,,92,94,92,92,,,,
w16,Sonoma-Cutrer Vineyards  Winery Image,https://www.wine.com/product/product/sonoma-cutrer-sonoma-coast-chardonnay-2021/1087321,Chardonnay,1116,Sonoma Coast,$27.99,"Sonoma Coast, Sonoma County, California",1087321,C/I: KVI,In Stock,CGM55345_2021,Sonoma-Cutrer Vineyards  Winery Image,Wine:Product Detail:Sonoma-Cutrer Sonoma Coast Chardonnay 2021,NY,PA,USD,27.99,5,1,5,1,winery-image,2019-10-03T17:14:39+0000,750,13.9,,90,,,,,90,,,,,,
w17,Winemaker Heidi Von Der Mehden,https://www.wine.com/product/product/merry-edwards-sonoma-coast-pinot-noir-2019/890980,Pinot Noir,102,Sonoma Coast,$54.99,"Sonoma Coast, Sonoma County, California",890980,C/I: MAP,In Stock,WLD19296_2019,Merry Edwards Winemaker Heidi Von Der Mehden Winery Image,Wine:Product Detail:Merry Edwards Sonoma Coast Pinot Noir 2019,NY,PA,USD,54.99,5,1,5,1,winery-image,2020-04-06T17:58:58+0000,750,14.5,,91,,,,,94,93,93,,,,
w18,Far Niente Round Room Cellar,https://www.wine.com/product/product/far-niente-napa-valley-cabernet-sauvignon-2019/859904,Cabernet Sauvignon,984,Napa Valley,$119.99,"Napa Valley, California",859904,C/I: MAP,In Stock,CGM52393_2019,Far Niente Far Niente Round Room Cellar Winery Image,Wine:Product Detail:Far Niente Napa Valley Cabernet Sauvignon 2019,NY,PA,USD,119.99,5,1,5,1,winery-image,2018-08-14T16:57:10+0000,750,14.5,94.0,91,94,,,,96,92,94,,,,
w19,French puncheons for oak integration,https://www.wine.com/product/product/allan-scott-marlborough-sauvignon-blanc-2022/1123978,Sauvignon Blanc,13772,Marlborough,$16.99,"Marlborough, New Zealand",1123978,C/I: Popular,In Stock,WBO30293200_2022,500L French puncheons are used to facilitate perfect oak integration. New World wines are made with all the experience and enthusiasm that comes with the many years of winemaking.,Wine:Product Detail:Allan Scott Marlborough Sauvignon Blanc 2022,NY,PA,USD,16.99,5,1,5,1,winery-image,2021-05-13T16:23:21+0000,750,12,,93,90,,,,,,,,,,
w20,The Corton Grancey Cuverie ,https://www.wine.com/product/product/louis-latour-pouilly-fuisse-2020/877497,Chardonnay,2739,Pouilly-Fuisse,$36.99,"Pouilly-Fuisse, Maconnais, Burgundy, France",877497,C/I: Popular,In Stock,TONLA110_20_2020,Construction of the Cuverie began in 1832 and it is where all of Domaine Louis Latour wines are made and aged. It is built over five levels into the hill which allows the entire winemaking process to be carried by gravity.,Wine:Product Detail:Louis Latour Pouilly-Fuisse 2020,NY,PA,USD,36.99,5,1,5,1,winery-image,2018-08-21T23:35:08+0000,750,13,,90,92,,,,,,,,,,
w21,Visit Wente Vineyards,https://www.wine.com/product/product/wente-morning-fog-chardonnay-2021/1006428,Chardonnay,835,Livermore Valley,$15.99,"Livermore Valley, Central Coast, California",1006428,C/I: Exception,In Stock,OPI55719_2021,"Located just east of San Francisco in the historic Livermore Valley, Wente Vineyards is recognized as one of California’s premier wine country destinations, featuring wine tasting, food and wine experiences, and championship golf.",Wine:Product Detail:Wente Morning Fog Chardonnay 2021,NY,PA,USD,15.99,5,1,5,1,winery-image,2023-01-31T02:55:57+0000,750,13.5,,89,,,,,90,,,,,,91
w22,The Chalk Hill Corridors,https://www.wine.com/product/product/chalk-hill-sonoma-coast-chardonnay-2021/1083800,Chardonnay,913,Sonoma Coast,$18.99,"Sonoma Coast, Sonoma County, California",1083800,C/I: Popular,In Stock,PIN560204_2021,Chalk Hill Winery The Chalk Hill Corridors Winery Image,Wine:Product Detail:Chalk Hill Sonoma Coast Chardonnay 2021,NY,PA,USD,18.99,5,1,5,1,winery-image,2019-11-06T19:52:28+0000,750,14.1,,92,,,,93,,,,,,,
w23,The Cellars,https://www.wine.com/product/product/billecart-salmon-brut-reserve/29135,Non-Vintage Sparkling Wine,239,Champagne,$66.99,"Champagne, France",29135,C/I: Popular,In Stock,TEWFR102_0,Billecart-Salmon The Cellars Winery Image,Wine:Product Detail:Billecart-Salmon Brut Reserve,NY,PA,USD,66.99,5,1,5,1,winery-image,2019-03-04T21:38:04+0000,750,12,92.0,91,,,,,,,,,,,
w24,Winemaker Chantal Forthun,https://www.wine.com/product/product/flowers-sonoma-coast-pinot-noir-2021/1089653,Pinot Noir,1612,Sonoma Coast,$49.99,"Sonoma Coast, Sonoma County, California",1089653,C/I: KVI,In Stock,PIN561076_2021,Flowers Winemaker Chantal Forthun Winery Image,Wine:Product Detail:Flowers Sonoma Coast Pinot Noir 2021,NY,PA,USD,49.99,5,1,5,1,winery-image,2018-04-30T18:44:40+0000,750,13.5,93.0,93,,,,,,,,,,,
w25,Coombsville Sunrise,https://www.wine.com/product/product/faust-cabernet-sauvignon-2019/895674,Cabernet Sauvignon,525,Napa Valley,$57.99,"Napa Valley, California",895674,C/I: MAP,In Stock,PIN561078_2019,Faust Coombsville Sunrise Winery Image,Wine:Product Detail:Faust Cabernet Sauvignon 2019,NY,PA,USD,57.99,5,1,5,1,winery-image,2020-03-18T16:06:34+0000,750,14.9,95.0,93,,,,,,90,,,,,
w26,Ceretto  Winery Image,https://www.wine.com/product/product/ceretto-barbaresco-2019/1184260,Nebbiolo,640,Barbaresco,$74.99,"Barbaresco, Piedmont, Italy",1184260,C/I: Long Tail,In Stock,TON83524_19_2019,Ceretto  Winery Image,Wine:Product Detail:Ceretto Barbaresco 2019,NY,PA,USD,74.99,5,1,5,1,winery-image,2019-03-20T15:36:01+0000,750,14.5,93.0,93,92,,,,,94,,,,,
w27,Tenuta di Bibbiano Winery Image,https://www.wine.com/product/product/bibbiano-vigna-del-capannino-chianti-classico-gran-selezione-2019/1133016,Sangiovese,116,Chianti Classico,$39.99,"Chianti Classico, Chianti, Tuscany, Italy",1133016,C/I: Long Tail,In Stock,SHR106930_2019,Inside of Bibbiano Winery (old vintage library).,Wine:Product Detail:Bibbiano Vigna del Capannino Chianti Classico Gran Selezione 2019,NY,PA,USD,39.99,5,1,5,1,winery-image,2020-04-22T22:58:31+0000,750,14.5,95.0,93,,94,,91,,94,,,,,
w28,Vineyards in the Russian River Valley,https://www.wine.com/product/product/la-crema-sonoma-coast-pinot-noir-2021/1158164,Pinot Noir,1600,Sonoma Coast,$25.99,"Sonoma Coast, Sonoma County, California",1158164,C/I: KVI,In Stock,PIN569873_2021,"A cooling fog blankets vineyards during the evenings and mornings, but afternoons are filled with abundant sunshine, leading to temperature shifts of up to 40 degrees in a single day.",Wine:Product Detail:La Crema Sonoma Coast Pinot Noir 2021,NY,PA,USD,25.99,5,1,5,1,winery-image,2018-03-27T19:27:01+0000,750,13.9,,91,,,,,91,,,,,,
w29,Ridgeline Vineyard Cabernet Sauvignon,https://www.wine.com/product/product/decoy-sauvignon-blanc-2021/1026080,Sauvignon Blanc,1782,Sonoma County,$17.99,"Sonoma County, California",1026080,C/I: KVI,In Stock,PIN554041_2021,This storied vineyard is important to our Decoy Sonoma Country Cabernet Sauvignon and Merlot imparting lush fruit and structured tannins to the wines.,Wine:Product Detail:Decoy Sauvignon Blanc 2021,NY,PA,USD,17.99,5,1,5,1,winery-image,2018-04-18T19:20:08+0000,750,13.9,,89,89,,,,,,,,,,
w30,Craggy Range Terry and Mary Peabody,https://www.wine.com/product/product/craggy-range-winery-te-muna-road-vineyard-sauvignon-blanc-2022/1153249,Sauvignon Blanc,1034,Martinborough,$23.99,"Martinborough, New Zealand",1153249,C/I: Exception,In Stock,CGM54369_2022,Founders of Craggy Range,Wine:Product Detail:Craggy Range Winery Te Muna Road Vineyard Sauvignon Blanc 2022,NY,PA,USD,23.99,5,1,5,1,winery-image,2020-09-10T17:36:04+0000,750,12.5,92.0,93,,,,,,,,,,,
w31,Oak Barrels,https://www.wine.com/product/product/beaulieu-vineyard-georges-de-latour-private-reserve-2019/1166321,Cabernet Sauvignon,686,Napa Valley,$149.99,"Napa Valley, California",1166321,C/I: Popular,In Stock,CGM55612_2019,Beaulieu Vineyard Oak Barrels Winery Image,Wine:Product Detail:Beaulieu Vineyard Georges de Latour Private Reserve 2019,NY,PA,USD,149.99,5,1,5,1,winery-image,2018-12-19T23:42:10+0000,750,14.7,100.0,93,,,,94,97,94,99,,97,,
w32,Chardonnay Vineyards,https://www.wine.com/product/product/laurent-perrier-la-cuvee-brut/330988,Non-Vintage Sparkling Wine,2700,Champagne,$59.99,"Champagne, France",330988,C/I: KVI,In Stock,WBO30197275_0,Chardonnay Vineyards at the Laurent-Perrier Domaine in Tours-sur-Marne,Wine:Product Detail:Laurent-Perrier La Cuvee Brut,NY,PA,USD,59.99,5,1,5,1,winery-image,2018-11-14T00:43:19+0000,750,12,,91,,,,,91,,91,,,,
w33,David Ramey in the Cellar,https://www.wine.com/product/product/ramey-russian-river-chardonnay-2021/1307860,Chardonnay,241,Russian River,$49.99,"Russian River, Sonoma County, California",1307860,C/I: Long Tail,In Stock,SKRUSRAM1021_2021,Ramey’s Cabernet Sauvignon follows the Bordelaise model of terroir-riven wines blending different Bordeaux varietals.,Wine:Product Detail:Ramey Russian River Chardonnay 2021,NY,PA,USD,49.99,5,1,,,winery-image,2019-11-05T18:25:24+0000,750,14.5,,94,,,,,95,,,,,,
w34,Chateau Leoville Poyferre Winery Image,https://www.wine.com/product/product/chateau-leoville-poyferre-2019/583762,Bordeaux Red Blends,17,St-Julien,$119.99,"St-Julien, Bordeaux, France",583762,C/I: Luxury BDX,In Stock,FNY583762_2019,Chateau Leoville Poyferre Winery Image,Wine:Product Detail:Chateau Leoville Poyferre 2019,NY,PA,USD,119.99,5,1,5,1,winery-image,2018-02-01T23:41:51+0000,750,14.18,95.0,96,,96,,,,96,98,,,,
w35,Ruinart Winery Image,https://www.wine.com/product/product/ruinart-brut-blanc-de-blancs-second-skin-gift-wrapped-bottle/767508,Non-Vintage Sparkling Wine,302,Champagne,$119.99,"Champagne, France",767508,C/I: Long Tail,In Stock,CGM49951_0,"Over 125 feet below ground and almost 5 miles long, these unique caves are absent of vibration and offer optimal conditions for temperature, fermentation, and maturation.",Wine:Product Detail:Ruinart Brut Blanc de Blancs (Second Skin Gift Wrapped Bottle),NY,PA,USD,119.99,5,1,5,1,winery-image,2018-07-26T19:41:56+0000,750,12.5,93.0,93,,,,93,92,,,,,,
w36,Château Paloumey Gate,https://www.wine.com/product/product/chateau-paloumey-2019/965166,Bordeaux Red Blends,1714,Haut Medoc,$32.99,"Haut Medoc, Bordeaux, France",965166,C/I: Exception,In Stock,TON10192_19_2019,Chateau Paloumey Château Paloumey Gate Winery Image,Wine:Product Detail:Chateau Paloumey 2019,NY,PA,USD,32.99,5,1,5,1,winery-image,2022-03-25T13:56:04+0000,750,14,91.0,90,,95,,,93,90,,,,,
w37,Winemaker Chantal Forthun,https://www.wine.com/product/product/flowers-sonoma-coast-chardonnay-2021/1103405,Chardonnay,1402,Sonoma Coast,$49.99,"Sonoma Coast, Sonoma County, California",1103405,C/I: KVI,In Stock,PIN561074_2021,Flowers Winemaker Chantal Forthun Winery Image,Wine:Product Detail:Flowers Sonoma Coast Chardonnay 2021,NY,PA,USD,49.99,5,1,5,1,winery-image,2018-04-30T18:44:40+0000,750,13.5,93.0,92,,,,,,,,,,,
w38,"Master Cellar Master, Guillaume Roffiaen",https://www.wine.com/product/product/nicolas-feuillatte-reserve-exclusive-brut/12927,Non-Vintage Sparkling Wine,1414,Champagne,$41.99,"Champagne, France",12927,C/I: KVI,In Stock,PIN538618_0,"Giullaume Roffiaen studied agricultural engineering and agribusiness which led his passion to Reims in 2002. Through his unstinting, meticulous approach, he was appointed Chief Winemaker in 2017 at Director and Director of Vines and Wines in 2018.",Wine:Product Detail:Nicolas Feuillatte Reserve Exclusive Brut,NY,PA,USD,41.99,5,1,5,1,winery-image,2023-03-20T14:22:42+0000,750,12,91.0,92,,,,,,,,,,,92
w39,"Tibault, Guillaume, and Jacques.",https://www.wine.com/product/product/resonance-willamette-valley-pinot-noir-2021/1220253,Pinot Noir,606,Willamette Valley,$39.99,"Willamette Valley, Oregon",1220253,C/I: Popular,In Stock,CGM55757_2021,"Resonance Tibault, Guillaume, and Jacques. Winery Image",Wine:Product Detail:Resonance Willamette Valley Pinot Noir 2021,NY,PA,USD,39.99,5,1,5,1,winery-image,2019-10-30T22:07:20+0000,750,13.5,92.0,94,,,,,,,,,,,
w40,R. Lopez de Heredia Vines,https://www.wine.com/product/product/r-lopez-de-heredia-rioja-vina-tondonia-reserva-2010/1067952,Tempranillo,22,Rioja,$54.99,"Rioja, Spain",1067952,C/I: Long Tail,In Stock,DBWDB0245_10_2010,R. Lopez de Heredia R. Lopez de Heredia Vines Winery Image,Wine:Product Detail:R. Lopez de Heredia Rioja Vina Tondonia Reserva 2010,NY,PA,USD,54.99,5,1,5,1,winery-image,2020-09-17T18:12:46+0000,750,13,97.0,93,,,,,,96,,,,,
w41,The cellars of Champagne Louis Roederer,https://www.wine.com/product/product/louis-roederer-collection-243/1090411,Non-Vintage Sparkling Wine,464,Champagne,$64.99,"Champagne, France",1090411,C/I: Exception,In Stock,CGM55524_0,Louis Roederer The cellars of Champagne Louis Roederer Winery Image,Wine:Product Detail:Louis Roederer Collection 243,NY,PA,USD,64.99,5,1,5,1,winery-image,2018-06-11T22:06:05+0000,750,12.5,94.0,92,,,,91,,92,93,,,,
w42,Domaines Ott Corks,https://www.wine.com/product/product/domaines-ott-chateau-romassan-bandol-rose-2021/895409,Rosé,304,Bandol,$61.99,"Bandol, Provence, South of France, France",895409,C/I: Long Tail,In Stock,CGM52937_2021,Domaines Ott Domaines Ott Corks Winery Image,Wine:Product Detail:Domaines Ott Chateau Romassan Bandol Rose 2021,NY,PA,USD,61.99,5,1,,,winery-image,2020-04-13T21:03:18+0000,750,0,,92,,,,96,,91,,,,,
w43,"Seghesio, Bonded Winery No. 850",https://www.wine.com/product/product/seghesio-sonoma-zinfandel-2021/1184011,Zinfandel,6060,Sonoma County,$21.99,"Sonoma County, California",1184011,C/I: KVI,In Stock,WBO30307192_2021,"Seghesio Family Vineyards was one of only a handful of wineries to survive Prohibition in Sonoma County and today we are Bonded Winery No. 850!
",Wine:Product Detail:Seghesio Sonoma Zinfandel 2021,NY,PA,USD,21.99,5,1,5,1,winery-image,2023-01-12T23:59:04+0000,750,15,,92,,,,,,,,,,,
w44,"VINCENT CHAPERON, THE CELLAR MASTER",https://www.wine.com/product/product/dom-perignon-vintage-2013/1153954,Vintage Sparkling Wine,51,Champagne,$289.97,"Champagne, France",1153954,C/I: Exception,In Stock,CGM56223_2013,In 2019 Vincent Chaperon became the Dom Pérignon Chef de Cave. He was born to a Bordeaux winemaking family where vineyards are a legacy and wine is a culture. Vincent sees Dom Pérignon’s vision – harmony as a source of emotion – as a true raison d’être. ,Wine:Product Detail:Dom Perignon Vintage 2013,NY,PA,USD,289.97,5,1,,,winery-image,2021-05-15T19:05:10+0000,750,12.5,98.0,96,,,,,,95,,,,,
w45,El Enemigo Barrel Room,https://www.wine.com/product/product/el-enemigo-chardonnay-2020/1070367,Chardonnay,2581,Mendoza,$24.99,"Mendoza, Argentina",1070367,C/I: Popular,In Stock,WBO30293708_2020,El Enemigo El Enemigo Barrel Room Winery Image,Wine:Product Detail:El Enemigo Chardonnay 2020,NY,PA,USD,24.99,5,1,5,1,winery-image,2019-09-27T21:45:28+0000,750,13.8,96.0,92,,,,,,,,,,,
w46,"La Grande Dame, the Glory of Pinot Noir",https://www.wine.com/product/product/veuve-clicquot-yellow-label-brut-15-liter-magnum/15511,Non-Vintage Sparkling Wine,29,Champagne,$169.97,"Champagne, France",15511,C/I: Exception,In Stock,CGM14241_0,"More than 200 years ago, Madame Clicquot was already particularly fond of this grape variety. The predominance of Pinot Noir marks out the style of Veuve Clicquot, and has become the signature of the House.​",Wine:Product Detail:Veuve Clicquot Yellow Label Brut (1.5 Liter Magnum),NY,PA,USD,169.97,5,1,5,1,winery-image,2022-07-19T00:16:26+0000,1500,12,92.0,90,,94,,90,90,,,,,,
w47,Far Niente Round Room Cellar,https://www.wine.com/product/product/far-niente-chardonnay-2021/1136785,Chardonnay,948,Napa Valley,$69.99,"Napa Valley, California",1136785,C/I: MAP,In Stock,CGM54746_2021,Far Niente Far Niente Round Room Cellar Winery Image,Wine:Product Detail:Far Niente Chardonnay 2021,NY,PA,USD,69.99,5,1,5,1,winery-image,2018-08-14T16:57:10+0000,750,14.3,,92,92,,,,,,,,,,
w48,Tenuta Guado al Tasso Estate,https://www.wine.com/product/product/antinori-villa-toscana-2019/938013,Tuscan Blends,1748,Tuscany,$19.99,"Tuscany, Italy",938013,C/I: KVI,In Stock,PIN539283_2019,Tenuta Guado al Tasso is located in the small but prestigious Bolgheri DOC. This appellation has relatively recent history being approved in 1994 and since than it has become an internationally recognized reference point for winemaking.,Wine:Product Detail:Antinori Villa Toscana 2019,NY,PA,USD,19.99,5,1,5,1,winery-image,2023-03-10T23:38:02+0000,750,13.5,92.0,90,,,,,90,,,,,,
w49,Gruet Winery,https://www.wine.com/product/product/gruet-brut/12333,Non-Vintage Sparkling Wine,742,New Mexico,$18.99,"New Mexico, Other U.S.",12333,C/I: KVI,In Stock,OPI40574_0,Gruet Gruet Winery Winery Image,Wine:Product Detail:Gruet Brut,NY,PA,USD,18.99,5,1,5,1,winery-image,2021-10-19T19:33:47+0000,750,12,,90,91,,,,,,,,,,91
w50,Penfolds Chief Winemaker Peter Gago ,https://www.wine.com/product/product/penfolds-bin-28-shiraz-2020/1155677,Syrah/Shiraz,590,South Australia,$31.99,"South Australia, Australia",1155677,C/I: Popular,In Stock,CGM55668_2020,In 2002 Peter became the fourth ever Chief Winemaker for Penfolds.,Wine:Product Detail:Penfolds Bin 28 Shiraz 2020,NY,PA,USD,31.99,5,1,5,1,winery-image,2020-10-30T19:20:10+0000,750,14.5,93.0,94,,,,,,94,,,,,
w51,"La Grande Dame, the Glory of Pinot Noir",https://www.wine.com/product/product/veuve-clicquot-la-grande-dame-yayoi-kusama-limited-edition-in-gift-box-2012/667387,Vintage Sparkling Wine,10,Champagne,$239.97,"Champagne, France",667387,C/I: Long Tail,In Stock,CGM48182_2012,"More than 200 years ago, Madame Clicquot was already particularly fond of this grape variety. The predominance of Pinot Noir marks out the style of Veuve Clicquot, and has become the signature of the House.​",Wine:Product Detail:Veuve Clicquot La Grande Dame Yayoi Kusama Limited Edition in Gift Box 2012,NY,PA,USD,239.97,5,1,5,1,winery-image,2022-07-19T00:16:26+0000,750,12.5,94.0,95,,96,,,96,,,,,,
w52,Nautilus Estate Winery Image,https://www.wine.com/product/product/nautilus-sauvignon-blanc-2022/1181694,Sauvignon Blanc,3254,Marlborough,$17.99,"Marlborough, New Zealand",1181694,C/I: Popular,In Stock,WBO30295464_2022,Nautilus Estate Winery Image,Wine:Product Detail:Nautilus Sauvignon Blanc 2022,NY,PA,USD,17.99,5,1,5,1,winery-image,2018-05-04T20:25:37+0000,750,12.5,91.0,92,,,,,92,,,,,,
w53,RAEN Vineyard Map,https://www.wine.com/product/product/raen-royal-st-robert-cuvee-pinot-noir-2021/1246069,Pinot Noir,34,Sonoma Coast,$79.99,"Sonoma Coast, Sonoma County, California",1246069,C/I: MAP,In Stock,SKRUSRAE2021_2021,RAEN RAEN Vineyard Map Winery Image,Wine:Product Detail:RAEN Royal St. Robert Cuvee Pinot Noir 2021,NY,PA,USD,79.99,5,1,5,1,winery-image,2021-09-01T20:55:03+0000,750,13,98.0,95,,,,,,95,,,94,,
w54,Oak Barrels,https://www.wine.com/product/product/beaulieu-vineyard-napa-valley-cabernet-sauvignon-2019/1180947,Cabernet Sauvignon,860,Napa Valley,$32.99,"Napa Valley, California",1180947,C/I: Popular,In Stock,CGM55809_2019,Beaulieu Vineyard Oak Barrels Winery Image,Wine:Product Detail:Beaulieu Vineyard Napa Valley Cabernet Sauvignon 2019,NY,PA,USD,32.99,5,1,5,1,winery-image,2018-12-19T23:42:10+0000,750,14.7,92.0,92,,,,,91,,91,,92,,
w55,Cooperage at Chateau Lafite Rothschild,https://www.wine.com/product/product/chateau-lafite-rothschild-2019/583739,Bordeaux Red Blends,89,Pauillac,$989.97,"Pauillac, Bordeaux, France",583739,C/I: Luxury BDX,In Stock,FNY583739_2019,"The Domaine’s cooperage is located at Pauillac. By Médoc tradition, there has always been a cooperage at Lafite. The current team is composed of five barrel makers who work year round to produce 2,000 barrels, used in the group’s various properties.",Wine:Product Detail:Chateau Lafite Rothschild 2019,NY,PA,USD,989.97,5,1,5,1,winery-image,2019-05-22T23:02:51+0000,750,13.4,100.0,98,,98,,,,100,98,,98,,
w56,Bella Union Blending Session,https://www.wine.com/product/product/bella-union-by-far-niente-cabernet-sauvignon-2019/1229778,Cabernet Sauvignon,607,Napa Valley,$59.99,"Napa Valley, California",1229778,C/I: MAP,In Stock,CGM55846_2019,Bella Union by Far Niente Bella Union Blending Session Winery Image,Wine:Product Detail:Bella Union by Far Niente Cabernet Sauvignon 2019,NY,PA,USD,59.99,5,1,5,1,winery-image,2020-03-31T23:50:48+0000,750,14.5,91.0,92,,,,,92,,90,,,,
w57,"La Grande Dame, the Glory of Pinot Noir",https://www.wine.com/product/product/veuve-clicquot-brut-rose/87191,Sparkling Rosé,938,Champagne,$79.97,"Champagne, France",87191,C/I: Popular,In Stock,CGM2838_0,"More than 200 years ago, Madame Clicquot was already particularly fond of this grape variety. The predominance of Pinot Noir marks out the style of Veuve Clicquot, and has become the signature of the House.​",Wine:Product Detail:Veuve Clicquot Brut Rose,NY,PA,USD,79.97,5,1,5,1,winery-image,2022-07-19T00:16:26+0000,750,12.5,91.0,91,,92,,,,,,,,,
w58,Tenuta di Capraia  Winery Image,https://www.wine.com/product/product/tenuta-di-capraia-chianti-classico-riserva-2017/1034399,Sangiovese,2681,Chianti Classico,$24.99,"Chianti Classico, Chianti, Tuscany, Italy",1034399,C/I: Exception,In Stock,TON82104_17_2017,Tenuta di Capraia  Winery Image,Wine:Product Detail:Tenuta di Capraia Chianti Classico Riserva 2017,NY,PA,USD,24.99,5,1,5,1,winery-image,2020-02-25T16:39:12+0000,750,14,92.0,92,91,,,,,,,,93,,
w59,Winemaker Louisa Rose,https://www.wine.com/product/product/pewsey-vale-eden-valley-dry-riesling-2021/799472,Riesling,968,Eden Valley,$17.99,"Eden Valley, Barossa, South Australia, Australia",799472,C/I: Popular,In Stock,WBO30284764_2021,Pewsey Vale Winemaker Louisa Rose Winery Image,Wine:Product Detail:Pewsey Vale Eden Valley Dry Riesling 2021,NY,PA,USD,17.99,5,1,5,1,winery-image,2018-05-02T23:29:06+0000,750,12,96.0,90,,,,,90,,,,,,
w60,Marques de Riscal Hotel at night,https://www.wine.com/product/product/marques-de-riscal-rioja-reserva-2018/1162526,Tempranillo,1471,Rioja,$19.99,"Rioja, Spain",1162526,C/I: KVI,In Stock,PIN574120_2018,"The vision of Frank O. Gehry was to create a 21st century château, an icon for one of the oldest wineries in the Rioja region, Vinos de los Herederos de Marqués de Riscal that connect the historic legacy with the modern art and wine nature. ",Wine:Product Detail:Marques de Riscal Rioja Reserva 2018,NY,PA,USD,19.99,5,1,5,1,winery-image,2020-02-10T18:52:23+0000,750,14.3,,89,,,,,,,,,,,
w61,La Lecciaia  Winery Image,https://www.wine.com/product/product/la-lecciaia-brunello-di-montalcino-riserva-2013/591111,Sangiovese,113,Montalcino,$45.99,"Montalcino, Tuscany, Italy",591111,C/I: Long Tail,In Stock,TON82002_13_2013,The La Lecciaia estate is located in “località Vallafrico” is in the centre of the original micro-terroir where the world-famous Brunello di Montalcino was first produced.,Wine:Product Detail:La Lecciaia Brunello di Montalcino Riserva 2013,NY,PA,USD,45.99,5,1,5,1,winery-image,2020-10-12T18:33:08+0000,750,14,93.0,91,,,,,,91,,,,,
w62,Les Lauzeraies Vineyards,https://www.wine.com/product/product/les-lauzeraies-tavel-rose-2022/1271506,Rosé,2378,Tavel,$16.99,"Tavel, Rhone, France",1271506,C/I: Long Tail,In Stock,TON506_22_2022,"Produced from 35+ year old vines, Les Lauzeraies Tavel is a Grenache dominant blend displaying a generous mouthfeel, excellent purity.",Wine:Product Detail:Les Lauzeraies Tavel Rose 2022,NY,PA,USD,16.99,5,1,5,1,winery-image,2022-06-24T14:14:14+0000,750,13.5,,90,92,,,,,90,,,,,
w63,Winery tasting bar,https://www.wine.com/product/product/col-solare-cabernet-sauvignon-2018/1040324,Cabernet Sauvignon,560,Red Mountain,$55.99,"Red Mountain, Yakima Valley, Columbia Valley, Washington",1040324,C/I: Long Tail,In Stock,PIN554671_2018,Col Solare Winery tasting bar Winery Image,Wine:Product Detail:Col Solare Cabernet Sauvignon 2018,NY,PA,USD,55.99,5,1,5,1,winery-image,2018-03-01T05:15:32+0000,750,14.5,93.0,92,,,,94,,93,96,,,,
w64,Ulysses Vineyard,https://www.wine.com/product/product/ulysses-cabernet-sauvignon-2018/915520,Cabernet Sauvignon,29,Oakville,$169.99,"Oakville, Napa Valley, California",915520,C/I: MAP,In Stock,WBO30292291_2018,Ulysses Ulysses Vineyard Winery Image,Wine:Product Detail:Ulysses Cabernet Sauvignon 2018,NY,PA,USD,169.99,5,1,5,1,winery-image,2019-04-01T22:57:13+0000,750,0,98.0,95,,,,,,96,99,,97,,
w65,Harlan Estate Winery Image,https://www.wine.com/product/product/harlan-estate-15-liter-magnum-in-owc-2017/820968,Bordeaux Red Blends,2,Oakville,"$3,699.99","Oakville, Napa Valley, California",820968,C/I: Exception,In Stock,ZWA820968_2017,Harlan Estate Winery Image,Wine:Product Detail:Harlan Estate (1.5 Liter Magnum in OWC) 2017,NY,PA,USD,3699.99,5,1,,,winery-image,2018-02-01T23:41:44+0000,1500,0,97.0,97,,,,,,97,97,,,,
w66,"La Grande Dame, the Glory of Pinot Noir",https://www.wine.com/product/product/veuve-clicquot-yellow-label-brut-375ml-half-bottle/15512,Non-Vintage Sparkling Wine,1338,Champagne,$39.97,"Champagne, France",15512,C/I: Exception,In Stock,CGM520_0,"More than 200 years ago, Madame Clicquot was already particularly fond of this grape variety. The predominance of Pinot Noir marks out the style of Veuve Clicquot, and has become the signature of the House.​",Wine:Product Detail:Veuve Clicquot Yellow Label Brut (375ML half-bottle),NY,PA,USD,39.97,5,1,5,1,winery-image,2022-07-19T00:16:26+0000,375,12,92.0,90,92,94,,90,,,,,,,
w67,The Cellars,https://www.wine.com/product/product/chateau-mouton-rothschild-2016/202479,Bordeaux Red Blends,34,Pauillac,$949.97,"Pauillac, Bordeaux, France",202479,C/I: Luxury BDX,In Stock,FNY202479_2016,"The cellars at Mouton Rothschild comprise a bottle cellar, a reserve and the second-year cellar. The former contains about 120,000 bottles from exchanges between Mouton Rothschild and the greatest Bordeaux châteaux. The oldest bottle dates back to 1859.",Wine:Product Detail:Chateau Mouton Rothschild 2016,NY,PA,USD,949.97,5,1,5,1,winery-image,2018-11-07T22:55:11+0000,750,14,100.0,98,,99,,,98,100,100,,100,,
w68,Gran Moraine  Winery Image,https://www.wine.com/product/product/gran-moraine-yamhill-carlton-pinot-noir-2019/794122,Pinot Noir,165,Yamhill-Carlton District,$38.99,"Yamhill-Carlton District, Willamette Valley, Oregon",794122,C/I: Long Tail,In Stock,EDV132053_2019_2019,Winemaker Shane Moore and Enologist Myles Nelson ,Wine:Product Detail:Gran Moraine Yamhill-Carlton Pinot Noir 2019,NY,PA,USD,38.99,5,1,5,1,winery-image,2020-08-05T20:42:57+0000,750,13,95.0,93,,,,,,,92,,,,
w69,Assistant Winemaker Tami Lotz,https://www.wine.com/product/product/mumm-napa-brut-prestige/270,Non-Vintage Sparkling Wine,1480,Napa Valley,$21.99,"Napa Valley, California",270,C/I: KVI,In Stock,PIN43342_0,Tami works together with Ludovic Dervin in all aspects of winemaking at Mumm Napa.,Wine:Product Detail:Mumm Napa Brut Prestige,NY,PA,USD,21.99,5,1,5,1,winery-image,2018-04-27T20:33:49+0000,750,12.5,,90,,90,,,,,,,,,
w70,Krug Cellar Master Julie Cavil,https://www.wine.com/product/product/krug-grande-cuvee-brut-170th-edition-with-gift-box/1146919,Non-Vintage Sparkling Wine,10,Champagne,$279.97,"Champagne, France",1146919,C/I: Exception,In Stock,CGM54249_0,"For Krug's Cellar Master, each plot of grapes, through its wine, is like a single ingredient to a chef: carefully selected, and critical to the final composition.",Wine:Product Detail:Krug Grande Cuvee Brut (170th Edition) with Gift Box,NY,PA,USD,279.97,5,1,,,winery-image,2021-03-11T17:41:18+0000,750,12.5,,95,,96,,,,,,,,,
w71,Chateau Lagrange,https://www.wine.com/product/product/chateau-lagrange-2019/583745,Bordeaux Red Blends,15,St-Julien,$59.99,"St-Julien, Bordeaux, France",583745,C/I: Luxury BDX,In Stock,FNY583745_2019,Barrel room,Wine:Product Detail:Chateau Lagrange 2019,NY,PA,USD,59.99,5,1,,,winery-image,2021-11-30T22:36:32+0000,750,13.7,94.0,93,,95,,,95,95,95,,,,
w72,Les Forts de Latour Winery Image,https://www.wine.com/product/product/les-forts-de-latour-2016/955317,Bordeaux Red Blends,18,Pauillac,$259.99,"Pauillac, Bordeaux, France",955317,C/I: Luxury BDX,In Stock,FNY955317_2016,Les Forts de Latour Winery Image,Wine:Product Detail:Les Forts de Latour 2016,NY,PA,USD,259.99,5,1,,,winery-image,2018-02-01T23:41:51+0000,750,13.5,96.0,94,,95,,,96,95,95,,,,
w73,Piper-Heidsieck  Winery Image,https://www.wine.com/product/product/piper-heidsieck-cuvee-brut/20128,Non-Vintage Sparkling Wine,435,Champagne,$54.99,"Champagne, France",20128,C/I: KVI,In Stock,CGM32198_0,Piper-Heidsieck  Winery Image,Wine:Product Detail:Piper-Heidsieck Cuvee Brut,NY,PA,USD,54.99,5,1,5,1,winery-image,2020-01-30T20:27:46+0000,750,12,90.0,92,,92,,90,90,,,,,,
w74,Stags' Leap Winery Estate Vineyard,https://www.wine.com/product/product/stags-leap-winery-napa-valley-cabernet-sauvignon-2019/972244,Cabernet Sauvignon,140,Napa Valley,$56.99,"Napa Valley, California",972244,C/I: KVI,In Stock,CGM53610_2019,"The rock outcropping that forms the eastern boundary of the estate, the Stags Leap Palisades, sheds debris in the form of volcanic rhyolite and tuff, which is carried to the valley floor where it mingles with the deeper subsoil made up of Bale loam.",Wine:Product Detail:Stags' Leap Winery Napa Valley Cabernet Sauvignon 2019,NY,PA,USD,56.99,5,1,5,1,winery-image,2018-04-23T20:21:58+0000,750,14.2,93.0,91,,,,,,,,,,,
w75,Domaines Ott Corks,https://www.wine.com/product/product/domaines-ott-clos-mireille-cotes-de-provence-rose-2021/895347,Rosé,301,Provence,$61.99,"Provence, South of France, France",895347,C/I: Long Tail,In Stock,CGM52929_2021,Domaines Ott Domaines Ott Corks Winery Image,Wine:Product Detail:Domaines Ott Clos Mireille Cotes de Provence Rose 2021,NY,PA,USD,61.99,5,1,,,winery-image,2020-04-13T21:03:18+0000,750,0,,90,,,,95,,,,,,,
w76,Maison Brotte Tanks,https://www.wine.com/product/product/maison-brotte-chateauneuf-du-pape-les-hauts-de-barville-blanc-2021/921068,Rhone White Blends,664,Chateauneuf-du-Pape,$35.99,"Chateauneuf-du-Pape, Rhone, France",921068,C/I: Long Tail,In Stock,TON11565_21_2021,"With a perfect blend of traditional and modern techniques, Maison Brotte produces balanced and complex wines that are consistently highly rated by the wine industries top publications.",Wine:Product Detail:Maison Brotte Chateauneuf-du-Pape Les Hauts de Barville Blanc 2021,NY,PA,USD,35.99,5,1,5,1,winery-image,2020-06-23T15:49:30+0000,750,13,92.0,91,92,,,,,,91,,,,
w77,A New And Exciting Chapter For CHANDON,https://www.wine.com/product/product/chandon-brut/273,Non-Vintage Sparkling Wine,869,California,$23.99,California,273,C/I: KVI,In Stock,CGM43818_0,"A new and exciting chapter for CHANDON, with a beautiful new identity that reflects the amazing quality of the wines. ",Wine:Product Detail:Chandon Brut,NY,PA,USD,23.99,5,1,5,1,winery-image,2021-07-23T22:04:50+0000,750,13,90.0,89,91,95,,,90,,,92,,,91
w78,Beehives,https://www.wine.com/product/product/bollinger-brut-special-cuvee/513,Non-Vintage Sparkling Wine,121,Champagne,$84.99,"Champagne, France",513,C/I: KVI,In Stock,VNT047001NV_03_0,Bollinger was the first House in Champagne to receive sustainable certification.,Wine:Product Detail:Bollinger Brut Special Cuvee,NY,PA,USD,84.99,5,1,5,1,winery-image,2018-04-19T18:02:16+0000,750,12.5,93.0,93,,96,,92,,92,92,,,,
w79,Stainless Steel Vats in the Cellar,https://www.wine.com/product/product/domaine-drouhin-oregon-laurene-pinot-noir-2019/1167624,Pinot Noir,7,Dundee Hills,$79.99,"Dundee Hills, Willamette Valley, Oregon",1167624,C/I: Popular,In Stock,WBO30299335_2019,Domaine Drouhin Oregon Stainless Steel Vats in the Cellar Winery Image,Wine:Product Detail:Domaine Drouhin Oregon Laurene Pinot Noir 2019,NY,PA,USD,79.99,5,1,5,1,winery-image,2020-09-17T21:02:20+0000,750,13.9,95.0,93,,,,,,96,94,,,,
w80,Pontet-Canet Team,https://www.wine.com/product/product/chateau-pontet-canet-2019/583845,Bordeaux Red Blends,32,Pauillac,$149.99,"Pauillac, Bordeaux, France",583845,C/I: Luxury BDX,In Stock,FNY583845_2019,"Melanie Tesseron (Niece of Alfred), Alfred Tesseron (second generation owner) and Jean-Michel Comme (Winemaker)",Wine:Product Detail:Chateau Pontet-Canet 2019,NY,PA,USD,149.99,5,1,5,1,winery-image,2018-05-02T22:59:46+0000,750,14,99.0,94,,96,,,99,93,92,,,,
w81,2022 Sauvignon Blanc,https://www.wine.com/product/product/lobster-reef-sauvignon-blanc-2022/1133544,Sauvignon Blanc,14738,Marlborough,$17.99,"Marlborough, New Zealand",1133544,C/I: Long Tail,In Stock,REG464030722_2022,"Lobster Reef Sauvignon Blanc 2022 from Marlborough, New Zealand - Intensely aromatic and full of Marlborough flavor and style. Beautifully balanced and refreshing....",Wine:Product Detail:Lobster Reef Sauvignon Blanc 2022,NY,PA,USD,17.99,5,1,5,1,,,750,12.5,,90,,,,,,,,,,,
w82,A Family Legacy,https://www.wine.com/product/product/kendall-jackson-estates-collection-santa-maria-valley-chardonnay-2020/1063080,Chardonnay,297,Santa Maria Valley,$19.99,"Santa Maria Valley, Central Coast, California",1063080,C/I: Long Tail,In Stock,PIN550323_2020,"From left to right: Katherine Jackson, Barbara Banke, Christopher Jackson, Julia Jackson",Wine:Product Detail:Kendall-Jackson Estates Collection Santa Maria Valley Chardonnay 2020,NY,PA,USD,19.99,5,1,5,1,winery-image,2018-03-15T22:27:08+0000,750,14.5,,90,,,,,,,90,,,,
w83,The Cellars,https://www.wine.com/product/product/chateau-mouton-rothschild-2019/583806,Bordeaux Red Blends,25,Pauillac,$729.99,"Pauillac, Bordeaux, France",583806,C/I: Luxury BDX,In Stock,FNY583806_2019,"The cellars at Mouton Rothschild comprise a bottle cellar, a reserve and the second-year cellar. The former contains about 120,000 bottles from exchanges between Mouton Rothschild and the greatest Bordeaux châteaux. The oldest bottle dates back to 1859.",Wine:Product Detail:Chateau Mouton Rothschild 2019,NY,PA,USD,729.99,5,1,5,1,winery-image,2018-11-07T22:55:11+0000,750,13.5,99.0,98,,98,,,99,98,98,,,,
w84,Barrels,https://www.wine.com/product/product/charles-de-cazanove-tete-de-cuvee-brut/1077710,Non-Vintage Sparkling Wine,2417,Champagne,$35.99,"Champagne, France",1077710,C/I: Long Tail,In Stock,TON26024_NV_0,"Considered the unofficial capital of France’s Champagne region, the historic city of Reims is celebrated for its abundance of Champagne houses and vineyards, as well as its rich heritage.",Wine:Product Detail:Charles de Cazanove Tete de Cuvee Brut,NY,PA,USD,35.99,5,1,5,1,winery-image,2022-12-01T00:14:36+0000,750,12,,92,91,91,,,,,,,,,
w85,Team Auvigue,https://www.wine.com/product/product/domaine-auvigue-pouilly-fuisse-les-villages-2020/946908,Chardonnay,1200,Pouilly-Fuisse,$46.99,"Pouilly-Fuisse, Maconnais, Burgundy, France",946908,C/I: Long Tail,In Stock,PIN551391_2020,Domaine Auvigue Team Auvigue Winery Image,Wine:Product Detail:Domaine Auvigue Pouilly-Fuisse Les Villages 2020,NY,PA,USD,46.99,5,1,5,1,winery-image,2020-04-07T18:34:25+0000,750,13.7,,94,,,,,,,,,,,
w86,Canoe Ridge Estates,https://www.wine.com/product/product/chateau-ste-michelle-red-mountain-cabernet-sauvignon-2018/1100337,Cabernet Sauvignon,656,Red Mountain,$34.99,"Red Mountain, Yakima Valley, Columbia Valley, Washington",1100337,C/I: Long Tail,In Stock,PIN557862_2018,"Canoe Ridge Estates wines have earned scores of 90 or higher on more than 40 of their wines; Chardonnay, Cabernet Sauvignon and Merlot have received Wine Spectator “Top 100” honors.",Wine:Product Detail:Chateau Ste. Michelle Red Mountain Cabernet Sauvignon 2018,NY,PA,USD,34.99,5,1,5,1,winery-image,2022-12-21T23:37:04+0000,750,14.8,,91,,,,93,,,,,91,,
w87,Winemaker Heidi Von Der Mehden,https://www.wine.com/product/product/merry-edwards-sauvignon-blanc-2021/1146268,Sauvignon Blanc,91,Russian River,$53.99,"Russian River, Sonoma County, California",1146268,C/I: MAP,In Stock,WLD20628_2021,Merry Edwards Winemaker Heidi Von Der Mehden Winery Image,Wine:Product Detail:Merry Edwards Sauvignon Blanc 2021,NY,PA,USD,53.99,5,1,5,1,winery-image,2020-04-06T17:58:58+0000,750,14,,92,,,,,91,,,,,,
w88,Krug Cellar Master Julie Cavil,https://www.wine.com/product/product/krug-grande-cuvee-brut-375ml-half-bottle/16655,Non-Vintage Sparkling Wine,17,Champagne,$129.99,"Champagne, France",16655,C/I: Exception,In Stock,CGM36231_0,"For Krug's Cellar Master, each plot of grapes, through its wine, is like a single ingredient to a chef: carefully selected, and critical to the final composition.",Wine:Product Detail:Krug Grande Cuvee Brut (375ML half-bottle),NY,PA,USD,129.99,5,1,5,1,winery-image,2021-03-11T17:41:18+0000,375,0,96.0,95,,96,,,,95,,,,,
w89,Oak Casks,https://www.wine.com/product/product/roederer-estate-brut/8498,Non-Vintage Sparkling Wine,975,Anderson Valley,$27.99,"Anderson Valley, Mendocino, California",8498,C/I: KVI,In Stock,CGM79065_0,"As the winemaker carefully ranks the wines from each harvest, some of the finest lots are selected for further aging in French oak casks. While kept in these large wood tanks, the wine develops in complexity. ",Wine:Product Detail:Roederer Estate Brut,NY,PA,USD,27.99,5,1,5,1,winery-image,2018-04-10T17:02:19+0000,750,12.5,94.0,92,,93,,90,91,93,,,,,
w90,Wine Barrels,https://www.wine.com/product/product/clos-apalta-2013/434143,Bordeaux Red Blends,20,Colchagua Valley,$99.99,"Colchagua Valley, Rapel Valley, Chile",434143,C/I: Long Tail,In Stock,FNY434143_2013,"In Clos Apalta Winery, each space is warmly illuminated, with sacred atmospheres that evoke the celestial vault and the constellation of the cross of the south, where the wine is permeated day by day from the elements delivered by the wood.",Wine:Product Detail:Clos Apalta 2013,NY,PA,USD,99.99,5,1,5,1,winery-image,2019-09-27T23:49:45+0000,750,15,97.0,93,,,,,94,92,,,,,
w91,Penfolds Chief Winemaker Peter Gago ,https://www.wine.com/product/product/penfolds-bin-389-cabernet-shiraz-2020/1164481,Other Red Blends,399,South Australia,$69.99,"South Australia, Australia",1164481,C/I: Popular,In Stock,CGM56147_2020,In 2002 Peter became the fourth ever Chief Winemaker for Penfolds.,Wine:Product Detail:Penfolds Bin 389 Cabernet-Shiraz 2020,NY,PA,USD,69.99,5,1,5,1,winery-image,2020-10-30T19:20:10+0000,750,14.5,96.0,94,92,,,,,96,,,,,
w92,Winemaker Tim Jones,https://www.wine.com/product/product/four-graces-pinot-noir-2021/1132445,Pinot Noir,862,Willamette Valley,$24.99,"Willamette Valley, Oregon",1132445,C/I: Popular,In Stock,PIN561941_2021,Four Graces Winemaker Tim Jones Winery Image,Wine:Product Detail:Four Graces Pinot Noir 2021,NY,PA,USD,24.99,5,1,5,1,winery-image,2020-03-11T18:53:05+0000,750,14.1,91.0,92,92,,,91,,,,,,,
w93,Laura Catena - Owner,https://www.wine.com/product/product/luca-old-vine-malbec-2019/846341,Malbec,48,Uco Valley,$34.99,"Uco Valley, Mendoza, Argentina",846341,C/I: Popular,In Stock,VNT1390010019_01_2019,"Born in Mendoza, Argentina to a pioneering winemaking family, Laura is relentlessly determined in all that she accomplishes. She has helped her father, Nicolas Catena, build the country’s prominence and influence in the New World wine scene.",Wine:Product Detail:Luca Old Vine Malbec 2019,NY,PA,USD,34.99,5,1,5,1,winery-image,2019-09-27T16:45:53+0000,750,13.6,95.0,93,,,,,,92,,,,,
w94,The Corton Grancey Cuverie ,https://www.wine.com/product/product/louis-latour-chateau-corton-grancey-grand-cru-2019/922330,Pinot Noir,405,Aloxe-Corton,$219.99,"Aloxe-Corton, Cote de Beaune, Cote d'Or, Burgundy, France",922330,C/I: Popular,In Stock,TONLA01_19_2019,Construction of the Cuverie began in 1832 and it is where all of Domaine Louis Latour wines are made and aged. It is built over five levels into the hill which allows the entire winemaking process to be carried by gravity.,Wine:Product Detail:Louis Latour Chateau Corton Grancey Grand Cru 2019,NY,PA,USD,219.99,5,1,5,1,winery-image,2018-08-21T23:35:08+0000,750,14,95.0,94,95,,,,98,93,,,,,
w96,Esprit Nature Brut,https://www.wine.com/product/product/champagne-henri-giraud-esprit-nature-brut/833433,Non-Vintage Sparkling Wine,57,Champagne,$69.99,"Champagne, France",833433,C/I: Long Tail,In Stock,BAR550GB_0,"Champagne Henri Giraud Esprit Nature Brut from Champagne, France - Sparkling with beautiful mineral bitterness, The Esprit Nature Brut pushes the door of the great wines of Champagne, while its incomparable fruit invites shared...",Wine:Product Detail:Champagne Henri Giraud Esprit Nature Brut,NY,PA,USD,69.99,5,1,5,1,,,750,12,94.0,90,,,,,,92,,,,,
w97,Vavasour Winery Image,https://www.wine.com/product/product/vavasour-sauvignon-blanc-2021/911357,Sauvignon Blanc,1063,Marlborough,$19.99,"Marlborough, New Zealand",911357,C/I: Long Tail,In Stock,PIN536188_2021,The Awatere Valley is Marlborough's smallest sub-region: a colder climate and rugged landscapes carved by ancient glaciers.,Wine:Product Detail:Vavasour Sauvignon Blanc 2021,NY,PA,USD,19.99,5,1,5,1,winery-image,2019-09-09T22:17:47+0000,750,13.5,,90,90,95,,,,,,,,,
w98,Old Vine,https://www.wine.com/product/product/dog-point-vineyard-section-94-sauvignon-blanc-2020/1232356,Sauvignon Blanc,12,Marlborough,$45.99,"Marlborough, New Zealand",1232356,C/I: Long Tail,In Stock,VNT0030020020_03_2020,"The old vine Sauvignon Blanc, used for the Section 94 Sauvignon Blanc, comes from a singular parcel of low yield vineyards that is entirely hand-harvested and fermented with native yeasts.",Wine:Product Detail:Dog Point Vineyard Section 94 Sauvignon Blanc 2020,NY,PA,USD,45.99,5,1,,,winery-image,2020-06-19T20:01:55+0000,750,14,95.0,95,,,,,,,,,,,
w99,The cellars of Chateau de Pez,https://www.wine.com/product/product/chateau-de-pez-2018/913789,Bordeaux Red Blends,611,St. Estephe,$60.99,"St. Estephe, Bordeaux, France",913789,C/I: Luxury BDX,In Stock,CGM43535_2018,Chateau de Pez The cellars of Chateau de Pez Winery Image,Wine:Product Detail:Chateau de Pez 2018,NY,PA,USD,60.99,5,1,,,winery-image,2018-03-01T03:57:09+0000,750,14.5,93.0,92,91,92,,,94,92,94,,,,
w100,Cerretalto is the Backbone ,https://www.wine.com/product/product/casanova-di-neri-brunello-di-montalcino-cerretalto-2016/879969,Sangiovese,18,Montalcino,$419.99,"Montalcino, Tuscany, Italy",879969,C/I: Exception,In Stock - Last Call,WBO30289512_2016,"Their incredible and distinctive sangiovese grape, obtained from a massal clone selection in the Cerretalto Vineyard.J",Wine:Product Detail:Casanova di Neri Brunello di Montalcino Cerretalto 2016,NY,PA,USD,419.99,5,1,5,1,winery-image,2021-02-26T18:29:46+0000,750,15,100.0,98,,98,,,,98,,,,,
w101,Nick Picone - Group Chief Winemaker,https://www.wine.com/product/product/villa-maria-taylors-pass-sauvignon-blanc-2021/1114232,Sauvignon Blanc,142,Marlborough,$28.99,"Marlborough, New Zealand",1114232,C/I: Long Tail,In Stock,WBO30291086_2021,Villa Maria Nick Picone - Group Chief Winemaker Winery Image,Wine:Product Detail:Villa Maria Taylors Pass Sauvignon Blanc 2021,NY,PA,USD,28.99,5,1,5,1,winery-image,2019-03-06T18:50:04+0000,750,14,92.0,92,,95,,,90,,,,,,
w102,Tenuta di Capraia  Winery Image,https://www.wine.com/product/product/tenuta-di-capraia-chianti-classico-effe-55-gran-selezione-2018/1155021,Sangiovese,2421,Chianti Classico,$38.99,"Chianti Classico, Chianti, Tuscany, Italy",1155021,C/I: Long Tail,In Stock,TON83416_18_2018,Tenuta di Capraia  Winery Image,Wine:Product Detail:Tenuta di Capraia Chianti Classico Effe 55 Gran Selezione 2018,NY,PA,USD,38.99,5,1,5,1,winery-image,2020-02-25T16:39:12+0000,750,15,93.0,95,,,,,,92,,,,,
w103,Chardonnay Vineyards,https://www.wine.com/product/product/laurent-perrier-la-cuvee-brut-187ml-split/330990,Non-Vintage Sparkling Wine,1693,Champagne,$16.97,"Champagne, France",330990,C/I: Exception,In Stock,WBO30197276_0,Chardonnay Vineyards at the Laurent-Perrier Domaine in Tours-sur-Marne,Wine:Product Detail:Laurent-Perrier La Cuvee Brut (187ML Split),NY,PA,USD,16.97,5,1,5,1,winery-image,2018-11-14T00:43:19+0000,187,12,,91,,,,,91,,91,,,,
w104,Chateau Latour Barrel Room,https://www.wine.com/product/product/chateau-latour-2005/97450,Bordeaux Red Blends,8,Pauillac,"$1,179.99","Pauillac, Bordeaux, France",97450,C/I: Luxury BDX,In Stock,BAN97450_2005,Chateau Latour Chateau Latour Barrel Room Winery Image,Wine:Product Detail:Chateau Latour 2005,NY,PA,USD,1179.99,5,1,5,1,winery-image,2023-03-02T19:01:44+0000,750,13,100.0,99,,,,100,100,98,,,100,,
w105,Woolly Weeders at Honig,https://www.wine.com/product/product/honig-cabernet-sauvignon-2019/612885,Cabernet Sauvignon,621,Napa Valley,$52.99,"Napa Valley, California",612885,C/I: Popular,In Stock,CGM52284_2019,"As part of the sustainable program at Honig, sheep are brought in to help manage the cover crop between the vines, helping to eliminate the need for chemicals, herbicides and fertilizers. ",Wine:Product Detail:Honig Cabernet Sauvignon 2019,NY,PA,USD,52.99,5,1,5,1,winery-image,2022-02-28T19:30:09+0000,750,15.1,92.0,90,91,,,,,,,,,,
w106,Chateau Pape Clement,https://www.wine.com/product/product/chateau-pape-clement-2015/157785,Bordeaux Red Blends,8,Pessac-Leognan,$133.97,"Pessac-Leognan, Bordeaux, France",157785,C/I: Luxury BDX,In Stock,FNY157785_2015,"Château Pape Clément derives its name from Bertrand de Goth, who in 1305 became Pope Clément V.",Wine:Product Detail:Chateau Pape Clement 2015,NY,PA,USD,133.97,5,1,5,1,winery-image,2018-04-25T18:27:49+0000,750,14.5,99.0,95,,95,,,95,96,97,,,,
w107,Tenuta di Bibbiano Winery Image,https://www.wine.com/product/product/bibbiano-montornello-chianti-classico-gran-selezione-2019/1133006,Sangiovese,52,Chianti Classico,$37.99,"Chianti Classico, Chianti, Tuscany, Italy",1133006,C/I: Long Tail,In Stock,SHR106929_2019,Inside of Bibbiano Winery (old vintage library).,Wine:Product Detail:Bibbiano Montornello Chianti Classico Gran Selezione 2019,NY,PA,USD,37.99,5,1,5,1,winery-image,2020-04-22T22:58:31+0000,750,14,93.0,94,,,,,,94,,,,,
w108,"VINCENT CHAPERON, THE CELLAR MASTER",https://www.wine.com/product/product/dom-perignon-rose-2008/781102,Sparkling Rosé,5,Champagne,$489.97,"Champagne, France",781102,C/I: Exception,In Stock,CGM52513_2008,In 2019 Vincent Chaperon became the Dom Pérignon Chef de Cave. He was born to a Bordeaux winemaking family where vineyards are a legacy and wine is a culture. Vincent sees Dom Pérignon’s vision – harmony as a source of emotion – as a true raison d’être. ,Wine:Product Detail:Dom Perignon Rose 2008,NY,PA,USD,489.97,5,1,,,winery-image,2021-05-15T19:05:10+0000,750,0,99.0,97,,95,,,,,95,,,,
w109,Chateau Peby Faugeres Winery Image,https://www.wine.com/product/product/chateau-peby-faugeres-2005/723698,Bordeaux Red Blends,3,St. Emilion,$394.99,"St. Emilion, Bordeaux, France",723698,C/I: Luxury BDX,In Stock,JKO723698_2005,Chateau Peby Faugeres Winery Image,Wine:Product Detail:Chateau Peby Faugeres 2005,NY,PA,USD,394.99,5,1,,,winery-image,2018-02-01T23:41:39+0000,750,0,,94,,,,,,95,,,,,
w110,Galerie Imperiale,https://www.wine.com/product/product/moet-and-chandon-imperial-brut-187ml-split/145002,Non-Vintage Sparkling Wine,1282,Champagne,$15.97,"Champagne, France",145002,C/I: Exception,In Stock,CGM8535_0,Moët & Chandon Galerie Imperiale Winery Image,Wine:Product Detail:Moet & Chandon Imperial Brut (187ML Split),NY,PA,USD,15.97,5,1,5,1,winery-image,2018-07-26T18:14:41+0000,187,12,90.0,91,,90,,90,,,,93,,,92
w111,Round Pond Estate  Winery Image,https://www.wine.com/product/product/round-pond-kith-and-kin-cabernet-sauvignon-2019/780744,Cabernet Sauvignon,105,Napa Valley,$39.99,"Napa Valley, California",780744,C/I: Popular,In Stock,OPI28529_2019,Round Pond Estate  Winery Image,Wine:Product Detail:Round Pond Kith and Kin Cabernet Sauvignon 2019,NY,PA,USD,39.99,5,1,5,1,winery-image,2020-04-17T16:52:06+0000,750,0,,92,,,,,,,,,,,92
w112,Colgin Winery Image,https://www.wine.com/product/product/colgin-tychson-hill-cabernet-sauvignon-2019/1251022,Cabernet Sauvignon,2,Napa Valley,$759.99,"Napa Valley, California",1251022,C/I: Exception,In Stock - Last Call,IPOPI11686_2019,Colgin Winery Image,Wine:Product Detail:Colgin Tychson Hill Cabernet Sauvignon 2019,NY,PA,USD,759.99,5,1,,,winery-image,2018-02-01T23:41:44+0000,750,0,,96,,,,,,100,98,,,,
w113,Galerie Imperiale,https://www.wine.com/product/product/moet-and-chandon-rose-imperial/21515,Sparkling Rosé,354,Champagne,$68.99,"Champagne, France",21515,C/I: Popular,In Stock,CGM3866_0,Moët & Chandon Galerie Imperiale Winery Image,Wine:Product Detail:Moet & Chandon Rose Imperial,NY,PA,USD,68.99,5,1,5,1,winery-image,2018-07-26T18:14:41+0000,750,12,91.0,91,,,,,,,,93,,,
w114,Invivo X  Winery Image,https://www.wine.com/product/product/invivo-x-by-sarah-jessica-parker-sauvignon-blanc-2021/878431,Sauvignon Blanc,185,Marlborough,$18.99,"Marlborough, New Zealand",878431,C/I: Long Tail,In Stock,EDV132231_2021_2021,Invivo X  Winery Image,Wine:Product Detail:Invivo X by Sarah Jessica Parker Sauvignon Blanc 2021,NY,PA,USD,18.99,5,1,5,1,winery-image,2020-03-13T20:29:33+0000,750,13.2,90.0,92,,,,,,,,,,,
w115,Marco Bacci,https://www.wine.com/product/product/castello-di-bossi-chianti-classico-riserva-berardo-2018/1176445,Sangiovese,2155,Chianti Classico,$29.99,"Chianti Classico, Chianti, Tuscany, Italy",1176445,C/I: Popular,In Stock,WBO30290104_2018,Castello di Bossi Marco Bacci Winery Image,Wine:Product Detail:Castello di Bossi Chianti Classico Riserva Berardo 2018,NY,PA,USD,29.99,5,1,5,1,winery-image,2018-08-21T22:21:40+0000,750,14.5,94.0,93,,,,,94,90,,,,,
w116,Picnic on the Patio,https://www.wine.com/product/product/rodney-strong-charlottes-home-sauvignon-blanc-2021/984306,Sauvignon Blanc,694,Sonoma County,$11.99,"Sonoma County, California",984306,C/I: KVI,In Stock,PIN549755_2021,Rodney Strong Vineyards Picnic on the Patio Winery Image,Wine:Product Detail:Rodney Strong Charlotte's Home Sauvignon Blanc 2021,NY,PA,USD,11.99,5,1,5,1,winery-image,2018-05-18T18:09:42+0000,750,13.5,,89,,,,,,,,,,,
w118,San Felice Tasting Room,https://www.wine.com/product/product/san-felice-il-grigio-chianti-classico-riserva-2019/1040473,Sangiovese,4,Chianti Classico,$23.99,"Chianti Classico, Chianti, Tuscany, Italy",1040473,C/I: Popular,In Stock,WBO30292797_2019,"One visit is worth a thousand words. In the Chianti Classico district, the traditional home of hospitality, every visitor is welcome.",Wine:Product Detail:San Felice Il Grigio Chianti Classico Riserva 2019,NY,PA,USD,23.99,5,1,5,1,winery-image,2018-10-03T18:26:06+0000,750,13.5,94.0,92,,,,,90,93,93,,,,
w119,Beehive in the Vineyard,https://www.wine.com/product/product/argiano-brunello-di-montalcino-2018/1236761,Sangiovese,331,Montalcino,$94.99,"Montalcino, Tuscany, Italy",1236761,C/I: Long Tail,In Stock,CGM56390_2018,"The philosophy that unites Argiano is respect, first and foremost for nature. They apply the most effective and modern working methods, while remembering that every technique has to have the least possible impact on the surrounding environment.",Wine:Product Detail:Argiano Brunello di Montalcino 2018,NY,PA,USD,94.99,5,1,,,winery-image,2018-06-26T22:05:04+0000,750,14,94.0,95,,93,,,,93,94,,,,
w120,The cellars of Champagne Louis Roederer,https://www.wine.com/product/product/louis-roederer-cristal-brut-with-gift-box-2014/941189,Vintage Sparkling Wine,384,Champagne,$379.97,"Champagne, France",941189,C/I: Long Tail,In Stock,CGM52562_2014,Louis Roederer The cellars of Champagne Louis Roederer Winery Image,Wine:Product Detail:Louis Roederer Cristal Brut with Gift Box 2014,NY,PA,USD,379.97,5,1,5,1,winery-image,2018-06-11T22:06:05+0000,750,12,97.0,98,97,95,,,97,96,96,,,,
w121,David Ramey in the Cellar,https://www.wine.com/product/product/ramey-cabernet-sauvignon-2017/1195604,Cabernet Sauvignon,107,Napa Valley,$66.99,"Napa Valley, California",1195604,C/I: Popular,In Stock,SKRUSRAM2117_2017,Ramey’s Cabernet Sauvignon follows the Bordelaise model of terroir-riven wines blending different Bordeaux varietals.,Wine:Product Detail:Ramey Cabernet Sauvignon 2017,NY,PA,USD,66.99,5,1,,,winery-image,2019-11-05T18:25:24+0000,750,14.5,,90,,,,,95,95,,,,,
w122,Nicholas Audebert,https://www.wine.com/product/product/chateau-rauzan-segla-2016/202535,Bordeaux Red Blends,17,Margaux,$149.99,"Margaux, Bordeaux, France",202535,C/I: Luxury BDX,In Stock,FNY202535_2016,Chateau Rauzan-Segla Nicholas Audebert Winery Image,Wine:Product Detail:Chateau Rauzan-Segla 2016,NY,PA,USD,149.99,5,1,5,1,winery-image,2018-05-02T20:29:40+0000,750,13.5,98.0,95,,95,,,97,97,98,,,,
w123,The Castello at Dawn,https://www.wine.com/product/product/banfi-brunello-di-montalcino-375ml-half-bottle-2017/1164536,Sangiovese,124,Montalcino,$37.99,"Montalcino, Tuscany, Italy",1164536,C/I: Exception,In Stock,CGM55089_2017,Castello Banfi The Castello at Dawn Winery Image,Wine:Product Detail:Banfi Brunello di Montalcino (375ML half-bottle) 2017,NY,PA,USD,37.99,5,1,,,winery-image,2020-04-14T18:04:16+0000,375,15,93.0,92,,,,,92,92,,,,,
w124,Tenuta Guado al Tasso Estate,https://www.wine.com/product/product/antinori-villa-antinori-chianti-classico-riserva-2019/1080019,Sangiovese,141,Chianti Classico,$32.99,"Chianti Classico, Chianti, Tuscany, Italy",1080019,C/I: Popular,In Stock,PIN557859_2019,Tenuta Guado al Tasso is located in the small but prestigious Bolgheri DOC. This appellation has relatively recent history being approved in 1994 and since than it has become an internationally recognized reference point for winemaking.,Wine:Product Detail:Antinori Villa Antinori Chianti Classico Riserva 2019,NY,PA,USD,32.99,5,1,5,1,winery-image,2023-03-10T23:38:02+0000,750,14,93.0,91,,,,,91,93,92,,,,
w125,Monte Bello ,https://www.wine.com/product/product/ridge-geyserville-2020/913833,Other Red Blends,188,Alexander Valley,$46.99,"Alexander Valley, Sonoma County, California",913833,C/I: KVI,In Stock,WLD18822_2020,Ridge Monte Bello  Winery Image,Wine:Product Detail:Ridge Geyserville 2020,NY,PA,USD,46.99,5,1,5,1,winery-image,2020-03-12T22:18:34+0000,750,14.1,,92,97,96,,95,,,,,,,95
w126,Cune  Winery Image,https://www.wine.com/product/product/cune-imperial-gran-reserva-rioja-2016/1186243,Tempranillo,38,Rioja,$99.99,"Rioja, Spain",1186243,C/I: Exception,In Stock,SKRESCUN3216_2016,CVNE’s all female winemaking team,Wine:Product Detail:Cune Imperial Gran Reserva Rioja 2016,NY,PA,USD,99.99,5,1,5,1,winery-image,2021-04-19T17:55:54+0000,750,14.5,98.0,93,,,,,96,95,,,,,
w127,The Steep Vineyards of Pritchard Hill,https://www.wine.com/product/product/chappellet-signature-cabernet-sauvignon-2019/877368,Cabernet Sauvignon,382,Napa Valley,$89.99,"Napa Valley, California",877368,C/I: MAP,In Stock,WDW10517100102619_2019,Oat seed is spread as a cover crop to hold soil on steep terraces and add nutriments.,Wine:Product Detail:Chappellet Signature Cabernet Sauvignon 2019,NY,PA,USD,89.99,5,1,5,1,winery-image,2018-04-04T19:02:37+0000,750,14.5,95.0,93,94,,,,,93,94,,,,
w128,"VINCENT CHAPERON, THE CELLAR MASTER",https://www.wine.com/product/product/dom-perignon-vintage-luminous-bottle-2012/810493,Vintage Sparkling Wine,154,Champagne,$379.97,"Champagne, France",810493,C/I: Exception,In Stock,CGM51668_2012,In 2019 Vincent Chaperon became the Dom Pérignon Chef de Cave. He was born to a Bordeaux winemaking family where vineyards are a legacy and wine is a culture. Vincent sees Dom Pérignon’s vision – harmony as a source of emotion – as a true raison d’être. ,Wine:Product Detail:Dom Perignon Vintage Luminous Bottle 2012,NY,PA,USD,379.97,5,1,5,1,winery-image,2021-05-15T19:05:10+0000,750,0,97.0,96,,98,,,,96,,,,,
w129,Roserock by Drouhin Oregon  Winery Image,https://www.wine.com/product/product/roserock-by-drouhin-oregon-eola-amity-hills-pinot-noir-2021/1163079,Pinot Noir,222,Eola-Amity Hills,$39.99,"Eola-Amity Hills, Willamette Valley, Oregon",1163079,C/I: Popular,In Stock,WBO30296282_2021,Roserock by Drouhin Oregon  Winery Image,Wine:Product Detail:Roserock by Drouhin Oregon Eola-Amity Hills Pinot Noir 2021,NY,PA,USD,39.99,5,1,5,1,winery-image,2020-01-31T23:11:15+0000,750,14.1,93.0,94,,,,,,,,,,,
w130,The View of Mt. St. Helena,https://www.wine.com/product/product/continuum-2019/929908,Bordeaux Red Blends,133,Napa Valley,$294.99,"Napa Valley, California",929908,C/I: MAP,In Stock,SKRUSCON4019_2019,The view of Mt. St. Helena from the Continuum Estate.,Wine:Product Detail:Continuum 2019,NY,PA,USD,294.99,5,1,5,1,winery-image,2019-10-01T18:04:44+0000,750,14.9,99.0,95,100,,,,95,98,,,,,
w132,Maison Brotte Tanks,https://www.wine.com/product/product/maison-brotte-les-hauts-de-barville-chateauneuf-du-pape-2019/878243,Rhone Red Blends,1685,Chateauneuf-du-Pape,$38.99,"Chateauneuf-du-Pape, Rhone, France",878243,C/I: Long Tail,In Stock,TON12838_19_2019,"With a perfect blend of traditional and modern techniques, Maison Brotte produces balanced and complex wines that are consistently highly rated by the wine industries top publications.",Wine:Product Detail:Maison Brotte Les Hauts de Barville Chateauneuf-du-Pape 2019,NY,PA,USD,38.99,5,1,5,1,winery-image,2020-06-23T15:49:30+0000,750,15,92.0,93,,,,,,92,,,,,
w133,Chateau Pavie Cellar,https://www.wine.com/product/product/chateau-pavie-2015/153456,Bordeaux Red Blends,2,St. Emilion,$399.99,"St. Emilion, Bordeaux, France",153456,C/I: Luxury BDX,In Stock,FNY153456_2015,"Fermentation takes place in oak vats, each plot is vinified separately from the harvest to the final blend. Following the fermentation, the wine is aged 18 to 24 months in barrels.",Wine:Product Detail:Chateau Pavie 2015,NY,PA,USD,399.99,5,1,5,1,winery-image,2021-07-06T22:34:45+0000,750,14.5,100.0,98,,95,,,96,98,100,,,,
w134,Marietta Cellars Winery Video,https://www.wine.com/product/product/marietta-cellars-christo-2019/931986,Rhone Red Blends,127,North Coast,$25.99,"North Coast, California",931986,C/I: Long Tail,In Stock,VNT0850120019_01_2019,Marietta Cellars Winery Video,Wine:Product Detail:Marietta Cellars Christo 2019,NY,PA,USD,25.99,5,1,5,1,winery-video,2020-04-10T18:26:23+0000,750,14.7,93.0,92,,,,,,96,,,,,
w135,Boscarelli  Winery Image,https://www.wine.com/product/product/boscarelli-il-nocio-vino-nobile-di-montepulciano-2016/532488,Sangiovese,32,Montepulciano,$129.99,"Montepulciano, Tuscany, Italy",532488,C/I: Long Tail,In Stock,MHE0471215_2016,Boscarelli  Winery Image,Wine:Product Detail:Boscarelli Il Nocio Vino Nobile di Montepulciano 2016,NY,PA,USD,129.99,5,1,,,winery-image,2019-07-30T22:33:50+0000,750,13.5,,94,,,,,95,93,,,,,
w136,Mount Veeder Sunrise,https://www.wine.com/product/product/mount-veeder-winery-cabernet-sauvignon-2019/779098,Cabernet Sauvignon,117,Napa Valley,$58.99,"Napa Valley, California",779098,C/I: Popular,In Stock,PIN530553_2019,"Morning temperatures are warmer for the vines of Mount Veeder, sitting high above the Napa Valley morning fog line at 1500 ft. in elevation .",Wine:Product Detail:Mount Veeder Winery Cabernet Sauvignon 2019,NY,PA,USD,58.99,5,1,5,1,winery-image,2019-02-13T17:24:39+0000,750,14.5,,92,,,,92,,,,,,,93
w137,Paul Hobbs  Winery Image,https://www.wine.com/product/product/paul-hobbs-russian-river-chardonnay-2020/1176676,Chardonnay,834,Russian River,$58.99,"Russian River, Sonoma County, California",1176676,C/I: Popular,In Stock,PIN543851_2020,Paul Hobbs and Jennie Murphy sampling freshly fermenting Pinot Noir during harvest,Wine:Product Detail:Paul Hobbs Russian River Chardonnay 2020,NY,PA,USD,58.99,5,1,5,1,winery-image,2021-08-27T23:48:46+0000,750,14.3,,93,,,,,,95,93,,,,
w138,Dakota Shy Winery Image,https://www.wine.com/product/product/dakota-shy-napa-valley-cabernet-sauvignon-2019/877340,Cabernet Sauvignon,17,Napa Valley,$119.99,"Napa Valley, California",877340,C/I: Long Tail,In Stock,CGM52440_2019,Dakota Shy Winery Image,Wine:Product Detail:Dakota Shy Napa Valley Cabernet Sauvignon 2019,NY,PA,USD,119.99,5,1,,,winery-image,2018-02-01T23:41:14+0000,750,14.7,92.0,95,,,,,,,92,,,,
w139,Cambria Winery Winery Image,https://www.wine.com/product/product/cambria-katherines-vineyard-chardonnay-2021/1181185,Chardonnay,1078,Santa Maria Valley,$18.99,"Santa Maria Valley, Central Coast, California",1181185,C/I: Popular,In Stock,PIN556644_2021,Winemaker Jill Russell and Co-Proprietors Katherine and Julia Jackson. ,Wine:Product Detail:Cambria Katherine's Vineyard Chardonnay 2021,NY,PA,USD,18.99,5,1,5,1,winery-image,2020-10-02T15:41:48+0000,750,13.9,,90,,,,,91,,,,,,
w140,2022 (Futures Pre-Sale),https://www.wine.com/product/product/chateau-bellefont-belcier-futures-pre-sale-2022/1307954,Bordeaux Red Blends,44,St. Emilion,$44.97,"St. Emilion, Bordeaux, France",1307954,C/I: Luxury BDX,In Stock,FNY1307954_2022,"Chateau Bellefont Belcier (Futures Pre-Sale) 2022 from St. Emilion, Bordeaux, France - Deep garnet-purple in color. Sexy and floral character. Striking freshness to play off the rich, dark flavors. Polished tannins that adds to all the ripe red be...",Wine:Product Detail:Chateau Bellefont Belcier (Futures Pre-Sale) 2022,NY,PA,USD,44.97,5,1,,,,,750,14.5,98.0,93,,95,,,,95,95,,,,
w141,Coombsville Sunrise,https://www.wine.com/product/product/faust-cabernet-sauvignon-375ml-half-bottle-2019/1132137,Cabernet Sauvignon,137,Napa Valley,$31.99,"Napa Valley, California",1132137,C/I: Exception,In Stock,PIN551500_2019,Faust Coombsville Sunrise Winery Image,Wine:Product Detail:Faust Cabernet Sauvignon (375ML half-bottle) 2019,NY,PA,USD,31.99,5,1,5,1,winery-image,2020-03-18T16:06:34+0000,375,14.9,95.0,93,,,,,,90,,,,,
w142,Aerial View of Champagne Vineyards,https://www.wine.com/product/product/perrier-jouet-grand-brut-375ml-half-bottle/20808,Non-Vintage Sparkling Wine,1184,Champagne,$34.99,"Champagne, France",20808,C/I: Exception,In Stock,PIN968580_0,Perrier-Jouët Aerial View of Champagne Vineyards Winery Image,Wine:Product Detail:Perrier-Jouet Grand Brut (375ML half-bottle),NY,PA,USD,34.99,5,1,5,1,winery-image,2018-04-27T21:06:19+0000,375,12,91.0,90,,,,90,90,,,,,,
w143,Pinot Noir Grapes,https://www.wine.com/product/product/belle-glos-las-alturas-vineyard-pinot-noir-2020/881418,Pinot Noir,800,Santa Lucia Highlands,$49.99,"Santa Lucia Highlands, Monterey, Central Coast, California",881418,C/I: Popular,In Stock,PIN529099_2020,Belle Glos Pinot Noir Grapes Winery Image,Wine:Product Detail:Belle Glos Las Alturas Vineyard Pinot Noir 2020,NY,PA,USD,49.99,5,1,5,1,winery-image,2020-04-03T18:46:14+0000,750,0,,91,90,,,,90,,,,,,
w144,Chardonnay Vineyards,https://www.wine.com/product/product/laurent-perrier-blanc-de-blancs-brut-nature/543447,Non-Vintage Sparkling Wine,229,Champagne,$109.97,"Champagne, France",543447,C/I: Long Tail,In Stock,WBO30264441_0,Chardonnay Vineyards at the Laurent-Perrier Domaine in Tours-sur-Marne,Wine:Product Detail:Laurent-Perrier Blanc de Blancs Brut Nature,NY,PA,USD,109.97,5,1,5,1,winery-image,2018-11-14T00:43:19+0000,750,12,,92,,95,,90,,,,94,,,
w145,Ruinart Winery Image,https://www.wine.com/product/product/ruinart-brut-rose-second-skin-gift-wrapped-bottle/767504,Sparkling Rosé,311,Champagne,$119.99,"Champagne, France",767504,C/I: Long Tail,In Stock,CGM49952_0,"Over 125 feet below ground and almost 5 miles long, these unique caves are absent of vibration and offer optimal conditions for temperature, fermentation, and maturation.",Wine:Product Detail:Ruinart Brut Rose (Second Skin Gift Wrapped Bottle),NY,PA,USD,119.99,5,1,5,1,winery-image,2018-07-26T19:41:56+0000,750,12.5,92.0,94,,92,,,,91,,,,,
w146,Hand-Sealed Bodegas Vega Sicilia Wine,https://www.wine.com/product/product/bodegas-vega-sicilia-unico-reserva-especial-2022-release/1131732,Tempranillo,10,Ribera del Duero,$809.99,"Ribera del Duero, Spain",1131732,C/I: Long Tail,In Stock,DBWDB2910_22_0,Bodegas Vega Sicilia Hand-Sealed Bodegas Vega Sicilia Wine Winery Image,Wine:Product Detail:Bodegas Vega Sicilia Unico Reserva Especial (2022 Release),NY,PA,USD,809.99,5,1,,,winery-image,2018-08-21T22:00:12+0000,750,14.5,99.0,96,,,,97,,98,,,,,
w147,Hillside Select Vertical,https://www.wine.com/product/product/shafer-relentless-2018/941941,Syrah/Shiraz,988,Napa Valley,$89.99,"Napa Valley, California",941941,C/I: MAP,In Stock,WBO30291749_2018,"A recent tasting of Shafer’s signature Cabernet Sauvignon, Hillside Select, a wine with vintages going back to 1983. Robert M. Parker calls Hillside Select “one of the New World’s most profound Cabernet Sauvignons.”",Wine:Product Detail:Shafer Relentless 2018,NY,PA,USD,89.99,5,1,5,1,winery-image,2018-11-02T17:52:33+0000,750,15.8,97.0,94,,,,,,92,98,,,,96
w148,Adrianna Vineyard,https://www.wine.com/product/product/catena-alta-malbec-2018/781221,Malbec,76,Mendoza,$49.99,"Mendoza, Argentina",781221,C/I: KVI,In Stock,WBO30284233_2018,"At almost 5,000 feet elevation. Adrianna Vineyard has been called the Grand Cru of South America.",Wine:Product Detail:Catena Alta Malbec 2018,NY,PA,USD,49.99,5,1,5,1,winery-image,2019-03-12T20:40:03+0000,750,14,,91,,,,,93,93,,,,,
w149,Quinta de Vargellas at Night,https://www.wine.com/product/product/taylor-fladgate-50-year-old-tawny-golden-age/1131771,Port,242,Douro,$319.99,"Douro, Portugal",1131771,C/I: Long Tail,In Stock,CGM54977_0,Taylor Fladgate Quinta de Vargellas at Night Winery Image,Wine:Product Detail:Taylor Fladgate 50 Year Old Tawny Golden Age,NY,PA,USD,319.99,5,1,5,1,winery-image,2020-09-16T17:10:16+0000,750,20,,96,,,,,,97,,,,,
w150,Louis Martini Vineyards,https://www.wine.com/product/product/louis-martini-napa-valley-cabernet-sauvignon-2019/1219591,Cabernet Sauvignon,623,Napa Valley,$47.99,"Napa Valley, California",1219591,C/I: KVI,In Stock,CGM56133_2019,Louis M. Martini Louis Martini Vineyards Winery Image,Wine:Product Detail:Louis Martini Napa Valley Cabernet Sauvignon 2019,NY,PA,USD,47.99,5,1,5,1,winery-image,2018-08-17T18:58:47+0000,750,14.8,94.0,92,,91,,,94,,,,,,
w151,Sisters Maria and Luisa Ponzi,https://www.wine.com/product/product/ponzi-laurelwood-district-chardonnay-2019/1185489,Chardonnay,91,Chehalem Mountains,$37.99,"Chehalem Mountains, Willamette Valley, Oregon",1185489,C/I: Long Tail,In Stock,VNT0500430019_01_2019,Ponzi Sisters Maria and Luisa Ponzi Winery Image,Wine:Product Detail:Ponzi Laurelwood District Chardonnay 2019,NY,PA,USD,37.99,5,1,5,1,winery-image,2018-09-20T17:31:27+0000,750,13.2,93.0,93,,,,,93,95,,,,,
w152,Reserve Pinot Noir bottle with glasses,https://www.wine.com/product/product/stoller-dundee-hills-pinot-noir-2021/1164701,Pinot Noir,132,Dundee Hills,$31.99,"Dundee Hills, Willamette Valley, Oregon",1164701,C/I: Popular,In Stock,OPI25444_2021,Stoller Family Estate Reserve Pinot Noir bottle with glasses Winery Image,Wine:Product Detail:Stoller Dundee Hills Pinot Noir 2021,NY,PA,USD,31.99,5,1,5,1,winery-image,2019-03-22T21:09:09+0000,750,13.5,91.0,92,,,,,,,,,,,
w153,Roserock by Drouhin Oregon  Winery Image,https://www.wine.com/product/product/roserock-by-drouhin-oregon-zephirine-pinot-noir-2019/1091774,Pinot Noir,200,Eola-Amity Hills,$68.99,"Eola-Amity Hills, Willamette Valley, Oregon",1091774,C/I: Long Tail,In Stock,WBO30295961_2019,Roserock by Drouhin Oregon  Winery Image,Wine:Product Detail:Roserock by Drouhin Oregon Zephirine Pinot Noir 2019,NY,PA,USD,68.99,5,1,5,1,winery-image,2020-01-31T23:11:15+0000,750,13.9,97.0,94,,,,92,,97,,,,,
w154,Thale's Vineyard,https://www.wine.com/product/product/macrostie-sonoma-coast-chardonnay-2020/1069541,Chardonnay,131,Sonoma Coast,$24.99,"Sonoma Coast, Sonoma County, California",1069541,C/I: KVI,In Stock,WBO30294950_2020,MacRostie’s stunning 13-acre estate Pinot Noir vineyard on Westside Road is also the home of the winery’s new tasting facility and purpose-built winery.,Wine:Product Detail:MacRostie Sonoma Coast Chardonnay 2020,NY,PA,USD,24.99,5,1,5,1,winery-image,2018-04-05T21:55:39+0000,750,14.5,,92,,,,,,,,,,,93
w155,Chateau d'Esclans  Winery Image,https://www.wine.com/product/product/chateau-desclans-garrus-rose-2020/1017487,Rosé,199,Cotes de Provence,$129.99,"Cotes de Provence, Provence, South of France, France",1017487,C/I: Long Tail,In Stock,CGM52738_2020,Chateau d’Esclans Domaines Sacha Lichine Cellar Room,Wine:Product Detail:Chateau d'Esclans Garrus Rose 2020,NY,PA,USD,129.99,5,1,,,winery-image,2020-04-01T19:09:59+0000,750,14.5,95.0,91,,93,,,,,,,,,
w156,Gravel Brow,https://www.wine.com/product/product/chateau-grand-puy-lacoste-2015/157701,Bordeaux Red Blends,6,Pauillac,$114.99,"Pauillac, Bordeaux, France",157701,C/I: Luxury BDX,In Stock,JOAF157701_2015,Chateau Grand-Puy-Lacoste Gravel Brow Winery Image,Wine:Product Detail:Chateau Grand-Puy-Lacoste 2015,NY,PA,USD,114.99,5,1,5,1,winery-image,2018-05-02T23:09:10+0000,750,13.5,96.0,94,,94,,,93,91,91,,95,,
w157,Awatere Vineyard - Rapaura Spring,https://www.wine.com/product/product/rapaura-springs-reserve-sauvignon-blanc-2021/966123,Sauvignon Blanc,481,Marlborough,$21.99,"Marlborough, New Zealand",966123,C/I: Long Tail,In Stock,PIN530864_2021,Rapaura Springs Awatere Vineyard - Rapaura Spring Winery Image,Wine:Product Detail:Rapaura Springs Reserve Sauvignon Blanc 2021,NY,PA,USD,21.99,5,1,5,1,winery-image,2020-06-22T15:56:59+0000,750,13.5,90.0,92,92,,,,,,,,,,
w158,Aerial View of Champagne Vineyards,https://www.wine.com/product/product/perrier-jouet-grand-brut-15-liter-magnum/20806,Non-Vintage Sparkling Wine,50,Champagne,$165.99,"Champagne, France",20806,C/I: Exception,In Stock,PIN985308_0,Perrier-Jouët Aerial View of Champagne Vineyards Winery Image,Wine:Product Detail:Perrier-Jouet Grand Brut (1.5 Liter Magnum),NY,PA,USD,165.99,5,1,5,1,winery-image,2018-04-27T21:06:19+0000,1500,12,91.0,90,,,,,90,,,,,,
w159,Hillview Estate,https://www.wine.com/product/product/groth-oakcross-2019/1300194,Bordeaux Red Blends,306,Oakville,$109.99,"Oakville, Napa Valley, California",1300194,C/I: Long Tail,In Stock,CGM55097_2019,"The family purchased their 44-acre Hillview Vineyard Estate, in Napa Valley’s Oak Knoll District, in 1982. This cooler-climate site is the source of Groth’s single-vineyard Chardonnay. It, like Groth’s Oakville Estate, is sustainably farmed.",Wine:Product Detail:Groth Oakcross 2019,NY,PA,USD,109.99,5,1,,,winery-image,2020-06-24T19:07:26+0000,750,14.8,93.0,94,,,,,,,92,,,,
w160,The Family of Pio Cesare,https://www.wine.com/product/product/pio-cesare-barolo-ornato-2018/938076,Nebbiolo,24,Barolo,$169.99,"Barolo, Piedmont, Italy",938076,C/I: Popular,In Stock,CGM53548_2018,"Left to Right: Cesare Benvenuto (nephew of Pio Boffa), Federica Rosay (daughter of Pio Boffa), Pio Boffa (4th generation owner), Augusto (cousin of Pio Boffa)",Wine:Product Detail:Pio Cesare Barolo Ornato 2018,NY,PA,USD,169.99,5,1,,,winery-image,2019-04-11T21:08:57+0000,750,0,96.0,95,,,,94,,94,,,,,
w161,Fabrizio Bianchi,https://www.wine.com/product/product/castello-di-monsanto-chianti-classico-riserva-2019/1169023,Sangiovese,1272,Chianti Classico,$34.99,"Chianti Classico, Chianti, Tuscany, Italy",1169023,C/I: Popular,In Stock,PIN574103_2019,Castello di Monsanto Fabrizio Bianchi Winery Image,Wine:Product Detail:Castello di Monsanto Chianti Classico Riserva 2019,NY,PA,USD,34.99,5,1,5,1,winery-image,2020-04-14T19:15:03+0000,750,14,94.0,91,,,,91,,,94,,,,
w162,Ruben Avila - Cellar Master,https://www.wine.com/product/product/crossbarn-napa-valley-cabernet-sauvignon-2019/1166357,Cabernet Sauvignon,72,Napa Valley,$49.99,"Napa Valley, California",1166357,C/I: Popular,In Stock,PIN545911_2019,Crossbarn Ruben Avila - Cellar Master Winery Image,Wine:Product Detail:Crossbarn Napa Valley Cabernet Sauvignon 2019,NY,PA,USD,49.99,5,1,5,1,winery-image,2019-10-17T16:46:28+0000,750,14.5,94.0,92,,,,,,91,92,,92,,
w163,Antica Vineyards,https://www.wine.com/product/product/antica-mountain-select-cabernet-sauvignon-2018/571432,Cabernet Sauvignon,608,Atlas Peak,$74.99,"Atlas Peak, Napa Valley, California",571432,C/I: Long Tail,In Stock,PIN544122_2018,Antica Antica Vineyards Winery Image,Wine:Product Detail:Antica Mountain Select Cabernet Sauvignon 2018,NY,PA,USD,74.99,5,1,5,1,winery-image,2020-04-06T19:26:58+0000,750,14.7,94.0,92,,,,,,93,92,,,,
w164,Ravines Winery Image,https://www.wine.com/product/product/ravines-dry-riesling-2019/1018800,Riesling,62,Finger Lakes,$17.99,"Finger Lakes, New York, Other U.S.",1018800,C/I: Long Tail,In Stock,SKRUSRVN0119_2019,Ravines Winery Image,Wine:Product Detail:Ravines Dry Riesling 2019,NY,PA,USD,17.99,5,1,5,1,winery-image,2018-02-01T23:41:38+0000,750,12.4,90.0,92,,,,92,,90,,,,,
w165,Summer Views,https://www.wine.com/product/product/adriano-marco-e-vittorio-sanadaive-barbaresco-2019/1221680,Nebbiolo,414,Barbaresco,$29.99,"Barbaresco, Piedmont, Italy",1221680,C/I: Long Tail,In Stock,TON83129_19_2019,The highest hills in Barbaresco.,Wine:Product Detail:Adriano Marco e Vittorio Sanadaive Barbaresco 2019,NY,PA,USD,29.99,5,1,5,1,winery-image,2020-01-01T17:56:39+0000,750,14,,90,,,,,94,,,,,,
w166,The Corton Grancey Cuverie ,https://www.wine.com/product/product/louis-latour-clos-vougeot-grand-cru-2019/1083514,Pinot Noir,131,Vougeot,$479.99,"Vougeot, Cote de Nuits, Cote d'Or, Burgundy, France",1083514,C/I: Long Tail,In Stock,TONLA39_19_2019,Construction of the Cuverie began in 1832 and it is where all of Domaine Louis Latour wines are made and aged. It is built over five levels into the hill which allows the entire winemaking process to be carried by gravity.,Wine:Product Detail:Louis Latour Clos Vougeot Grand Cru 2019,NY,PA,USD,479.99,5,1,5,1,winery-image,2018-08-21T23:35:08+0000,750,14,95.0,96,,,,,,,,,,,
w167,The Cellar,https://www.wine.com/product/product/delamotte-blanc-de-blancs/27815,Non-Vintage Sparkling Wine,213,Champagne,$99.99,"Champagne, France",27815,C/I: Long Tail,In Stock,PIN268271_0,Delamotte The Cellar Winery Image,Wine:Product Detail:Delamotte Blanc de Blancs,NY,PA,USD,99.99,5,1,5,1,winery-image,2019-02-14T22:38:44+0000,750,12,92.0,92,,,92,,93,93,92,,,,
w168,Cooperage at Chateau Lafite Rothschild,https://www.wine.com/product/product/chateau-lafite-rothschild-1996/6532,Bordeaux Red Blends,9,Pauillac,"$1,649.99","Pauillac, Bordeaux, France",6532,C/I: Luxury BDX,In Stock,ENG1040463_1996,"The Domaine’s cooperage is located at Pauillac. By Médoc tradition, there has always been a cooperage at Lafite. The current team is composed of five barrel makers who work year round to produce 2,000 barrels, used in the group’s various properties.",Wine:Product Detail:Chateau Lafite Rothschild 1996,NY,PA,USD,1649.99,5,1,5,1,winery-image,2019-05-22T23:02:51+0000,750,13,97.0,96,,99,,,,98,,,,,
w169,Gin Sothis,https://www.wine.com/product/product/m-chapoutier-hermitage-chante-alouette-blanc-2018/826610,Marsanne,153,Hermitage,$129.99,"Hermitage, Rhone, France",826610,C/I: Long Tail,In Stock,TON14343_18_6PK_2018,M. Chapoutier Gin Sothis Winery Image,Wine:Product Detail:M. Chapoutier Hermitage Chante Alouette Blanc 2018,NY,PA,USD,129.99,5,1,5,1,winery-image,2022-03-21T20:25:53+0000,750,14,,94,,,,,,95,94,,,,
w170,Winery Great Hall,https://www.wine.com/product/product/joseph-phelps-cabernet-sauvignon-2019/782060,Cabernet Sauvignon,347,Napa Valley,$104.99,"Napa Valley, California",782060,C/I: KVI,In Stock,CGM56984_2019,"A recent renovation of the original winery building repurposed the interior spaces to include a Great Hall, six well-appointed private tasting areas, a library of of older vintages, a barrel room and a state-of-the-art kitchen.",Wine:Product Detail:Joseph Phelps Cabernet Sauvignon 2019,NY,PA,USD,104.99,5,1,5,1,winery-image,2018-03-27T17:37:39+0000,750,14.5,94.0,92,93,,,91,94,92,93,,,,
w171,Hand-Sealed Bodegas Vega Sicilia Wine,https://www.wine.com/product/product/bodegas-vega-sicilia-unico-tinto-2009/528225,Tempranillo,32,Ribera del Duero,$549.99,"Ribera del Duero, Spain",528225,C/I: Exception,In Stock,DBWDB2609_09_2009,Bodegas Vega Sicilia Hand-Sealed Bodegas Vega Sicilia Wine Winery Image,Wine:Product Detail:Bodegas Vega Sicilia Unico Tinto 2009,NY,PA,USD,549.99,5,1,5,1,winery-image,2018-08-21T22:00:12+0000,750,14,98.0,95,,97,,95,90,97,,,,,
w172,Cathy and her husband at their winery,https://www.wine.com/product/product/corison-kronos-vineyard-cabernet-sauvignon-2019/1344109,Cabernet Sauvignon,13,St. Helena,$229.99,"St. Helena, Napa Valley, California",1344109,C/I: Long Tail,In Stock,SKRUSCOR4019_2019,Corison Wines Cathy and her husband at their winery Winery Image,Wine:Product Detail:Corison Kronos Vineyard Cabernet Sauvignon 2019,NY,PA,USD,229.99,5,1,,,winery-image,2020-08-24T19:02:49+0000,750,13.7,,96,,,,91,97,94,94,,98,,
w173,Zuccardi Winery,https://www.wine.com/product/product/zuccardi-concreto-malbec-2021/1136786,Malbec,540,Uco Valley,$38.99,"Uco Valley, Mendoza, Argentina",1136786,C/I: Long Tail,In Stock,WBO30298855_2021,Familia Zuccardi Vineyards Zuccardi Winery Winery Image,Wine:Product Detail:Zuccardi Concreto Malbec 2021,NY,PA,USD,38.99,5,1,5,1,winery-image,2020-04-03T15:37:38+0000,750,14,95.0,92,,,,,,95,,,,,
w174,Dashwood Winery Image,https://www.wine.com/product/product/dashwood-sauvignon-blanc-2022/1237442,Sauvignon Blanc,1443,Marlborough,$13.99,"Marlborough, New Zealand",1237442,C/I: KVI,In Stock,PIN566227_2022,Dashwood's Pinot Noir is aged in new and used French oak barriques to add complexity and tannins.,Wine:Product Detail:Dashwood Sauvignon Blanc 2022,NY,PA,USD,13.99,5,1,5,1,winery-image,2019-09-09T21:50:50+0000,750,12.5,90.0,90,91,,,,,,,,,,
w175,Chateau Gloria Winery Image,https://www.wine.com/product/product/chateau-gloria-2020/746206,Bordeaux Red Blends,380,St-Julien,$49.99,"St-Julien, Bordeaux, France",746206,C/I: Luxury BDX,In Stock,FNY746206_2020,Chateau Gloria Winery Image,Wine:Product Detail:Chateau Gloria 2020,NY,PA,USD,49.99,5,1,,,winery-image,2018-02-01T23:41:48+0000,750,13.3,92.0,93,,92,,,95,92,93,,,,
w176,Castello di Ama Winery,https://www.wine.com/product/product/castello-di-ama-chianti-classico-san-lorenzo-gran-selezione-2018/1068055,Sangiovese,5,Chianti Classico,$56.99,"Chianti Classico, Chianti, Tuscany, Italy",1068055,C/I: Popular,In Stock,MSE451680_2018,Castello di Ama Castello di Ama Winery Winery Image,Wine:Product Detail:Castello di Ama Chianti Classico San Lorenzo Gran Selezione 2018,NY,PA,USD,56.99,5,1,5,1,winery-image,2019-11-19T01:01:43+0000,750,14,96.0,93,,,,,95,94,,,,,
w177,Robotic Lagar,https://www.wine.com/product/product/grahams-20-year-old-tawny-port/5973,Port,533,Douro,$69.99,"Douro, Portugal",5973,C/I: Long Tail,In Stock,PIN561482_0,Graham's Robotic Lagar Winery Image,Wine:Product Detail:Graham's 20 Year Old Tawny Port,NY,PA,USD,69.99,5,1,5,1,winery-image,2019-05-28T22:45:39+0000,750,20,94.0,93,,96,,93,90,,,,,,
w178,Château Lalande Aging Cellar ,https://www.wine.com/product/product/chateau-lalande-2020/1158728,Bordeaux Red Blends,62,St-Julien,$41.99,"St-Julien, Bordeaux, France",1158728,C/I: Luxury BDX,In Stock,TON1280_20R_2020,Chateau Lalande Château Lalande Aging Cellar  Winery Image,Wine:Product Detail:Chateau Lalande 2020,NY,PA,USD,41.99,5,1,5,1,winery-image,2020-06-19T16:06:08+0000,750,14.5,93.0,91,,,,,93,,,,,,
w179,Harvest,https://www.wine.com/product/product/pago-de-carraovejas-ribera-del-duero-2020/1308332,Tempranillo,7038,Ribera del Duero,$53.99,"Ribera del Duero, Spain",1308332,C/I: Popular,In Stock,CMNACAR_4701_20_2020,Pago de Carraovejas Harvest Winery Image,Wine:Product Detail:Pago de Carraovejas Ribera del Duero 2020,NY,PA,USD,53.99,5,1,,,winery-image,2023-05-11T18:48:24+0000,750,15,92.0,93,,,,,,,,,,,95
w180,Rocche Dell'Annunziata & Boilo-La Morra,https://www.wine.com/product/product/arnaldo-rivera-barolo-undicicomuni-2017/1163954,Nebbiolo,2422,Barolo,$38.99,"Barolo, Piedmont, Italy",1163954,C/I: Long Tail,In Stock,TON83412_17_2017,Geological substrate: 8 million years old (TORTONIAN STAGE). ,Wine:Product Detail:Arnaldo Rivera Barolo Undicicomuni 2017,NY,PA,USD,38.99,5,1,5,1,winery-image,2020-02-24T16:29:31+0000,750,14.5,93.0,92,,,,,90,92,91,,,,
w181,Chardonnay Vineyards,https://www.wine.com/product/product/laurent-perrier-la-cuvee-brut-375ml-half-bottle/330992,Non-Vintage Sparkling Wine,1453,Champagne,$32.99,"Champagne, France",330992,C/I: Exception,In Stock,WBO30197274_0,Chardonnay Vineyards at the Laurent-Perrier Domaine in Tours-sur-Marne,Wine:Product Detail:Laurent-Perrier La Cuvee Brut (375ML half-bottle),NY,PA,USD,32.99,5,1,5,1,winery-image,2018-11-14T00:43:19+0000,375,12,,91,,,,,91,,91,,,,
w182,The Corton Grancey Cuverie ,https://www.wine.com/product/product/louis-latour-volnay-en-chevret-premier-cru-2020/1272722,Pinot Noir,83,Volnay,$129.99,"Volnay, Cote de Beaune, Cote d'Or, Burgundy, France",1272722,C/I: Long Tail,In Stock,TONLA146_20_2020,Construction of the Cuverie began in 1832 and it is where all of Domaine Louis Latour wines are made and aged. It is built over five levels into the hill which allows the entire winemaking process to be carried by gravity.,Wine:Product Detail:Louis Latour Volnay En Chevret Premier Cru 2020,NY,PA,USD,129.99,5,1,5,1,winery-image,2018-08-21T23:35:08+0000,750,13.5,95.0,92,91,,,,,,,,,,
w183,Barrel Making at Smith Haut Lafitte,https://www.wine.com/product/product/chateau-smith-haut-lafitte-2018/520668,Bordeaux Red Blends,17,Pessac-Leognan,$144.99,"Pessac-Leognan, Bordeaux, France",520668,C/I: Luxury BDX,In Stock,FNY520668_2018,Chateau Smith Haut Lafitte Barrel Making at Smith Haut Lafitte Winery Image,Wine:Product Detail:Chateau Smith Haut Lafitte 2018,NY,PA,USD,144.99,5,1,5,1,winery-image,2019-06-03T22:35:34+0000,750,14.5,98.0,97,,99,,,97,97,99,,,,
w184,Domaine Bousquet  Winery Image,https://www.wine.com/product/product/domaine-bousquet-premium-organic-malbec-2021/1154351,Malbec,199,Uco Valley,$10.99,"Uco Valley, Mendoza, Argentina",1154351,C/I: Long Tail,In Stock,OPI86884_2021,Domaine Bousquet  Winery Image,Wine:Product Detail:Domaine Bousquet Premium Organic Malbec 2021,NY,PA,USD,10.99,5,1,5,1,winery-image,2020-04-13T18:34:24+0000,750,14,,90,,,,,,,,,,,
w185,Valdicava Winery Image,https://www.wine.com/product/product/valdicava-madonna-del-piano-brunello-di-montalcino-riserva-2016/1036128,Sangiovese,15,Montalcino,$399.99,"Montalcino, Tuscany, Italy",1036128,C/I: Popular,In Stock,VEA1036128_2016,Valdicava Winery Image,Wine:Product Detail:Valdicava Madonna del Piano Brunello di Montalcino Riserva 2016,NY,PA,USD,399.99,5,1,,,winery-image,2018-02-01T23:41:41+0000,750,14.5,99.0,98,,,,,,96,99,,,,
w186,Tenuta Guado al Tasso Estate,https://www.wine.com/product/product/antinori-tignanello-2019/1045650,Tuscan Blends,14,Tuscany,$159.99,"Tuscany, Italy",1045650,C/I: KVI,In Stock,PIN552055_2019,Tenuta Guado al Tasso is located in the small but prestigious Bolgheri DOC. This appellation has relatively recent history being approved in 1994 and since than it has become an internationally recognized reference point for winemaking.,Wine:Product Detail:Antinori Tignanello 2019,NY,PA,USD,159.99,5,1,5,1,winery-image,2023-03-10T23:38:02+0000,750,14,95.0,96,,,,,,96,,,,,
w187,The Cellar,https://www.wine.com/product/product/marchesi-di-barolo-barolo-riserva-2011/982380,Nebbiolo,3,Barolo,$119.99,"Barolo, Piedmont, Italy",982380,C/I: Long Tail,In Stock,WLD14971_2011,"Marchesi di Barolo historical cellars are located in the town of Barolo, in the building overlooking the Castle of the Marquis Falletti. It is here that more than 200 years ago the Abbona's began producing wine.",Wine:Product Detail:Marchesi di Barolo Barolo Riserva 2011,NY,PA,USD,119.99,5,1,5,1,winery-image,2018-06-27T19:58:54+0000,750,14,94.0,92,,,,,,91,,,,,
w188,Stainless Steel Vats in the Cellar,https://www.wine.com/product/product/domaine-drouhin-oregon-pinot-noir-2021/1115395,Pinot Noir,778,Dundee Hills,$48.99,"Dundee Hills, Willamette Valley, Oregon",1115395,C/I: Popular,In Stock,WBO30297127_2021,Domaine Drouhin Oregon Stainless Steel Vats in the Cellar Winery Image,Wine:Product Detail:Domaine Drouhin Oregon Pinot Noir 2021,NY,PA,USD,48.99,5,1,5,1,winery-image,2020-09-17T21:02:20+0000,750,14.1,,94,,,,,,,,,,,
w189,Jennifer’s Vineyard ,https://www.wine.com/product/product/hartford-court-four-hearts-chardonnay-2019/867118,Chardonnay,4,Russian River,$49.99,"Russian River, Sonoma County, California",867118,C/I: Long Tail,In Stock,PIN537955_2019,Jennifer’s Vineyard is named after co-proprietor Jennifer Hartford. ,Wine:Product Detail:Hartford Court Four Hearts Chardonnay 2019,NY,PA,USD,49.99,5,1,5,1,winery-image,2020-01-30T19:16:39+0000,750,14.7,,92,,,,,94,94,96,,,,
w190,The Corton Grancey Cuverie ,https://www.wine.com/product/product/louis-latour-chambertin-cuvee-heritiers-grand-cru-2019/982004,Pinot Noir,147,Gevrey-Chambertin,$689.99,"Gevrey-Chambertin, Cote de Nuits, Cote d'Or, Burgundy, France",982004,C/I: Long Tail,In Stock,TONLA38_19_2019,Construction of the Cuverie began in 1832 and it is where all of Domaine Louis Latour wines are made and aged. It is built over five levels into the hill which allows the entire winemaking process to be carried by gravity.,Wine:Product Detail:Louis Latour Chambertin Cuvee Heritiers Grand Cru 2019,NY,PA,USD,689.99,5,1,5,1,winery-image,2018-08-21T23:35:08+0000,750,14,99.0,96,,,,,97,95,,,,,
w191,Wine Barrels,https://www.wine.com/product/product/clos-apalta-2016/566844,Bordeaux Red Blends,50,Colchagua Valley,$114.99,"Colchagua Valley, Rapel Valley, Chile",566844,C/I: Long Tail,In Stock,CVY566844_2016,"In Clos Apalta Winery, each space is warmly illuminated, with sacred atmospheres that evoke the celestial vault and the constellation of the cross of the south, where the wine is permeated day by day from the elements delivered by the wood.",Wine:Product Detail:Clos Apalta 2016,NY,PA,USD,114.99,5,1,5,1,winery-image,2019-09-27T23:49:45+0000,750,15,99.0,94,,,,,,96,,,,,
w192,Chateau Valandraud Winery Image,https://www.wine.com/product/product/chateau-valandraud-2019/583878,Bordeaux Red Blends,27,St. Emilion,$169.99,"St. Emilion, Bordeaux, France",583878,C/I: Luxury BDX,In Stock,FNY583878_2019,Chateau Valandraud Winery Image,Wine:Product Detail:Chateau Valandraud 2019,NY,PA,USD,169.99,5,1,5,1,winery-image,2018-02-01T23:41:45+0000,750,15,98.0,95,,,,,100,96,99,,,,
w193,David Ramey in the Cellar,https://www.wine.com/product/product/ramey-russian-river-pinot-noir-2018/1124179,Pinot Noir,32,Russian River,$46.99,"Russian River, Sonoma County, California",1124179,C/I: Long Tail,In Stock,SKRUSRAM2218_2018,Ramey’s Cabernet Sauvignon follows the Bordelaise model of terroir-riven wines blending different Bordeaux varietals.,Wine:Product Detail:Ramey Russian River Pinot Noir 2018,NY,PA,USD,46.99,5,1,5,1,winery-image,2019-11-05T18:25:24+0000,750,14.5,,90,,,,,,93,94,,,,
w194,Montemasso Vineyards,https://www.wine.com/product/product/ruffino-riserva-ducale-oro-chianti-classico-gran-selezione-2018/1166487,Sangiovese,21,Chianti Classico,$37.99,"Chianti Classico, Chianti, Tuscany, Italy",1166487,C/I: KVI,In Stock,PIN542782_2018,Ruffino Montemasso Vineyards Winery Image,Wine:Product Detail:Ruffino Riserva Ducale Oro Chianti Classico Gran Selezione 2018,NY,PA,USD,37.99,5,1,5,1,winery-image,2018-03-30T22:57:54+0000,750,14.5,94.0,91,,,,,,,,,,,
w195,Map of Lapostolle Vineyards,https://www.wine.com/product/product/lapostolle-cuvee-alexandre-carmenere-2021/1228490,Carmenere,214,Colchagua Valley,$24.99,"Colchagua Valley, Rapel Valley, Chile",1228490,C/I: Long Tail,In Stock,WBO30298883_2021,Lapostolle Map of Lapostolle Vineyards Winery Image,Wine:Product Detail:Lapostolle Cuvee Alexandre Carmenere 2021,NY,PA,USD,24.99,5,1,5,1,winery-image,2019-03-21T19:43:29+0000,750,14.5,94.0,89,,,,,,91,,,,,
w196,Hand Sorting,https://www.wine.com/product/product/poggio-antico-brunello-di-montalcino-riserva-2016/929613,Sangiovese,534,Montalcino,$145.99,"Montalcino, Tuscany, Italy",929613,C/I: Long Tail,In Stock,TON83252_16_6PK_2016,"Low yields, together with hand pruning, harvest and selection, help to guarantee high quality production.",Wine:Product Detail:Poggio Antico Brunello di Montalcino Riserva 2016,NY,PA,USD,145.99,5,1,5,1,winery-image,2018-06-26T20:33:15+0000,750,15,96.0,97,,,,,,96,,,,,
w197,Owners Vincent and Tania Carême,https://www.wine.com/product/product/domaine-vincent-careme-vouvray-le-clos-2020/1349984,Chenin Blanc,209,Vouvray,$41.99,"Vouvray, Touraine, Loire, France",1349984,C/I: Long Tail,In Stock,PIN570476_2020,Domaine Vincent Careme Owners Vincent and Tania Carême Winery Image,Wine:Product Detail:Domaine Vincent Careme Vouvray Le Clos 2020,NY,PA,USD,41.99,5,1,,,winery-image,2020-04-07T16:33:37+0000,750,13.5,,91,,,,,,,,,93,,
w198,Bunan Winery,https://www.wine.com/product/product/domaines-bunan-bandol-mas-de-la-rouviere-rose-2021/1016286,Rosé,2012,Bandol,$24.99,"Bandol, Provence, South of France, France",1016286,C/I: Long Tail,In Stock,TON10720_21_2021,Domaines Bunan Bunan Winery Winery Image,Wine:Product Detail:Domaines Bunan Bandol Mas de la Rouviere Rose 2021,NY,PA,USD,24.99,5,1,5,1,winery-image,2020-05-29T22:32:03+0000,750,13.5,,90,90,,,,,,,,,,
w199,Casa Emma  Winery Image,https://www.wine.com/product/product/casa-emma-chianti-classico-2020/1265318,Sangiovese,122,Chianti Classico,$19.99,"Chianti Classico, Chianti, Tuscany, Italy",1265318,C/I: Long Tail,In Stock,SDPKK61291_2020,Casa Emma  Winery Image,Wine:Product Detail:Casa Emma Chianti Classico 2020,NY,PA,USD,19.99,5,1,,,winery-image,2020-02-26T16:14:16+0000,750,14,91.0,92,,,,,,,,,,,
w200,Backstage Tasting Lounge,https://www.wine.com/product/product/cliff-lede-stags-leap-district-cabernet-sauvignon-2019/1245953,Cabernet Sauvignon,522,Stags Leap District,$85.99,"Stags Leap District, Napa Valley, California",1245953,C/I: MAP,In Stock,WBO30299063_2019,Cliff Lede Vineyards Backstage Tasting Lounge Winery Image,Wine:Product Detail:Cliff Lede Stags Leap District Cabernet Sauvignon 2019,NY,PA,USD,85.99,5,1,,,winery-image,2018-09-12T21:52:47+0000,750,14.6,,95,,,,,,92,,,,,
w201,The Corton Grancey Cuverie ,https://www.wine.com/product/product/louis-latour-echezeaux-grand-cru-2019/1098413,Pinot Noir,48,Flagey-Echezeaux,$569.99,"Flagey-Echezeaux, Cote de Nuits, Cote d'Or, Burgundy, France",1098413,C/I: Long Tail,In Stock,TONLA155_19_2019,Construction of the Cuverie began in 1832 and it is where all of Domaine Louis Latour wines are made and aged. It is built over five levels into the hill which allows the entire winemaking process to be carried by gravity.,Wine:Product Detail:Louis Latour Echezeaux Grand Cru 2019,NY,PA,USD,569.99,5,1,5,1,winery-image,2018-08-21T23:35:08+0000,750,0,,95,,,,,,92,,,,,
w202,Cerretalto is the Backbone ,https://www.wine.com/product/product/casanova-di-neri-brunello-di-montalcino-white-label-2018/1228451,Sangiovese,2052,Montalcino,$79.99,"Montalcino, Tuscany, Italy",1228451,C/I: Popular,In Stock,WBO30299629_2018,"Their incredible and distinctive sangiovese grape, obtained from a massal clone selection in the Cerretalto Vineyard.J",Wine:Product Detail:Casanova di Neri Brunello di Montalcino White Label 2018,NY,PA,USD,79.99,5,1,,,winery-image,2021-02-26T18:29:46+0000,750,14.5,92.0,94,,91,,,,,,,93,,
w203,"La Grande Dame, the Glory of Pinot Noir",https://www.wine.com/product/product/veuve-clicquot-brut-rose-with-ice-jacket/820159,Sparkling Rosé,352,Champagne,$79.97,"Champagne, France",820159,C/I: KVI,In Stock,CGM54254_0,"More than 200 years ago, Madame Clicquot was already particularly fond of this grape variety. The predominance of Pinot Noir marks out the style of Veuve Clicquot, and has become the signature of the House.​",Wine:Product Detail:Veuve Clicquot Brut Rose with Ice Jacket,NY,PA,USD,79.97,5,1,,,winery-image,2022-07-19T00:16:26+0000,750,0,92.0,91,,92,,93,,,,,,,
w204,Chateau Leoville Las Cases Winery Image,https://www.wine.com/product/product/chateau-leoville-las-cases-2019/583758,Bordeaux Red Blends,90,St-Julien,$249.99,"St-Julien, Bordeaux, France",583758,C/I: Luxury BDX,In Stock,FNY583758_2019,Chateau Leoville Las Cases Winery Image,Wine:Product Detail:Chateau Leoville Las Cases 2019,NY,PA,USD,249.99,5,1,5,1,winery-image,2018-02-01T23:41:51+0000,750,14.02,98.0,98,,98,,,99,98,97,,97,,
w205,"Stephane Derenoncourt, Consultant",https://www.wine.com/product/product/chateau-fonplegade-2015/157795,Bordeaux Red Blends,103,St. Emilion,$53.99,"St. Emilion, Bordeaux, France",157795,C/I: Luxury BDX,In Stock,BANF157795_2015,"His winemaking philosophy aligns perfectly with that of Château Fonplégade, in that he believes that every living element should be taken into account and every detail from vine to glass is closely linked.",Wine:Product Detail:Chateau Fonplegade 2015,NY,PA,USD,53.99,5,1,5,1,winery-image,2019-07-08T22:01:25+0000,750,0,95.0,92,,92,,,,92,94,,,,
w206,Rudy Marchesi with BD500,https://www.wine.com/product/product/montinore-estate-red-cap-pinot-noir-2019/1184854,Pinot Noir,268,Willamette Valley,$19.99,"Willamette Valley, Oregon",1184854,C/I: Popular,In Stock,MSE408224_2019,BD500 is a treatment involved with Biodynamic® farming practices which involves cow manure being buried in cow horns which is later used as a fertilizer,Wine:Product Detail:Montinore Estate Red Cap Pinot Noir 2019,NY,PA,USD,19.99,5,1,5,1,winery-image,2020-05-28T06:17:37+0000,750,13.2,92.0,90,,,,,,,,,,,
w207,El Coto de Rioja Winery Image,https://www.wine.com/product/product/el-coto-coto-de-imaz-reserva-2017/1197591,Tempranillo,158,Rioja,$18.99,"Rioja, Spain",1197591,C/I: Popular,In Stock,OPI22264_2017,El Coto de Rioja Winery Image,Wine:Product Detail:El Coto Coto de Imaz Reserva 2017,NY,PA,USD,18.99,5,1,,,winery-image,2019-05-03T17:50:28+0000,750,0,92.0,90,,,,,,,,,,,
w208,Clos Cibonne  Winery Image,https://www.wine.com/product/product/clos-cibonne-rose-tradition-2021/1232781,Rosé,63,Cotes de Provence,$41.99,"Cotes de Provence, Provence, South of France, France",1232781,C/I: Long Tail,In Stock,DMECIB_TRAD21_2021,Clos Cibonne  Winery Image,Wine:Product Detail:Clos Cibonne Rose Tradition 2021,NY,PA,USD,41.99,5,1,,,winery-image,2022-11-17T22:44:06+0000,750,13.5,,91,,,,,,,,,,,
w209,Oak Barrels,https://www.wine.com/product/product/beaulieu-vineyard-rutherford-reserve-cabernet-sauvignon-2019/997525,Cabernet Sauvignon,66,Rutherford,$77.99,"Rutherford, Napa Valley, California",997525,C/I: Popular,In Stock,CGM54159_2019,Beaulieu Vineyard Oak Barrels Winery Image,Wine:Product Detail:Beaulieu Vineyard Rutherford Reserve Cabernet Sauvignon 2019,NY,PA,USD,77.99,5,1,5,1,winery-image,2018-12-19T23:42:10+0000,750,14.9,95.0,92,,,,,94,90,93,,,,
w210,Gosset Winery Image,https://www.wine.com/product/product/gosset-grande-reserve-brut/26787,Non-Vintage Sparkling Wine,118,Champagne,$56.99,"Champagne, France",26787,C/I: Long Tail,In Stock,WDW100003201024NV_0,Gosset Winery Image,Wine:Product Detail:Gosset Grande Reserve Brut,NY,PA,USD,56.99,5,1,5,1,winery-image,2019-06-03T16:35:34+0000,750,12,92.0,93,,94,,,91,,90,,,,
w211,Baron Albert Frère and Bernard Arnault,https://www.wine.com/product/product/chateau-cheval-blanc-2017/422659,Bordeaux Red Blends,5,St. Emilion,$649.99,"St. Emilion, Bordeaux, France",422659,C/I: Luxury BDX,In Stock,BAN422659_2017,"Two old friends and lovers of great wine, joined forces to became the owners of this fabled Chateau in Saint-Emilion. They injected a dynamic new spirit, while respecting the Chateau's history and existing facilities. ",Wine:Product Detail:Chateau Cheval Blanc 2017,NY,PA,USD,649.99,5,1,,,winery-image,2018-10-18T17:08:04+0000,750,13.5,97.0,96,,96,,,95,91,96,,,,
w212,Ruben Avila - Cellar Master,https://www.wine.com/product/product/crossbarn-sonoma-coast-pinot-noir-2019/801372,Pinot Noir,604,Sonoma Coast,$34.99,"Sonoma Coast, Sonoma County, California",801372,C/I: MAP,In Stock,PIN545912_2019,Crossbarn Ruben Avila - Cellar Master Winery Image,Wine:Product Detail:Crossbarn Sonoma Coast Pinot Noir 2019,NY,PA,USD,34.99,5,1,5,1,winery-image,2019-10-17T16:46:28+0000,750,14.1,92.0,90,,,,,,94,91,,,,
w214,Sottimano Barrel Room,https://www.wine.com/product/product/sottimano-barbaresco-fausoni-2018/770649,Nebbiolo,7,Barbaresco,$79.99,"Barbaresco, Piedmont, Italy",770649,C/I: Long Tail,In Stock,SKRITSOT2018_2018,Sottimano Sottimano Barrel Room Winery Image,Wine:Product Detail:Sottimano Barbaresco Fausoni 2018,NY,PA,USD,79.99,5,1,,,winery-image,2020-09-15T20:43:18+0000,750,14,,92,,,,93,95,94,92,,,,
w215,Maison Brotte Tanks,https://www.wine.com/product/product/maison-brotte-creation-grosset-cairanne-2019/1158067,Rhone Red Blends,2402,Cotes du Rhone Villages,$15.99,"Cotes du Rhone Villages, Rhone, France",1158067,C/I: Long Tail,In Stock,TON12886_19_2019,"With a perfect blend of traditional and modern techniques, Maison Brotte produces balanced and complex wines that are consistently highly rated by the wine industries top publications.",Wine:Product Detail:Maison Brotte Creation Grosset Cairanne 2019,NY,PA,USD,15.99,5,1,5,1,winery-image,2020-06-23T15:49:30+0000,750,14.5,,90,,90,,,90,,,,,,
w216,Kanonkop Winery Image,https://www.wine.com/product/product/kanonkop-pinotage-2019/865017,Pinotage,211,Stellenbosch,$43.99,"Stellenbosch, South Africa",865017,C/I: Long Tail,In Stock,PIN539351_2019,"The fourth generation family farm, presently run by brothers Johann (pictured here) and Paul Krige, has been owned and operated by the Sauer-Krige family since the early 1930s.",Wine:Product Detail:Kanonkop Pinotage 2019,NY,PA,USD,43.99,5,1,5,1,winery-image,2019-11-06T22:51:50+0000,750,14.95,93.0,90,,,,,,93,,,90,,
w217,Baron Philippe de Rothschild Escudo Rojo Winery Image,https://www.wine.com/product/product/baron-philippe-de-rothschild-escudo-rojo-carmenere-reserva-2021/1254041,Carmenere,2437,Colchagua Valley,$18.99,"Colchagua Valley, Rapel Valley, Chile",1254041,C/I: Long Tail,In Stock,TON99188_21_2021,Baron Philippe de Rothschild Escudo Rojo Winery Image,Wine:Product Detail:Baron Philippe de Rothschild Escudo Rojo Carmenere Reserva 2021,NY,PA,USD,18.99,5,1,5,1,winery-image,2020-03-17T19:12:42+0000,750,14,92.0,90,90,,,,,,,,,,
w218,Fabrizio Bianchi,https://www.wine.com/product/product/castello-di-monsanto-il-poggio-chianti-classico-gran-selezione-2017/1051689,Sangiovese,7,Chianti Classico,$94.99,"Chianti Classico, Chianti, Tuscany, Italy",1051689,C/I: Long Tail,In Stock,PIN546377_2017,Castello di Monsanto Fabrizio Bianchi Winery Image,Wine:Product Detail:Castello di Monsanto Il Poggio Chianti Classico Gran Selezione 2017,NY,PA,USD,94.99,5,1,5,1,winery-image,2020-04-14T19:15:03+0000,750,14,97.0,95,,,,,,93,95,,,,
w219,Taittinger's Château de la Marquetterie,https://www.wine.com/product/product/taittinger-brut-prestige-rose/13779,Sparkling Rosé,105,Champagne,$89.99,"Champagne, France",13779,C/I: Long Tail,In Stock,CGM74667_0,Champagne Taittinger Taittinger's Château de la Marquetterie Winery Image,Wine:Product Detail:Taittinger Brut Prestige Rose,NY,PA,USD,89.99,5,1,5,1,winery-image,2020-09-11T20:08:28+0000,750,12.5,92.0,90,,91,,,,91,90,,,,
w220,Cathy and her husband at their winery,https://www.wine.com/product/product/corison-cabernet-sauvignon-2019/1150454,Cabernet Sauvignon,27,St. Helena,$119.99,"St. Helena, Napa Valley, California",1150454,C/I: MAP,In Stock,SKRUSCOR2019_2019,Corison Wines Cathy and her husband at their winery Winery Image,Wine:Product Detail:Corison Cabernet Sauvignon 2019,NY,PA,USD,119.99,5,1,,,winery-image,2020-08-24T19:02:49+0000,750,13.8,94.0,94,,,,96,96,93,92,,,,
w221,"Sashi Moorman, Partner and Winemaker",https://www.wine.com/product/product/sandhi-sta-rita-hills-chardonnay-2021/1185577,Chardonnay,18,Sta. Rita Hills,$34.99,"Sta. Rita Hills, Santa Barbara, Central Coast, California",1185577,C/I: Long Tail,In Stock,SKRUSSDH1121_2021,"Sandhi Sashi Moorman, Partner and Winemaker Winery Image",Wine:Product Detail:Sandhi Sta. Rita Hills Chardonnay 2021,NY,PA,USD,34.99,5,1,,,winery-image,2020-07-10T17:15:41+0000,750,12.8,94.0,92,,,,,,,,,,,
w222,Chardonnay Vineyards,https://www.wine.com/product/product/laurent-perrier-cuvee-rose-limited-edition-bamboo-cage/1201838,Sparkling Rosé,178,Champagne,$99.99,"Champagne, France",1201838,C/I: Long Tail,In Stock,WBO30299741_0,Chardonnay Vineyards at the Laurent-Perrier Domaine in Tours-sur-Marne,Wine:Product Detail:Laurent-Perrier Cuvee Rose (Limited Edition Bamboo Cage),NY,PA,USD,99.99,5,1,,,winery-image,2018-11-14T00:43:19+0000,750,12,,92,,91,,,,,92,,,,
w223,Chateau Pape Clement,https://www.wine.com/product/product/chateau-pape-clement-2016/202494,Bordeaux Red Blends,27,Pessac-Leognan,$119.99,"Pessac-Leognan, Bordeaux, France",202494,C/I: Luxury BDX,In Stock,FNY202494_2016,"Château Pape Clément derives its name from Bertrand de Goth, who in 1305 became Pope Clément V.",Wine:Product Detail:Chateau Pape Clement 2016,NY,PA,USD,119.99,5,1,5,1,winery-image,2018-04-25T18:27:49+0000,750,14,98.0,96,,95,,,95,96,97,,,94,
w224,The Cellars,https://www.wine.com/product/product/chateau-mouton-rothschild-2015/153460,Bordeaux Red Blends,9,Pauillac,$759.99,"Pauillac, Bordeaux, France",153460,C/I: Luxury BDX,In Stock,FNY153460_2015,"The cellars at Mouton Rothschild comprise a bottle cellar, a reserve and the second-year cellar. The former contains about 120,000 bottles from exchanges between Mouton Rothschild and the greatest Bordeaux châteaux. The oldest bottle dates back to 1859.",Wine:Product Detail:Chateau Mouton Rothschild 2015,NY,PA,USD,759.99,5,1,5,1,winery-image,2018-11-07T22:55:11+0000,750,14,99.0,96,,98,,,98,98,99,,,,
w225,Winery Great Hall,https://www.wine.com/product/product/joseph-phelps-insignia-2019/1272715,Bordeaux Red Blends,21,Napa Valley,$329.97,"Napa Valley, California",1272715,C/I: MAP,In Stock,CGM56978_2019,"A recent renovation of the original winery building repurposed the interior spaces to include a Great Hall, six well-appointed private tasting areas, a library of of older vintages, a barrel room and a state-of-the-art kitchen.",Wine:Product Detail:Joseph Phelps Insignia 2019,NY,PA,USD,329.97,5,1,,,winery-image,2018-03-27T17:37:39+0000,750,14.5,,94,,,,,94,96,99,,,,
w226,Monte Bello ,https://www.wine.com/product/product/ridge-lytton-springs-red-blend-2020/1137898,Other Red Blends,103,Dry Creek Valley,$49.99,"Dry Creek Valley, Sonoma County, California",1137898,C/I: KVI,In Stock,WLD19226_2020,Ridge Monte Bello  Winery Image,Wine:Product Detail:Ridge Lytton Springs Red Blend 2020,NY,PA,USD,49.99,5,1,5,1,winery-image,2020-03-12T22:18:34+0000,750,14.6,95.0,93,,95,,,97,,,,,,
w227,Charles Philipponnat,https://www.wine.com/product/product/philipponnat-royale-reserve-brut/21442,Non-Vintage Sparkling Wine,127,Champagne,$68.99,"Champagne, France",21442,C/I: Long Tail,In Stock,BJWBJ01223_0,Philipponnat Charles Philipponnat Winery Image,Wine:Product Detail:Philipponnat Royale Reserve Brut,NY,PA,USD,68.99,5,1,5,1,winery-image,2020-08-12T17:21:04+0000,750,12,92.0,92,,92,,,94,91,90,,,,
w228,Chateau Latour Barrel Room,https://www.wine.com/product/product/chateau-latour-1996/30835,Bordeaux Red Blends,17,Pauillac,"$1,214.99","Pauillac, Bordeaux, France",30835,C/I: Luxury BDX,In Stock,ZWA30835_1996,Chateau Latour Chateau Latour Barrel Room Winery Image,Wine:Product Detail:Chateau Latour 1996,NY,PA,USD,1214.99,5,1,,,winery-image,2023-03-02T19:01:44+0000,750,0,,96,,,,,,95,,,,,
w229,Schramsberg,https://www.wine.com/product/product/schramsberg-brut-rose-2019/1177182,Sparkling Rosé,486,North Coast,$46.99,"North Coast, California",1177182,C/I: Exception,In Stock,WDW10000620302619_2019,Schramsberg is a registered historic landmark.,Wine:Product Detail:Schramsberg Brut Rose 2019,NY,PA,USD,46.99,5,1,,,winery-image,2020-12-21T22:17:02+0000,750,13,,92,,,,,93,,,,,,
w230,Winery Owner Virginie Saverys,https://www.wine.com/product/product/avignonesi-vino-nobile-di-montepulciano-2018/1163897,Sangiovese,1243,Montepulciano,$23.99,"Montepulciano, Tuscany, Italy",1163897,C/I: Popular,In Stock,WBO30294742_2018,Winery owner Virginie Saverys and her partner Max De Zarobe.,Wine:Product Detail:Avignonesi Vino Nobile di Montepulciano 2018,NY,PA,USD,23.99,5,1,5,1,winery-image,2022-03-14T15:13:50+0000,750,14,92.0,91,,,,,,,,,,,
w231,Chateau Latour Barrel Room,https://www.wine.com/product/product/chateau-latour-1-bottle-in-owc-2014/955310,Bordeaux Red Blends,8,Pauillac,$599.97,"Pauillac, Bordeaux, France",955310,C/I: Luxury BDX,In Stock,FNY955310_2014,Chateau Latour Chateau Latour Barrel Room Winery Image,Wine:Product Detail:Chateau Latour (1 Bottle in OWC) 2014,NY,PA,USD,599.97,5,1,,,winery-image,2023-03-02T19:01:44+0000,750,13.5,99.0,97,,96,,,97,97,96,,,,
w232,Paul Hobbs  Winery Image,https://www.wine.com/product/product/paul-hobbs-russian-river-pinot-noir-2019/841853,Pinot Noir,961,Russian River,$68.99,"Russian River, Sonoma County, California",841853,C/I: MAP,In Stock,PIN539511_2019,Paul Hobbs and Jennie Murphy sampling freshly fermenting Pinot Noir during harvest,Wine:Product Detail:Paul Hobbs Russian River Pinot Noir 2019,NY,PA,USD,68.99,5,1,5,1,winery-image,2021-08-27T23:48:46+0000,750,0,93.0,91,,,,,92,93,94,,,,
w233,Louis Pommery  Winery Image,https://www.wine.com/product/product/louis-pommery-rose-brut-california/657437,Sparkling Rosé,152,California,$28.99,California,657437,C/I: Long Tail,In Stock,PIN971892_0,Louis Pommery  Winery Image,Wine:Product Detail:Louis Pommery Rose Brut California,NY,PA,USD,28.99,5,1,5,1,winery-image,2021-04-20T22:15:04+0000,750,12.5,,90,,,,,91,,,,,,
w234,Reserve Pinot Noir bottle with glasses,https://www.wine.com/product/product/stoller-willamette-valley-pinot-noir-2021/1186125,Pinot Noir,33,Dundee Hills,$22.99,"Dundee Hills, Willamette Valley, Oregon",1186125,C/I: Popular,In Stock,OPI25284_2021,Stoller Family Estate Reserve Pinot Noir bottle with glasses Winery Image,Wine:Product Detail:Stoller Willamette Valley Pinot Noir 2021,NY,PA,USD,22.99,5,1,5,1,winery-image,2019-03-22T21:09:09+0000,750,13.5,91.0,91,,,,,,,,,,,
w235,Seven Springs Vineyard ,https://www.wine.com/product/product/evening-land-seven-springs-vineyard-pinot-noir-2021/1058280,Pinot Noir,223,Eola-Amity Hills,$39.99,"Eola-Amity Hills, Willamette Valley, Oregon",1058280,C/I: Exception,In Stock,SKRUSEVE2021_2021,"Seven Springs' eastern exposure ensures the vineyard awakens to the warmth of the morning sun. The vineyard's position opposite the windy Van Duzer Corridor, mitigates hot, sunny afternoons in the Willamette Valley with cool winds from the Pacific.",Wine:Product Detail:Evening Land Seven Springs Vineyard Pinot Noir 2021,NY,PA,USD,39.99,5,1,5,1,winery-image,2020-06-21T20:18:47+0000,750,13.1,93.0,94,,,,,,,,,,,
w236,Valdicava Winery Image,https://www.wine.com/product/product/valdicava-brunello-di-montalcino-2017/1036091,Sangiovese,118,Montalcino,$149.99,"Montalcino, Tuscany, Italy",1036091,C/I: MAP,In Stock,VEA1036091_2017,Valdicava Winery Image,Wine:Product Detail:Valdicava Brunello di Montalcino 2017,NY,PA,USD,149.99,5,1,5,1,winery-image,2018-02-01T23:41:41+0000,750,14.5,95.0,91,,,,,,94,,,,,
w237,Winemaker Matt Tilby ,https://www.wine.com/product/product/penley-estate-phoenix-cabernet-sauvignon-2020/784232,Cabernet Sauvignon,38,Coonawarra,$17.99,"Coonawarra, South Australia, Australia",784232,C/I: Popular,In Stock,WLD16987_2020,Penley Estate Winemaker Matt Tilby  Winery Image,Wine:Product Detail:Penley Estate Phoenix Cabernet Sauvignon 2020,NY,PA,USD,17.99,5,1,5,1,winery-image,2018-09-07T23:33:46+0000,750,14,92.0,93,,,,,90,,,,,,
w238,Winemaker Matt Crafton,https://www.wine.com/product/product/chateau-montelena-napa-valley-cabernet-sauvignon-2019/1069273,Cabernet Sauvignon,31,Napa Valley,$84.99,"Napa Valley, California",1069273,C/I: KVI,In Stock,VNT0070020019_01_2019,"Named Winemaker in 2014, Matt joined Chateau Montelena in 2008 as Assistant Winemaker after graduating from UC Davis and, armed with an Economics degree from the University of Virginia, brings a splash of finance to farming and fermentation.",Wine:Product Detail:Chateau Montelena Napa Valley Cabernet Sauvignon 2019,NY,PA,USD,84.99,5,1,5,1,winery-image,2018-09-22T22:55:12+0000,750,13.8,,90,,,,,,91,,,,,
w239,A New And Exciting Chapter For CHANDON,https://www.wine.com/product/product/chandon-brut-rose/312500,Sparkling Rosé,835,California,$24.99,California,312500,C/I: Popular,In Stock,CGM3993_0,"A new and exciting chapter for CHANDON, with a beautiful new identity that reflects the amazing quality of the wines. ",Wine:Product Detail:Chandon Brut Rose,NY,PA,USD,24.99,5,1,5,1,winery-image,2021-07-23T22:04:50+0000,750,12,,90,92,,,,90,,,,,,
w240,Chateau Canon Cellar,https://www.wine.com/product/product/chateau-canon-2017/422643,Bordeaux Red Blends,10,St. Emilion,$119.99,"St. Emilion, Bordeaux, France",422643,C/I: Luxury BDX,In Stock,CVY422643_2017,"Chateau Canon Cellar was originally built in 1760 shortly after Jacques Kanon, frigate lieutenant and corsair for King Louis XV purchased the property from its original owner.",Wine:Product Detail:Chateau Canon 2017,NY,PA,USD,119.99,5,1,5,1,winery-image,2023-04-04T22:55:00+0000,750,14,95.0,94,,95,,,95,96,97,,,,
w241,Joel Gott Winery Image,https://www.wine.com/product/product/joel-gott-sauvignon-blanc-2022/1312949,Sauvignon Blanc,648,California,$14.99,California,1312949,C/I: KVI,In Stock,PIN584219_2022,Joel Gott Winery Image,Wine:Product Detail:Joel Gott Sauvignon Blanc 2022,NY,PA,USD,14.99,5,1,,,winery-image,2018-07-12T21:42:03+0000,750,13.9,,91,,,,,,,,,,,
w242,Chateau Haut-Batailley Winery Image,https://www.wine.com/product/product/chateau-haut-batailley-2019/583713,Bordeaux Red Blends,59,Pauillac,$59.99,"Pauillac, Bordeaux, France",583713,C/I: Luxury BDX,In Stock,FNY583713_2019,Chateau Haut-Batailley Winery Image,Wine:Product Detail:Chateau Haut-Batailley 2019,NY,PA,USD,59.99,5,1,,,winery-image,2018-02-01T23:41:51+0000,750,14.1,95.0,93,,92,,,,93,95,,95,,
w243,Robotic Lagar,https://www.wine.com/product/product/grahams-40-year-old-tawny-port/5975,Port,70,Douro,$249.99,"Douro, Portugal",5975,C/I: Long Tail,In Stock,PIN454808_0,Graham's Robotic Lagar Winery Image,Wine:Product Detail:Graham's 40 Year Old Tawny Port,NY,PA,USD,249.99,5,1,5,1,winery-image,2019-05-28T22:45:39+0000,750,20,96.0,96,,,,,94,,,,,,
w244,Haut -Brion Cellar,https://www.wine.com/product/product/chateau-haut-brion-2016/202370,Bordeaux Red Blends,53,Pessac-Leognan,$789.99,"Pessac-Leognan, Bordeaux, France",202370,C/I: Luxury BDX,In Stock,FNY202370_2016,Chateau Haut-Brion Haut -Brion Cellar Winery Image,Wine:Product Detail:Chateau Haut-Brion 2016,NY,PA,USD,789.99,5,1,5,1,winery-image,2018-10-24T18:22:44+0000,750,14,100.0,98,,100,,,100,100,98,,,,
w245,Heidsieck Monopole   Winery Image,https://www.wine.com/product/product/heidsieck-monopole-blue-top-brut/5900,Non-Vintage Sparkling Wine,919,Champagne,$44.99,"Champagne, France",5900,C/I: Long Tail,In Stock,PIN523616_0,"Established in 1785 by Florens-Louis Heidsieck in
Epernay, Heidsieck & Co. Monopole was one of the original
",Wine:Product Detail:Heidsieck Monopole Blue Top Brut,NY,PA,USD,44.99,5,1,5,1,winery-image,2022-05-03T16:23:51+0000,750,12.5,,90,,,,90,,,,,,,
w246,Beaune Greves Vigne de l'Enfant Jesus,https://www.wine.com/product/product/bouchard-pere-and-fils-beaune-greves-premier-cru-vigne-de-lenfant-jesus-2020/1234222,Pinot Noir,4,Beaune,$199.99,"Beaune, Cote de Beaune, Cote d'Or, Burgundy, France",1234222,C/I: Long Tail,In Stock,PIN561892_2020,"In 1791, after the French Revolution, when the Church properties were sold, Bouchard Père & Fils won the bid for this vineyard of almost 4 ha, situated in the heart of Beaune Grèves’ appellation, and still holds the exclusivity today.",Wine:Product Detail:Bouchard Pere & Fils Beaune Greves Premier Cru Vigne de l'Enfant Jesus 2020,NY,PA,USD,199.99,5,1,,,winery-image,2018-10-19T18:04:06+0000,750,13.5,94.0,94,,,93,,,94,,,,,
w247,"Red Mountain, Washington State",https://www.wine.com/product/product/canvasback-red-mountain-cabernet-sauvignon-2018/854943,Cabernet Sauvignon,122,Red Mountain,$38.99,"Red Mountain, Yakima Valley, Columbia Valley, Washington",854943,C/I: Exception,In Stock,PIN527300_2018,"The Red Mountain AVA is renowned for Cabernet Sauvignon, with ideal southwest-facing slopes and significant daytime to nighttime temperature swings, creating the perfect growing region for Cabernet Sauvignon.",Wine:Product Detail:Canvasback Red Mountain Cabernet Sauvignon 2018,NY,PA,USD,38.99,5,1,5,1,winery-image,2018-04-18T19:09:23+0000,750,15.1,92.0,91,,,,93,90,91,,,,,
w248,Meticulously Selected Wine Samples,https://www.wine.com/product/product/ornellaia-le-serre-nuove-2020/1050279,Bordeaux Red Blends,61,Tuscany,$70.99,"Tuscany, Italy",1050279,C/I: Long Tail,In Stock,VNT0550020020_01_2020,"The estate is dedicated to producing charming and opulent wines, full of Mediterranean character and finesse, reflecting the estate’s unique terroir in Bolgheri on the Tuscan coast.",Wine:Product Detail:Ornellaia Le Serre Nuove 2020,NY,PA,USD,70.99,5,1,5,1,winery-image,2019-11-06T20:14:36+0000,750,14.5,,92,,,,,,93,,,,,
w249,2021 Fleurie,https://www.wine.com/product/product/jean-paul-brun-domaine-des-terres-dorees-fleurie-2021/1217098,Gamay,204,Beaujolais,$32.99,"Beaujolais, Burgundy, France",1217098,C/I: Long Tail,In Stock,DBWDB0308_21_2021,"Jean-Paul Brun Domaine des Terres Dorees Fleurie 2021 from Beaujolais, Burgundy, France - Jean-Paul Brun Domaine des Terres Dorees Fleurie has aromas of red berries and subtle baking spices as well as velvety texture with bright acidity and classic, ...",Wine:Product Detail:Jean-Paul Brun Domaine des Terres Dorees Fleurie 2021,NY,PA,USD,32.99,5,1,,,,,750,13,,91,,,,,,,,,,,
w250,"Winemaker, Jim White",https://www.wine.com/product/product/cloudy-bay-te-koko-sauvignon-blanc-2020/1198157,Sauvignon Blanc,311,Marlborough,$84.99,"Marlborough, New Zealand",1198157,C/I: Long Tail,In Stock,CGM55181_2020,"Jim became the Cloudy Bay Technical Director, with oversight over both the viticulture and the winemaking aspects of the business. He is responsible for delivering the best wines of Marlborough, leveraging his viticultural expertise.",Wine:Product Detail:Cloudy Bay Te Koko Sauvignon Blanc 2020,NY,PA,USD,84.99,5,1,,,winery-image,2019-04-16T18:34:58+0000,750,13.75,95.0,94,,,,,,,,,,,
w251,Vineyards in Urville,https://www.wine.com/product/product/drappier-carte-dor-brut/515,Non-Vintage Sparkling Wine,1598,Champagne,$42.99,"Champagne, France",515,C/I: Popular,In Stock,WBO30233697_0,Drappier Vineyards in Urville Winery Image,Wine:Product Detail:Drappier Carte d'Or Brut,NY,PA,USD,42.99,5,1,5,1,winery-image,2018-03-12T22:48:24+0000,750,12,91.0,90,,,,,,91,91,,,,
w252,Barrels in steam,https://www.wine.com/product/product/marques-de-murrieta-rioja-reserva-2018/1179774,Tempranillo,629,Rioja,$31.99,"Rioja, Spain",1179774,C/I: Exception,In Stock,CGM52918_2018,Marques de Murrieta Barrels in steam Winery Image,Wine:Product Detail:Marques de Murrieta Rioja Reserva 2018,NY,PA,USD,31.99,5,1,5,1,winery-image,2018-08-16T22:50:16+0000,750,14,,91,,,,,,94,,,,,
w253,"Winemaker, Megan Gunderson Paredes",https://www.wine.com/product/product/hall-kathryn-hall-cabernet-sauvignon-2019/1041700,Cabernet Sauvignon,36,Napa Valley,$219.99,"Napa Valley, California",1041700,C/I: MAP,In Stock,WLD20085_2019,"Winemaker Megan Gunderson Paredes began her career in the Napa Valley in 2001, working as an intern at Robert Mondavi Winery. She refined her winemaking skills at Dominus under the mentorship of Christian Moueix.",Wine:Product Detail:Hall Kathryn Hall Cabernet Sauvignon 2019,NY,PA,USD,219.99,5,1,5,1,winery-image,2020-03-03T19:55:54+0000,750,15.2,,94,98,,,,,93,95,,,,
w254,Agricola Brandini Winery Image,https://www.wine.com/product/product/brandini-barolo-la-morra-2017/1163349,Nebbiolo,51,Barolo,$49.99,"Barolo, Piedmont, Italy",1163349,C/I: Long Tail,In Stock,TON83486_17_6PK_2017,Agricola Brandini Winery Image,Wine:Product Detail:Brandini Barolo La Morra 2017,NY,PA,USD,49.99,5,1,5,1,winery-image,2018-02-01T23:41:15+0000,750,15,,91,93,,,,93,,,,,,
w255,The Barrel Cellar,https://www.wine.com/product/product/chateau-cos-destournel-15-liter-magnum-2018/520419,Bordeaux Red Blends,1,St. Estephe,$454.99,"St. Estephe, Bordeaux, France",520419,C/I: Luxury BDX,In Stock,FNY520419_2016,"The imposing barrel cellar, with its glass and stone footbridge, provides a magnificent setting for fifteen hundred perfectly aligned wooden barrels. Its pure, contemporary lines and contrasting materials reveal themselves under gently emanating light.",Wine:Product Detail:Chateau Cos d'Estournel (1.5 Liter Magnum) 2018,NY,PA,USD,454.99,5,1,,,winery-image,2018-04-06T22:19:08+0000,1500,14.59,98.0,96,,97,,,96,98,98,,,,
w256,Barone Francesco Ricasoli,https://www.wine.com/product/product/barone-ricasoli-brolio-chianti-classico-riserva-2019/1155621,Sangiovese,2399,Chianti Classico,$28.99,"Chianti Classico, Chianti, Tuscany, Italy",1155621,C/I: Long Tail,In Stock,TON83560_19_2019,"Since 1993, Baron Francesco Ricasoli has been guiding this central Tuscan company in innovative challenges. This has been done with the deepest respect for his renowned ancestors who have made this territory great, Bettino Ricasoli first and foremost.",Wine:Product Detail:Barone Ricasoli Brolio Chianti Classico Riserva 2019,NY,PA,USD,28.99,5,1,5,1,winery-image,2019-02-14T22:28:42+0000,750,14.5,92.0,93,,,,,,,,,,,
w257,Champagne Armand de Brignac Winery Image,https://www.wine.com/product/product/armand-de-brignac-ace-of-spades-brut-gold-15-liter-magnum/120933,Non-Vintage Sparkling Wine,40,Champagne,$739.99,"Champagne, France",120933,C/I: Exception,In Stock,CGM52214_0,Champagne Armand de Brignac Winery Image,Wine:Product Detail:Armand de Brignac Ace of Spades Brut Gold (1.5 Liter Magnum),NY,PA,USD,739.99,5,1,5,1,winery-image,2018-02-01T23:41:38+0000,1500,12,,92,,95,,,91,93,,,,,93
w258,The cellars of Champagne Louis Roederer,https://www.wine.com/product/product/louis-roederer-cristal-brut-2014/941180,Vintage Sparkling Wine,347,Champagne,$369.97,"Champagne, France",941180,C/I: Long Tail,In Stock,CGM52561_2014,Louis Roederer The cellars of Champagne Louis Roederer Winery Image,Wine:Product Detail:Louis Roederer Cristal Brut 2014,NY,PA,USD,369.97,5,1,,,winery-image,2018-06-11T22:06:05+0000,750,12,97.0,98,97,95,,,97,96,98,,,,
w259,Casa Emma  Winery Image,https://www.wine.com/product/product/casa-emma-vignalparco-chianti-classico-riserva-2016/590134,Sangiovese,78,Chianti,$29.99,"Chianti, Tuscany, Italy",590134,C/I: Long Tail,In Stock,SDPKK35025_2016,Casa Emma  Winery Image,Wine:Product Detail:Casa Emma Vignalparco Chianti Classico Riserva 2016,NY,PA,USD,29.99,5,1,5,1,winery-image,2020-02-26T16:14:16+0000,750,14,93.0,91,,,,,91,92,,,,,
w260,Ruinart Winery Image,https://www.wine.com/product/product/ruinart-brut-rose-second-skin-gift-wrapped-bottle-15-liter-magnum/1353367,Sparkling Rosé,1,Champagne,$229.99,"Champagne, France",1353367,C/I: Exception,In Stock,CGM24680_0,"Over 125 feet below ground and almost 5 miles long, these unique caves are absent of vibration and offer optimal conditions for temperature, fermentation, and maturation.",Wine:Product Detail:Ruinart Brut Rose (Second Skin Gift Wrapped Bottle) (1.5 Liter Magnum),NY,PA,USD,229.99,5,1,,,winery-image,2018-07-26T19:41:56+0000,1500,0,92.0,95,,92,,92,,,,,,,
w261,The Corton Grancey Cuverie ,https://www.wine.com/product/product/louis-latour-corton-charlemagne-grand-cru-375ml-half-bottle-2020/1163314,Chardonnay,19,Aloxe-Corton,$169.99,"Aloxe-Corton, Cote de Beaune, Cote d'Or, Burgundy, France",1163314,C/I: Exception,In Stock,TONLA73C_20_2020,Construction of the Cuverie began in 1832 and it is where all of Domaine Louis Latour wines are made and aged. It is built over five levels into the hill which allows the entire winemaking process to be carried by gravity.,Wine:Product Detail:Louis Latour Corton-Charlemagne Grand Cru (375ML half-bottle) 2020,NY,PA,USD,169.99,5,1,5,1,winery-image,2018-08-21T23:35:08+0000,375,14,97.0,95,,,,,,92,,,,,
w262,Atlast Peak Viticulture,https://www.wine.com/product/product/pahlmeyer-jayson-cabernet-sauvignon-2019/1184266,Cabernet Sauvignon,75,Napa Valley,$89.99,"Napa Valley, California",1184266,C/I: MAP,In Stock,CGM55017_2019,Pahlmeyer Atlast Peak Viticulture Winery Image,Wine:Product Detail:Pahlmeyer Jayson Cabernet Sauvignon 2019,NY,PA,USD,89.99,5,1,5,1,winery-image,2021-01-28T22:45:57+0000,750,15.1,95.0,91,,,,,,92,93,,,,
w263,Original Founder Antonio Argiolas,https://www.wine.com/product/product/argiolas-costamolino-vermentino-2021/966182,Vermentino,706,Sardinia,$14.99,"Sardinia, Italy",966182,C/I: Popular,In Stock,WBO30292093_2021,Argiolas Original Founder Antonio Argiolas Winery Image,Wine:Product Detail:Argiolas Costamolino Vermentino 2021,NY,PA,USD,14.99,5,1,5,1,winery-image,2018-09-12T18:44:10+0000,750,13.5,,89,,,,,,,,,,,
w264,Vinification,https://www.wine.com/product/product/domaine-de-la-janasse-chateauneuf-du-pape-vieilles-vignes-2019/757730,Rhone Red Blends,37,Chateauneuf-du-Pape,$119.99,"Chateauneuf-du-Pape, Rhone, France",757730,C/I: Direct Import,In Stock,IPOPI_EC6249_2019,"Each plot, each tank is a different case and vinification must be adapted to the grapes and daily tastings. ",Wine:Product Detail:Domaine de la Janasse Chateauneuf-du-Pape Vieilles Vignes 2019,NY,PA,USD,119.99,5,1,5,1,winery-image,2018-08-30T19:35:34+0000,750,15.5,92.0,95,,97,,,98,98,97,,,,
w265,"Master Cellar Master, Guillaume Roffiaen",https://www.wine.com/product/product/nicolas-feuillatte-palmes-dor-grand-cuvee-with-gift-box-2008/695358,Vintage Sparkling Wine,132,Champagne,$199.97,"Champagne, France",695358,C/I: Long Tail,In Stock,PIN948780_2008,"Giullaume Roffiaen studied agricultural engineering and agribusiness which led his passion to Reims in 2002. Through his unstinting, meticulous approach, he was appointed Chief Winemaker in 2017 at Director and Director of Vines and Wines in 2018.",Wine:Product Detail:Nicolas Feuillatte Palmes d'Or Grand Cuvee with Gift Box 2008,NY,PA,USD,199.97,5,1,5,1,winery-image,2023-03-20T14:22:42+0000,750,12.5,95.0,93,,94,,,,,,,,,
w266,Owner Brigitte Rullier-Loussert,https://www.wine.com/product/product/chateau-dalem-2020/748189,Bordeaux Red Blends,830,Fronsac,$24.99,"Fronsac, Bordeaux, France",748189,C/I: Luxury BDX,In Stock,FNY748189_2020,Chateau Dalem Owner Brigitte Rullier-Loussert Winery Image,Wine:Product Detail:Chateau Dalem 2020,NY,PA,USD,24.99,5,1,,,winery-image,2020-02-12T21:14:13+0000,750,0,94.0,91,,91,,,,93,91,,94,,
w267,Vineyards in Urville,https://www.wine.com/product/product/drappier-brut-nature-andre-and-michel-pinot-noir-zero-dosage/137785,Non-Vintage Sparkling Wine,579,Champagne,$59.99,"Champagne, France",137785,C/I: Long Tail,In Stock,WBO30289803_0,Drappier Vineyards in Urville Winery Image,Wine:Product Detail:Drappier Brut Nature André & Michel Pinot Noir Zero Dosage,NY,PA,USD,59.99,5,1,5,1,winery-image,2018-03-12T22:48:24+0000,750,12,,90,,,91,,91,,,,,,
w268,Baroness Philippine with her Sons,https://www.wine.com/product/product/chateau-clerc-milon-2019/583629,Bordeaux Red Blends,5,Pauillac,$79.99,"Pauillac, Bordeaux, France",583629,C/I: Luxury BDX,In Stock,FNY583629_2019,"Her son, Philippe, has now succeeded her as Chairman of the family company’s Supervisory Board. Her other two children, Camille and Julien, work closely with the new chairman, all three united in their commitment to their mother’s work.",Wine:Product Detail:Chateau Clerc Milon 2019,NY,PA,USD,79.99,5,1,5,1,winery-image,2019-06-21T16:55:46+0000,750,13.5,96.0,93,,95,,,96,95,93,,,,
w269,Barone Francesco Ricasoli,https://www.wine.com/product/product/barone-ricasoli-brolio-chianti-classico-2020/1155625,Sangiovese,986,Chianti Classico,$23.99,"Chianti Classico, Chianti, Tuscany, Italy",1155625,C/I: Long Tail,In Stock,TON83559_20_2020,"Since 1993, Baron Francesco Ricasoli has been guiding this central Tuscan company in innovative challenges. This has been done with the deepest respect for his renowned ancestors who have made this territory great, Bettino Ricasoli first and foremost.",Wine:Product Detail:Barone Ricasoli Brolio Chianti Classico 2020,NY,PA,USD,23.99,5,1,5,1,winery-image,2019-02-14T22:28:42+0000,750,13.5,92.0,90,,,,,,90,,,,,
w270,Hand Sorting,https://www.wine.com/product/product/poggio-antico-brunello-di-montalcino-altero-2017/919769,Sangiovese,364,Montalcino,$84.99,"Montalcino, Tuscany, Italy",919769,C/I: Popular,In Stock,TON83251_17_6PK_2017,"Low yields, together with hand pruning, harvest and selection, help to guarantee high quality production.",Wine:Product Detail:Poggio Antico Brunello di Montalcino Altero 2017,NY,PA,USD,84.99,5,1,5,1,winery-image,2018-06-26T20:33:15+0000,750,14.5,94.0,94,,,,,,94,,,,,
w271,Chateau Pavie Macquin Winery Image,https://www.wine.com/product/product/chateau-pavie-macquin-2019/583824,Bordeaux Red Blends,22,St. Emilion,$79.99,"St. Emilion, Bordeaux, France",583824,C/I: Luxury BDX,In Stock,FNY583824_2019,Chateau Pavie Macquin Winery Image,Wine:Product Detail:Chateau Pavie Macquin 2019,NY,PA,USD,79.99,5,1,,,winery-image,2018-02-01T23:41:44+0000,750,14.5,97.0,95,,97,,,,96,96,,,,
w272,Francois Perrin,https://www.wine.com/product/product/chateau-de-beaucastel-chateauneuf-du-pape-2006/96977,Rhone Red Blends,38,Chateauneuf-du-Pape,$119.99,"Chateauneuf-du-Pape, Rhone, France",96977,C/I: Exception,In Stock,VBDBEA016006_2006,Chateau de Beaucastel Francois Perrin Winery Image,Wine:Product Detail:Chateau de Beaucastel Chateauneuf-du-Pape 2006,NY,PA,USD,119.99,5,1,5,1,winery-image,2018-03-01T18:20:49+0000,750,14.5,,95,,,,91,,95,94,,,,
w273,Don Melchor Vineyard in Puente Alto,https://www.wine.com/product/product/don-melchor-cabernet-sauvignon-2019/876609,Cabernet Sauvignon,256,Maipo Valley,$124.99,"Maipo Valley, Chile",876609,C/I: Exception,In Stock,CGM52173_2019,Don Melchor Don Melchor Vineyard in Puente Alto Winery Image,Wine:Product Detail:Don Melchor Cabernet Sauvignon 2019,NY,PA,USD,124.99,5,1,5,1,winery-image,2019-01-18T23:57:37+0000,750,14.5,98.0,94,95,,,,,93,,,96,,98
w274,Chief Winemaker Ian Hongell,https://www.wine.com/product/product/torbreck-the-struie-2020/1185159,Syrah/Shiraz,115,Barossa Valley,$55.99,"Barossa Valley, Barossa, South Australia, Australia",1185159,C/I: Long Tail,In Stock,OPI10132_2020,Torbreck Chief Winemaker Ian Hongell Winery Image,Wine:Product Detail:Torbreck The Struie 2020,NY,PA,USD,55.99,5,1,,,winery-image,2018-09-24T23:06:00+0000,750,15,98.0,92,,,,,93,95,,,,,
w275,Tornatore Barrels,https://www.wine.com/product/product/tornatore-pietrarizzo-etna-rosso-2019/1136909,Nerello Mascalese,26,Sicily,$38.99,"Sicily, Italy",1136909,C/I: Long Tail,In Stock,CGM55545_2019,"Tornatore blends artisan and modern winemaking to craft wines such as the Bianco and Rosso that display the full range of fruit and complex personality of Etna terroir, and single vineyard wines.",Wine:Product Detail:Tornatore Pietrarizzo Etna Rosso 2019,NY,PA,USD,38.99,5,1,5,1,winery-image,2020-08-10T16:12:26+0000,750,14.5,94.0,93,,,,,,,,,,,
w276,Las Amigas Vineyard,https://www.wine.com/product/product/domaine-carneros-brut-2019/1247206,Vintage Sparkling Wine,621,Carneros,$37.99,"Carneros, California",1247206,C/I: KVI,In Stock,CGM55767_2019,"Planted in 2017, 1/2 to Pinot Noir and 1/2 to Chardonnay. Located on the Western end of Las Amigas Road, the vines look right out at the San Pablo Bay and gleefully absorb the bay’s cool breezes that consistently blow through.",Wine:Product Detail:Domaine Carneros Brut 2019,NY,PA,USD,37.99,5,1,,,winery-image,2023-04-12T21:32:13+0000,750,12,91.0,93,,,,,,,,,,,
w277,2019,https://www.wine.com/product/product/chateau-les-carmes-haut-brion-2019/583764,Bordeaux Red Blends,1,Pessac-Leognan,$139.99,"Pessac-Leognan, Bordeaux, France",583764,C/I: Luxury BDX,In Stock,FNY583764_2019,"Chateau Les Carmes Haut Brion 2019 from Pessac-Leognan, Bordeaux, France - For this great vintage, Bordeaux and its climate imposed an important technical effort in the aesthetic quest for balance, in acontext where the need for interv...",Wine:Product Detail:Chateau Les Carmes Haut Brion 2019,NY,PA,USD,139.99,5,1,,,,,750,13.3,97.0,92,93,96,,,,96,98,,95,,
w278,Dutton Goldfield Vineyard,https://www.wine.com/product/product/dutton-goldfield-dutton-ranch-chardonnay-2019/981996,Chardonnay,34,Russian River,$38.99,"Russian River, Sonoma County, California",981996,C/I: Long Tail,In Stock,TON72344_19_2019,Dutton-Goldfield Dutton Goldfield Vineyard Winery Image,Wine:Product Detail:Dutton-Goldfield Dutton Ranch Chardonnay 2019,NY,PA,USD,38.99,5,1,5,1,winery-image,2018-04-16T16:58:21+0000,750,13.5,,90,,,,,,,,,,,
w279,Gauggiole Vineyard ,https://www.wine.com/product/product/castiglion-del-bosco-brunello-di-montalcino-2017/1043962,Sangiovese,661,Montalcino,$58.99,"Montalcino, Tuscany, Italy",1043962,C/I: Popular,In Stock,CGM53551_2017,"Located in the northern part of the estate, next to the golf course and just below one of Castiglion del Bosco's most sumptuous villas.",Wine:Product Detail:Castiglion del Bosco Brunello di Montalcino 2017,NY,PA,USD,58.99,5,1,5,1,winery-image,2020-07-10T16:02:19+0000,750,15,94.0,90,,91,,,,92,,,,,
w280,The King Estate Barrel Room,https://www.wine.com/product/product/king-estate-willamette-valley-pinot-noir-375ml-half-bottle-2019/776663,Pinot Noir,345,Willamette Valley,$16.99,"Willamette Valley, Oregon",776663,C/I: Exception,In Stock,WBO30284920_2019,King Estate The King Estate Barrel Room Winery Image,Wine:Product Detail:King Estate Willamette Valley Pinot Noir (375ML half-bottle) 2019,NY,PA,USD,16.99,5,1,5,1,winery-image,2018-08-10T19:45:06+0000,375,13.5,,91,,,,,,,,,,,
w281,Castello dei Rampolla Winery Image,https://www.wine.com/product/product/castello-dei-rampolla-dalceo-2018/1188812,Bordeaux Red Blends,28,Tuscany,$179.99,"Tuscany, Italy",1188812,C/I: Exception,In Stock,VIYITRMVG7518_2018,Castello dei Rampolla Winery Image,Wine:Product Detail:Castello dei Rampolla d'Alceo 2018,NY,PA,USD,179.99,5,1,,,winery-image,2018-02-01T23:41:41+0000,750,0,96.0,94,,,,,,,,,99,,
w282,The Barrel Cellar,https://www.wine.com/product/product/chateau-cos-destournel-2018/520418,Bordeaux Red Blends,30,St. Estephe,$219.99,"St. Estephe, Bordeaux, France",520418,C/I: Luxury BDX,In Stock,MCY520418_2018,"The imposing barrel cellar, with its glass and stone footbridge, provides a magnificent setting for fifteen hundred perfectly aligned wooden barrels. Its pure, contemporary lines and contrasting materials reveal themselves under gently emanating light.",Wine:Product Detail:Chateau Cos d'Estournel 2018,NY,PA,USD,219.99,5,1,5,1,winery-image,2018-04-06T22:19:08+0000,750,14.59,98.0,96,,97,,,96,98,98,,,,
w283,Aldo Conterno Castle,https://www.wine.com/product/product/aldo-conterno-romirasco-barolo-2018/1166565,Nebbiolo,3,Barolo,$289.99,"Barolo, Piedmont, Italy",1166565,C/I: Popular,In Stock - Last Call,SHR106861_2018,"Built in the 19th century, the castle is the historic home of the Conterno family.",Wine:Product Detail:Aldo Conterno Romirasco Barolo 2018,NY,PA,USD,289.99,5,1,,,winery-image,2018-07-20T23:27:55+0000,750,0,96.0,95,,,,,,,,,,,
w284,Txomin Etxaniz  Winery Image,https://www.wine.com/product/product/txomin-etxaniz-2022/1297402,Other White Wine,171,Txakolina,$21.99,"Txakolina, Spain",1297402,C/I: Long Tail,In Stock,WDW10500200102622_2022,Most of the vineyards are planted on pergolas that sit about 6 feet off the ground. This is a natural way to deal with the humidity pressures from being so close to the water and having a decent amount of rainfall.,Wine:Product Detail:Txomin Etxaniz 2022,NY,PA,USD,21.99,5,1,,,winery-image,2020-04-16T22:13:28+0000,750,11,,90,,,,,,,,,,,
w285,A Look Inside Bodega Colomé,https://www.wine.com/product/product/bodega-colome-torrontes-2022/1179695,Torrontes,193,Salta,$13.99,"Salta, Argentina",1179695,C/I: Popular,In Stock,CGM57612_2022,"Thanks to the altitude of the area, grapes generate adequate natural acidity so no additives are needed. The grape fruit is enhanced minimizing the use of wood to preserve the distinct flavor, the freshness, the intensity and natural robustness.",Wine:Product Detail:Bodega Colome Torrontes 2022,NY,PA,USD,13.99,5,1,,,winery-image,2019-09-27T22:02:04+0000,750,0,92.0,90,91,,,,,90,,,,,
w286,diatom  Winery Image,https://www.wine.com/product/product/diatom-santa-barbara-chardonnay-2022/1246654,Chardonnay,1200,Santa Barbara,$23.99,"Santa Barbara, Central Coast, California",1246654,C/I: Long Tail,In Stock,PIN587066_2022,diatom  Winery Image,Wine:Product Detail:diatom Santa Barbara Chardonnay 2022,NY,PA,USD,23.99,5,1,5,1,winery-image,2019-07-30T17:01:53+0000,750,14.5,,92,,,,,,,,,,,
w287,Ridgeline Vineyard Cabernet Sauvignon,https://www.wine.com/product/product/decoy-limited-napa-valley-red-2019/1179880,Other Red Blends,1226,Napa Valley,$28.99,"Napa Valley, California",1179880,C/I: Long Tail,In Stock,PIN546600_2019,This storied vineyard is important to our Decoy Sonoma Country Cabernet Sauvignon and Merlot imparting lush fruit and structured tannins to the wines.,Wine:Product Detail:Decoy Limited Napa Valley Red 2019,NY,PA,USD,28.99,5,1,5,1,winery-image,2018-04-18T19:20:08+0000,750,14.5,,91,,,,,91,,,,,,
w288,Adrianna Vineyard,https://www.wine.com/product/product/catena-appellation-lunlunta-malbec-2020/1233423,Malbec,8,Mendoza,$23.99,"Mendoza, Argentina",1233423,C/I: Long Tail,In Stock,WBO30290216_2020,"At almost 5,000 feet elevation. Adrianna Vineyard has been called the Grand Cru of South America.",Wine:Product Detail:Catena Appellation Lunlunta Malbec 2020,NY,PA,USD,23.99,5,1,,,winery-image,2019-03-12T20:40:03+0000,750,13.65,93.0,90,,,,,,92,,,,,
w289,"Master Cellar Master, Guillaume Roffiaen",https://www.wine.com/product/product/nicolas-feuillatte-reserve-exclusive-brut-375ml-half-bottle/144307,Non-Vintage Sparkling Wine,1201,Champagne,$24.99,"Champagne, France",144307,C/I: Exception,In Stock,PIN918096_0,"Giullaume Roffiaen studied agricultural engineering and agribusiness which led his passion to Reims in 2002. Through his unstinting, meticulous approach, he was appointed Chief Winemaker in 2017 at Director and Director of Vines and Wines in 2018.",Wine:Product Detail:Nicolas Feuillatte Reserve Exclusive Brut (375ML half-bottle),NY,PA,USD,24.99,5,1,5,1,winery-image,2023-03-20T14:22:42+0000,375,12,91.0,91,,,,,,,,,,,92
w290,Marco Bacci,https://www.wine.com/product/product/castello-di-bossi-chianti-classico-2019/877459,Sangiovese,3009,Chianti Classico,$17.99,"Chianti Classico, Chianti, Tuscany, Italy",877459,C/I: Popular,In Stock,WBO30286689_2019,Castello di Bossi Marco Bacci Winery Image,Wine:Product Detail:Castello di Bossi Chianti Classico 2019,NY,PA,USD,17.99,5,1,5,1,winery-image,2018-08-21T22:21:40+0000,750,14,92.0,90,,,,,92,,,,,,
w291,Barrel Room,https://www.wine.com/product/product/sandeman-20-year-old-tawny/1547,Port,131,Douro,$61.99,"Douro, Portugal",1547,C/I: Long Tail,In Stock,PIN50925_0,Sandeman Barrel Room Winery Image,Wine:Product Detail:Sandeman 20 Year Old Tawny,NY,PA,USD,61.99,5,1,5,1,winery-image,2018-10-17T22:34:43+0000,750,20,95.0,93,,94,,93,95,92,,,,,
w292,Fanti  Winery Image,https://www.wine.com/product/product/fanti-brunello-di-montalcino-2018/1110072,Sangiovese,36,Montalcino,$56.99,"Montalcino, Tuscany, Italy",1110072,C/I: Popular,In Stock,SHR107018_2018,Fanti  Winery Image,Wine:Product Detail:Fanti Brunello di Montalcino 2018,NY,PA,USD,56.99,5,1,,,winery-image,2020-06-11T22:21:37+0000,750,15,92.0,93,,,,,,93,,,,,
w293,Chardonnay Vineyards,https://www.wine.com/product/product/laurent-perrier-la-cuvee-brut-15-liter-magnum/330993,Non-Vintage Sparkling Wine,16,Champagne,$129.97,"Champagne, France",330993,C/I: Exception,In Stock,WBO30197277_0,Chardonnay Vineyards at the Laurent-Perrier Domaine in Tours-sur-Marne,Wine:Product Detail:Laurent-Perrier La Cuvee Brut (1.5 Liter Magnum),NY,PA,USD,129.97,5,1,5,1,winery-image,2018-11-14T00:43:19+0000,1500,12,,91,,,,,91,,91,,,,
w294,Otuwhero Estates  Winery Image,https://www.wine.com/product/product/otuwhero-estates-otu-limited-release-sauvignon-blanc-2021/1040712,Sauvignon Blanc,5,Marlborough,$27.99,"Marlborough, New Zealand",1040712,C/I: Long Tail,In Stock,WBO30290875_2021,The vineyards of OTUand the difference in slopes and climate differences of Marlborough.,Wine:Product Detail:Otuwhero Estates OTU Limited Release Sauvignon Blanc 2021,NY,PA,USD,27.99,5,1,5,1,winery-image,2022-05-27T22:38:49+0000,750,13,,92,,,,,90,,,,,,
w295,The Church in Tenuta San Leonardo,https://www.wine.com/product/product/tenuta-san-leonardo-san-leonardo-2017/1018911,Bordeaux Red Blends,226,Trentino-Alto Adige,$104.99,"Trentino-Alto Adige, Italy",1018911,C/I: Long Tail,In Stock,VIYITGZSLE7517_2017,Tenuta San Leonardo The Church in Tenuta San Leonardo Winery Image,Wine:Product Detail:Tenuta San Leonardo San Leonardo 2017,NY,PA,USD,104.99,5,1,,,winery-image,2020-04-17T21:28:09+0000,750,13,94.0,93,,95,,,,95,,,,,
w296,Louisa Rose. Chief Winemaker,https://www.wine.com/product/product/yalumba-samuels-collection-bush-vine-grenache-2020/1006183,Grenache,260,Barossa,$19.99,"Barossa, South Australia, Australia",1006183,C/I: Long Tail,In Stock,WBO30286611_2020,Yalumba Louisa Rose. Chief Winemaker Winery Image,Wine:Product Detail:Yalumba Samuel's Collection Bush Vine Grenache 2020,NY,PA,USD,19.99,5,1,5,1,winery-image,2018-05-02T18:14:15+0000,750,14,93.0,90,,,,,92,,,,,,
w297,Blanc de Craie Brut,https://www.wine.com/product/product/champagne-henri-giraud-blanc-de-craie-brut/1086899,Non-Vintage Sparkling Wine,47,Champagne,$99.99,"Champagne, France",1086899,C/I: Long Tail,In Stock,BAR552_0,"Champagne Henri Giraud Blanc de Craie Brut from Champagne, France - ...",Wine:Product Detail:Champagne Henri Giraud Blanc de Craie Brut,NY,PA,USD,99.99,5,1,,,,,750,12,94.0,91,,,,,,,,,,,
w298,Canoe Ridge Estates,https://www.wine.com/product/product/chateau-ste-michelle-columbia-valley-sauvignon-blanc-2021/964850,Sauvignon Blanc,1210,Columbia Valley,$10.99,"Columbia Valley, Washington",964850,C/I: Popular,In Stock,PIN512979_2021,"Canoe Ridge Estates wines have earned scores of 90 or higher on more than 40 of their wines; Chardonnay, Cabernet Sauvignon and Merlot have received Wine Spectator “Top 100” honors.",Wine:Product Detail:Chateau Ste. Michelle Columbia Valley Sauvignon Blanc 2021,NY,PA,USD,10.99,5,1,5,1,winery-image,2022-12-21T23:37:04+0000,750,12.5,,89,89,,,,,,,,,,
w299,"Winemaker, Megan Gunderson Paredes",https://www.wine.com/product/product/hall-napa-valley-cabernet-sauvignon-2019/1166557,Cabernet Sauvignon,370,Napa Valley,$64.99,"Napa Valley, California",1166557,C/I: Popular,In Stock,WLD20279_2019,"Winemaker Megan Gunderson Paredes began her career in the Napa Valley in 2001, working as an intern at Robert Mondavi Winery. She refined her winemaking skills at Dominus under the mentorship of Christian Moueix.",Wine:Product Detail:Hall Napa Valley Cabernet Sauvignon 2019,NY,PA,USD,64.99,5,1,5,1,winery-image,2020-03-03T19:55:54+0000,750,15.1,,90,,,,,,90,91,,,,
w300,Brick House  Winery Image,https://www.wine.com/product/product/brick-house-select-pinot-noir-2021/1140477,Pinot Noir,30,Ribbon Ridge,$46.99,"Ribbon Ridge, Willamette Valley, Oregon",1140477,C/I: Long Tail,In Stock,SKRUSBHW0121_2021,Brick House  Winery Image,Wine:Product Detail:Brick House Select Pinot Noir 2021,NY,PA,USD,46.99,5,1,5,1,winery-image,2018-12-07T01:42:26+0000,750,12.5,,93,,,,,,,,,,,
w301,Quinta do Crasto Estate Entrance,https://www.wine.com/product/product/quinta-do-crasto-douro-red-2018/1256603,Other Red Blends,812,Douro,$18.99,"Douro, Portugal",1256603,C/I: Popular,In Stock,TON97216_18_2018,Quinta do Crasto Quinta do Crasto Estate Entrance Winery Image,Wine:Product Detail:Quinta do Crasto Douro Red 2018,NY,PA,USD,18.99,5,1,5,1,winery-image,2020-02-03T21:08:37+0000,750,14.5,,90,,,,,,,,,,,
w302,Quinta de Vargellas at Night,https://www.wine.com/product/product/taylor-fladgate-10-year-old-tawny/1560,Port,610,Douro,$29.99,"Douro, Portugal",1560,C/I: KVI,In Stock,CGM91618_0,Taylor Fladgate Quinta de Vargellas at Night Winery Image,Wine:Product Detail:Taylor Fladgate 10 Year Old Tawny,NY,PA,USD,29.99,5,1,5,1,winery-image,2020-09-16T17:10:16+0000,750,20,93.0,90,,,,,90,93,,,,,
w303,Tenuta di Bibbiano Winery Image,https://www.wine.com/product/product/bibbiano-chianti-classico-riserva-2019/1133009,Sangiovese,48,Chianti Classico,$25.99,"Chianti Classico, Chianti, Tuscany, Italy",1133009,C/I: Long Tail,In Stock,SHR106931_2019,Inside of Bibbiano Winery (old vintage library).,Wine:Product Detail:Bibbiano Chianti Classico Riserva 2019,NY,PA,USD,25.99,5,1,5,1,winery-image,2020-04-22T22:58:31+0000,750,14.5,93.0,91,,,,,,92,,,,,
w304,Royal Tokaji Region Map,https://www.wine.com/product/product/royal-tokaji-5-puttonyos-red-label-500ml-2017/930895,Other Dessert,70,Hungary,$64.99,Hungary,930895,C/I: Exception,In Stock,WDW10000600851817_2017,Royal Tokaji Wine Company Royal Tokaji Region Map Winery Image,Wine:Product Detail:Royal Tokaji 5 Puttonyos (Red Label) (500ML) 2017,NY,PA,USD,64.99,5,1,5,1,winery-image,2019-11-08T20:43:19+0000,500,11,95.0,93,,,,92,,,,,,,
w305,Schramsberg,https://www.wine.com/product/product/schramsberg-blanc-de-noirs-2019/1121468,Vintage Sparkling Wine,97,North Coast,$39.99,"North Coast, California",1121468,C/I: KVI,In Stock,WDW10000620202619_2019,Schramsberg is a registered historic landmark.,Wine:Product Detail:Schramsberg Blanc de Noirs 2019,NY,PA,USD,39.99,5,1,5,1,winery-image,2020-12-21T22:17:02+0000,750,12.8,,92,,,,,94,,,,,,
w306,The Planeta Family,https://www.wine.com/product/product/planeta-cerasuolo-di-vittoria-2020/988058,Other Red Blends,234,Sicily,$22.99,"Sicily, Italy",988058,C/I: Long Tail,In Stock,EDV110102_2020_2020,Planeta The Planeta Family Winery Image,Wine:Product Detail:Planeta Cerasuolo di Vittoria 2020,NY,PA,USD,22.99,5,1,5,1,winery-image,2021-05-17T20:11:51+0000,750,13,,92,,,,91,,,,,,,
w307,Lucien Le Moine Barrel Room,https://www.wine.com/product/product/lucien-le-moine-clos-de-vougeot-grand-cru-2016/563775,Pinot Noir,8,Vougeot,$399.99,"Vougeot, Cote de Nuits, Cote d'Or, Burgundy, France",563775,C/I: Exception,In Stock,VNT02804716_03_2016,Lucien Le Moine Lucien Le Moine Barrel Room Winery Image,Wine:Product Detail:Lucien Le Moine Clos de Vougeot Grand Cru 2016,NY,PA,USD,399.99,5,1,,,winery-image,2020-09-17T17:53:37+0000,750,0,,94,,,95,,,,,,,,
w308,Schramsberg,https://www.wine.com/product/product/schramsberg-mirabelle-brut-rose/13649,Sparkling Rosé,291,California,$31.99,California,13649,C/I: KVI,In Stock,WDW100006402026NV_0,Schramsberg is a registered historic landmark.,Wine:Product Detail:Schramsberg Mirabelle Brut Rose,NY,PA,USD,31.99,5,1,5,1,winery-image,2020-12-21T22:17:02+0000,750,12.8,,90,,,,,91,,,,,,
w309,The Cellar,https://www.wine.com/product/product/chateau-de-vaudieu-chateauneuf-du-pape-amiral-g-2019/758020,Rhone Red Blends,25,Chateauneuf-du-Pape,$99.99,"Chateauneuf-du-Pape, Rhone, France",758020,C/I: Direct Import,In Stock,KNYDV_20002_19_2019,Chateau de Vaudieu The Cellar Winery Image,Wine:Product Detail:Chateau de Vaudieu Chateauneuf-du-Pape Amiral G 2019,NY,PA,USD,99.99,5,1,,,winery-image,2018-09-19T21:17:23+0000,750,0,,94,,,,,,94,99,,,,
w310,Lotus Vineyard,https://www.wine.com/product/product/dana-estates-hershey-vineyard-cabernet-sauvignon-2019/1157520,Cabernet Sauvignon,1,Howell Mountain,$799.99,"Howell Mountain, Napa Valley, California",1157520,C/I: MAP,In Stock,CGM52724_2019,Dana Estates Lotus Vineyard Winery Image,Wine:Product Detail:Dana Estates Hershey Vineyard Cabernet Sauvignon 2019,NY,PA,USD,799.99,5,1,,,winery-image,2020-05-20T05:23:24+0000,750,15.8,99.0,93,,,,,,99,99,,98,,
w311,Anna & Giuseppe Bianchini,https://www.wine.com/product/product/ciacci-piccolomini-daragona-brunello-di-montalcino-2018/1249561,Sangiovese,37,Montalcino,$63.99,"Montalcino, Tuscany, Italy",1249561,C/I: Popular,In Stock,SKRITCIA1218_2018,Ciacci Piccolomini d'Aragona Anna & Giuseppe Bianchini Winery Image,Wine:Product Detail:Ciacci Piccolomini d'Aragona Brunello di Montalcino 2018,NY,PA,USD,63.99,5,1,,,winery-image,2018-10-29T17:25:02+0000,750,15,95.0,93,,,,,,94,,,92,,
w312,Mollydooker Winery Image,https://www.wine.com/product/product/mollydooker-blue-eyed-boy-shiraz-2020/878332,Syrah/Shiraz,142,McLaren Vale,$57.99,"McLaren Vale, South Australia, Australia",878332,C/I: Popular,In Stock,PIN530516_2020,Mollydooker only use new or one year old barrels to make their wines.,Wine:Product Detail:Mollydooker Blue Eyed Boy Shiraz 2020,NY,PA,USD,57.99,5,1,5,1,winery-image,2020-05-01T17:04:26+0000,750,16.5,,93,,,,,,93,,,,,
w313,Vines Ripening on the Steep Slopes,https://www.wine.com/product/product/kunde-chardonnay-2019/732344,Chardonnay,141,Sonoma Valley,$16.99,"Sonoma Valley, Sonoma County, California",732344,C/I: Popular,In Stock,CGM50435_2019,Kunde Estate Winery Vines Ripening on the Steep Slopes Winery Image,Wine:Product Detail:Kunde Chardonnay 2019,NY,PA,USD,16.99,5,1,5,1,winery-image,2019-10-11T22:22:56+0000,750,13.8,,89,,,,,,,,,,,
w314,Adrianna Vineyard,https://www.wine.com/product/product/catena-appellation-la-consulta-malbec-2020/1295945,Malbec,1065,Mendoza,$23.99,"Mendoza, Argentina",1295945,C/I: Long Tail,In Stock,WBO30299106_2020,"At almost 5,000 feet elevation. Adrianna Vineyard has been called the Grand Cru of South America.",Wine:Product Detail:Catena Appellation La Consulta Malbec 2020,NY,PA,USD,23.99,5,1,,,winery-image,2019-03-12T20:40:03+0000,750,13.5,93.0,90,,,,,90,,,,,,
w315,Winemaker Alessio Del Savio,https://www.wine.com/product/product/mionetto-prosecco-superiore-brut/137677,Non-Vintage Sparkling Wine,599,Valdobbiadene,$21.99,"Valdobbiadene, Prosecco, Italy",137677,C/I: Long Tail,In Stock,PIN519660_0,Mionetto Winemaker Alessio Del Savio Winery Image,Wine:Product Detail:Mionetto Prosecco Superiore Brut,NY,PA,USD,21.99,5,1,,,winery-image,2020-04-02T18:11:11+0000,750,11,,90,,,,,,,,,,,
w316,Egly-Ouriet  Winery Image,https://www.wine.com/product/product/egly-ouriet-grand-cru-blanc-de-noirs-les-crayeres/97964,Non-Vintage Sparkling Wine,3,Champagne,$369.97,"Champagne, France",97964,C/I: Long Tail,In Stock - Last Call,SKRFRKEO04NV_0,Egly-Ouriet  Winery Image,Wine:Product Detail:Egly-Ouriet Grand Cru Blanc de Noirs Les Crayeres,NY,PA,USD,369.97,5,1,5,1,winery-image,2020-06-23T13:38:31+0000,750,12.5,,93,,,,,,98,,,,,
w317,Margaret River Region ,https://www.wine.com/product/product/vasse-felix-chardonnay-2020/859875,Chardonnay,139,Margaret River,$41.99,"Margaret River, Western Australia, Australia",859875,C/I: Long Tail,In Stock,WBO30295998_2020,Vasse Felix Margaret River Region  Winery Image,Wine:Product Detail:Vasse Felix Chardonnay 2020,NY,PA,USD,41.99,5,1,,,winery-image,2019-09-12T21:15:23+0000,750,13,,94,,,,,,95,,,,,
w318,Bergstrom Vineyard,https://www.wine.com/product/product/bergstrom-silice-pinot-noir-2017/589659,Pinot Noir,13,Chehalem Mountains,$109.99,"Chehalem Mountains, Willamette Valley, Oregon",589659,C/I: Long Tail,In Stock,WDW10040100152417_2017,Bergstrom Bergstrom Vineyard Winery Image,Wine:Product Detail:Bergstrom Silice Pinot Noir 2017,NY,PA,USD,109.99,5,1,5,1,winery-image,2020-09-16T21:32:30+0000,750,14.1,93.0,91,,,,91,91,93,,,,,
w319,Gloria Ferrer  Winery Image,https://www.wine.com/product/product/gloria-ferrer-sonoma-brut/1898,Non-Vintage Sparkling Wine,609,Sonoma County,$24.99,"Sonoma County, California",1898,C/I: KVI,In Stock,CGM23372_0,Gloria Ferrer Tasting Room & Visitor's Center,Wine:Product Detail:Gloria Ferrer Sonoma Brut,NY,PA,USD,24.99,5,1,5,1,winery-image,2020-04-02T19:58:17+0000,750,12.5,,91,90,,,,90,,,,,,
w320,A look inside the winery,https://www.wine.com/product/product/willakenzie-estate-willamette-valley-pinot-noir-2018/867330,Pinot Noir,420,Willamette Valley,$38.99,"Willamette Valley, Oregon",867330,C/I: Long Tail,In Stock,PIN538531_2018,"The state-of-the-art, gravity-flow winery was completed in 1995. Since then, they built an innovative facility to cool their grapes as well as a large solar array. Production remains at around 20,000 cases and emphasis remains on quality, not quantity.",Wine:Product Detail:WillaKenzie Estate Willamette Valley Pinot Noir 2018,NY,PA,USD,38.99,5,1,5,1,winery-image,2018-02-16T23:27:51+0000,750,13.9,,93,,,,,,94,,,,,
w321,Elio Grasso  Winery Image,https://www.wine.com/product/product/elio-grasso-gavarini-vigna-chiniera-barolo-2018/798566,Nebbiolo,1,Barolo,$99.99,"Barolo, Piedmont, Italy",798566,C/I: Popular,In Stock,SXW1058433_2018,Elio Grasso  Winery Image,Wine:Product Detail:Elio Grasso Gavarini Vigna Chiniera Barolo 2018,NY,PA,USD,99.99,5,1,,,winery-image,2019-02-28T23:36:28+0000,750,14.5,95.0,93,,,,,,,,,,,
w322,Tasting Room,https://www.wine.com/product/product/scharffenberger-brut-excellence/76664,Non-Vintage Sparkling Wine,265,Mendocino,$24.99,"Mendocino, California",76664,C/I: Popular,In Stock,WLD16348_0,"The tasting room regularly features new artists, so visitors can taste the Scharffenberger sparkling wine while perusing the latest display of local artwork.",Wine:Product Detail:Scharffenberger Brut Excellence,NY,PA,USD,24.99,5,1,5,1,winery-image,2018-03-14T03:22:02+0000,750,12.5,91.0,89,90,,,91,,,,,,,
w323,Spottswoode Estate Vineyard & Winery  Winery Image,https://www.wine.com/product/product/spottswoode-lyndenhurst-cabernet-sauvignon-2019/1044486,Cabernet Sauvignon,565,Napa Valley,$99.99,"Napa Valley, California",1044486,C/I: MAP,In Stock,WBO30293985_2019,Spottswoode’s Cabernet Sauvignon ages for twenty months in a combination of new and neutral oak barrels.,Wine:Product Detail:Spottswoode Lyndenhurst Cabernet Sauvignon 2019,NY,PA,USD,99.99,5,1,5,1,winery-image,2021-10-20T22:19:34+0000,750,13.5,94.0,92,92,,,,,93,92,,,,
w324,Monte Bello ,https://www.wine.com/product/product/ridge-pagani-ranch-zinfandel-2020/1112394,Zinfandel,78,Sonoma Valley,$48.99,"Sonoma Valley, Sonoma County, California",1112394,C/I: MAP,In Stock,WLD19221_2020,Ridge Monte Bello  Winery Image,Wine:Product Detail:Ridge Pagani Ranch Zinfandel 2020,NY,PA,USD,48.99,5,1,5,1,winery-image,2020-03-12T22:18:34+0000,750,13.8,,92,,,,,,,,,,,
w325,Mollydooker Winery Image,https://www.wine.com/product/product/mollydooker-the-boxer-shiraz-2020/890601,Syrah/Shiraz,218,South Australia,$29.99,"South Australia, Australia",890601,C/I: KVI,In Stock,PIN530512_2020,Mollydooker only use new or one year old barrels to make their wines.,Wine:Product Detail:Mollydooker The Boxer Shiraz 2020,NY,PA,USD,29.99,5,1,5,1,winery-image,2020-05-01T17:04:26+0000,750,16,,92,,,,,,90,,,,,
w326,2018,https://www.wine.com/product/product/bodegas-y-vinedos-pintia-2018/1250423,Tempranillo,425,Toro,$99.99,"Toro, Spain",1250423,C/I: Exception,In Stock,DBWDB7515_18_2018,"Bodegas y Vinedos Pintia 2018 from Toro, Spain - Pintia 2018 is probably the most vertical Pintia, the most fruitful, but at the same time with a lot of plot. It came with a very silky texture that makes it ea...",Wine:Product Detail:Bodegas y Vinedos Pintia 2018,NY,PA,USD,99.99,5,1,,,,,750,15,96.0,93,,,,,,95,,,,,
w327,Owner Michel Rolland ,https://www.wine.com/product/product/clos-de-los-siete-red-blend-2019/1071899,Other Red Blends,1007,Uco Valley,$19.99,"Uco Valley, Mendoza, Argentina",1071899,C/I: KVI,In Stock,PIN559164_2019,Clos de los Siete Owner Michel Rolland  Winery Image,Wine:Product Detail:Clos de los Siete Red Blend 2019,NY,PA,USD,19.99,5,1,5,1,winery-image,2019-09-27T23:58:47+0000,750,14.5,94.0,90,,90,,,,91,,,,,
w328,Chateau de Pibarnon  Winery Image,https://www.wine.com/product/product/chateau-de-pibarnon-bandol-rose-2021/913236,Rosé,24,Bandol,$41.99,"Bandol, Provence, South of France, France",913236,C/I: Long Tail,In Stock,SKRFRPIB0121_2021,The vineyards at Pibaron are shaped like an amphitheater,Wine:Product Detail:Chateau de Pibarnon Bandol Rose 2021,NY,PA,USD,41.99,5,1,5,1,winery-image,2020-04-15T15:00:49+0000,750,0,,92,,,,,,,,,92,,
w329,Vina Vik Cellar,https://www.wine.com/product/product/vina-vik-la-piu-belle-2019/1177191,Other Red Blends,108,Colchagua Valley,$104.99,"Colchagua Valley, Rapel Valley, Chile",1177191,C/I: Long Tail,In Stock,CGM54236_2019,Vina Vik Vina Vik Cellar Winery Image,Wine:Product Detail:Vina Vik La Piu Belle 2019,NY,PA,USD,104.99,5,1,,,winery-image,2019-09-18T16:55:04+0000,750,14.5,96.0,93,,,,,,,,,,,
w330,Gonet-Medeville Winery Image,https://www.wine.com/product/product/gonet-medeville-brut-tradition-premier-cru/147302,Non-Vintage Sparkling Wine,81,Champagne,$48.99,"Champagne, France",147302,C/I: Long Tail,In Stock,MSE377207_0,Gonet-Medeville Winery Image,Wine:Product Detail:Gonet-Medeville Brut Tradition Premier Cru,NY,PA,USD,48.99,5,1,5,1,winery-image,2018-02-01T23:41:23+0000,750,12.5,,91,,,,,,92,,,,,
w331,The Cellar,https://www.wine.com/product/product/marchesi-di-barolo-barolo-coste-di-rose-2014/521219,Nebbiolo,11,Barolo,$69.98,"Barolo, Piedmont, Italy",521219,C/I: Long Tail,In Stock,WLD10947_2014,"Marchesi di Barolo historical cellars are located in the town of Barolo, in the building overlooking the Castle of the Marquis Falletti. It is here that more than 200 years ago the Abbona's began producing wine.",Wine:Product Detail:Marchesi di Barolo Barolo Coste di Rose 2014,NY,PA,USD,69.98,5,1,5,1,winery-image,2018-06-27T19:58:54+0000,750,14,91.0,93,92,,,,91,90,,,,,
w332,Olga Raffault Winery Image,https://www.wine.com/product/product/olga-raffault-les-picasses-2016/825765,Cabernet Franc,1188,Chinon,$34.99,"Chinon, Touraine, Loire, France",825765,C/I: Long Tail,In Stock,DBWDB8974_16_2016,Olga Raffault Winery Image,Wine:Product Detail:Olga Raffault Les Picasses 2016,NY,PA,USD,34.99,5,1,5,1,winery-image,2018-02-01T23:41:40+0000,750,13.5,,91,,,,90,92,,,,93,,
w333,Champagne Boizel  Winery Image,https://www.wine.com/product/product/boizel-brut-reserve/782173,Non-Vintage Sparkling Wine,1201,Champagne,$59.99,"Champagne, France",782173,C/I: Long Tail,In Stock,EDV131516_0,Champagne Boizel  Winery Image,Wine:Product Detail:Boizel Brut Reserve,NY,PA,USD,59.99,5,1,5,1,winery-image,2019-07-16T20:30:43+0000,750,12,,90,,97,,,90,,,,,,
w334,Historical Photo,https://www.wine.com/product/product/beringer-q-red-blend-2019/970924,Other Red Blends,309,Napa Valley,$39.99,"Napa Valley, California",970924,C/I: Popular,In Stock,CGM53401_2019,Beringer Vineyards Historical Photo Winery Image,Wine:Product Detail:Beringer Q Red Blend 2019,NY,PA,USD,39.99,5,1,5,1,winery-image,2019-02-01T19:15:56+0000,750,14.5,92.0,91,,,,,,,92,,,,
w335,To Kalon Vineyard and WInery,https://www.wine.com/product/product/robert-mondavi-napa-valley-cabernet-sauvignon-2019/795288,Cabernet Sauvignon,1052,Napa Valley,$47.99,"Napa Valley, California",795288,C/I: KVI,In Stock,PIN532842_2019,Robert Mondavi To Kalon Vineyard and WInery Winery Image,Wine:Product Detail:Robert Mondavi Napa Valley Cabernet Sauvignon 2019,NY,PA,USD,47.99,5,1,5,1,winery-image,2018-03-30T22:47:40+0000,750,15.5,92.0,91,91,,,,,,92,,,,
w336,"Winemaker, Jesus Jimenez",https://www.wine.com/product/product/numanthia-termes-2019/1173360,Tempranillo,308,Toro,$22.99,"Toro, Spain",1173360,C/I: Exception,In Stock,CGM56083_2019,"Jesus Jimenez began working for a grant project dealing with water usage in vineyards and other culture, after completing two degrees as Agricultural Engineer and a Viticulture and Enology Master Degree, delivered by UNESCO. ",Wine:Product Detail:Numanthia Termes 2019,NY,PA,USD,22.99,5,1,5,1,winery-image,2019-04-16T18:13:08+0000,750,15.5,93.0,91,,,,,,,,,,,
w337,Las Amigas Vineyard,https://www.wine.com/product/product/domaine-carneros-cuvee-de-la-pompadour-brut-rose/96844,Sparkling Rosé,207,Carneros,$41.99,"Carneros, California",96844,C/I: Popular,In Stock,CGM293_0,"Planted in 2017, 1/2 to Pinot Noir and 1/2 to Chardonnay. Located on the Western end of Las Amigas Road, the vines look right out at the San Pablo Bay and gleefully absorb the bay’s cool breezes that consistently blow through.",Wine:Product Detail:Domaine Carneros Cuvee de la Pompadour Brut Rose,NY,PA,USD,41.99,5,1,5,1,winery-image,2023-04-12T21:32:13+0000,750,12,94.0,90,93,,,90,92,,,,,91,
w338,La Mouline Vineyard in Cote-Rotie,https://www.wine.com/product/product/guigal-chateau-dampuis-cote-rotie-2016/716408,Syrah/Shiraz,31,Cote Rotie,$139.99,"Cote Rotie, Rhone, France",716408,C/I: Exception,In Stock,VNT00101516_04_2016,"Here, on the stark and steep terrain formed by the Rhône River cultivated in terraces since ancient times, the Guigal family works the greatest appellations of the Rhône Valley with both passion and perseverance.",Wine:Product Detail:Guigal Chateau d'Ampuis Cote Rotie 2016,NY,PA,USD,139.99,5,1,5,1,winery-image,2018-09-20T14:52:28+0000,750,13.5,,95,,,,,,95,96,,,,
w339,Tod Mostero,https://www.wine.com/product/product/dominus-napanook-vineyard-2019/979593,Bordeaux Red Blends,68,Yountville,$104.99,"Yountville, Napa Valley, California",979593,C/I: Long Tail,In Stock,CGM53754_2019,"Director of Viticulture and Winemaking, the French connection runs strong through Mostero, who studied in Bordeaux and trained at Château Haut-Brion, Domaine de la Romanée-Conti and Établissements Jean-Pierre Moueix. ",Wine:Product Detail:Dominus Napanook Vineyard 2019,NY,PA,USD,104.99,5,1,5,1,winery-image,2019-02-14T01:14:04+0000,750,14.5,96.0,93,94,,,,,93,92,,94,,
w340,Oak Casks,https://www.wine.com/product/product/roederer-estate-lermitage-2015/708987,Vintage Sparkling Wine,22,Anderson Valley,$79.99,"Anderson Valley, Mendocino, California",708987,C/I: Popular,In Stock,CGM50182_2015,"As the winemaker carefully ranks the wines from each harvest, some of the finest lots are selected for further aging in French oak casks. While kept in these large wood tanks, the wine develops in complexity. ",Wine:Product Detail:Roederer Estate L'Ermitage 2015,NY,PA,USD,79.99,5,1,5,1,winery-image,2018-04-10T17:02:19+0000,750,12.4,97.0,94,,,,92,96,91,,,,94,
w341,Chablis Vineyards,https://www.wine.com/product/product/william-fevre-chablis-vaillons-premier-cru-2020/1133128,Chardonnay,4,Chablis,$84.99,"Chablis, Burgundy, France",1133128,C/I: Popular,In Stock,PIN560992_2020,William Fevre Chablis Vineyards Winery Image,Wine:Product Detail:William Fevre Chablis Vaillons Premier Cru 2020,NY,PA,USD,84.99,5,1,,,winery-image,2018-11-27T02:00:05+0000,750,0,,93,,,,,,93,,,,,
w342,Giovanni Sordo Cellar,https://www.wine.com/product/product/giovanni-sordo-barolo-perno-2017/1150777,Nebbiolo,457,Barolo,$46.99,"Barolo, Piedmont, Italy",1150777,C/I: Long Tail,In Stock,TRIPI6460_2017,Giovanni Sordo Giovanni Sordo Cellar Winery Image,Wine:Product Detail:Giovanni Sordo Barolo Perno 2017,NY,PA,USD,46.99,5,1,,,winery-image,2020-01-02T19:53:05+0000,750,14.5,92.0,94,,,,,,,93,,,,
w343,Leclerc Briant Cellars,https://www.wine.com/product/product/champagne-leclerc-briant-brut-rose/858978,Sparkling Rosé,65,Champagne,$89.99,"Champagne, France",858978,C/I: Long Tail,In Stock,WBO30193951_0,The cellars below the Leclerc Briant house include three levels that descend 115 feet underground into the chalk-based soil. The humidity and low temperature provide the ideals conditions for aging the winery’s reserve champagne.,Wine:Product Detail:Champagne Leclerc Briant Brut Rose,NY,PA,USD,89.99,5,1,,,winery-image,2021-12-14T18:32:55+0000,750,12,,90,93,,,91,,,,,,,
w344,Pazo de Barrantes Winery Image,https://www.wine.com/product/product/pazo-de-barrantes-albarino-2019/846354,Albarino,265,Rias Baixas,$61.99,"Rias Baixas, Spain",846354,C/I: Long Tail,In Stock,CGM53096_2019,Pazo de Barrantes Winery Image,Wine:Product Detail:Pazo de Barrantes Albarino 2019,NY,PA,USD,61.99,5,1,5,1,winery-image,2019-02-14T18:56:23+0000,750,13.5,92.0,91,,,,,,94,,,,,
w345,Chateau Leoville Las Cases Winery Image,https://www.wine.com/product/product/chateau-leoville-las-cases-15-liter-magnum-2018/520577,Bordeaux Red Blends,13,St-Julien,$619.99,"St-Julien, Bordeaux, France",520577,C/I: Luxury BDX,In Stock,BAN520577_2018,Chateau Leoville Las Cases Winery Image,Wine:Product Detail:Chateau Leoville Las Cases (1.5 Liter Magnum) 2018,NY,PA,USD,619.99,5,1,,,winery-image,2018-02-01T23:41:51+0000,1500,14.49,99.0,97,,99,,,98,99,100,,,,
w346,Penfolds Chief Winemaker Peter Gago ,https://www.wine.com/product/product/penfolds-st-henri-shiraz-2018/938045,Syrah/Shiraz,172,Australia,$169.99,Australia,938045,C/I: Long Tail,In Stock,CGM52704_2018,In 2002 Peter became the fourth ever Chief Winemaker for Penfolds.,Wine:Product Detail:Penfolds St. Henri Shiraz 2018,NY,PA,USD,169.99,5,1,,,winery-image,2020-10-30T19:20:10+0000,750,0,99.0,93,,,,92,,97,,,,,
w347,Vinification,https://www.wine.com/product/product/domaine-de-la-janasse-chateauneuf-du-pape-cuvee-chaupin-2020/1095862,Rhone Red Blends,44,Chateauneuf-du-Pape,$95.99,"Chateauneuf-du-Pape, Rhone, France",1095862,C/I: Exception,In Stock,IPOPI_EC6393_2020,"Each plot, each tank is a different case and vinification must be adapted to the grapes and daily tastings. ",Wine:Product Detail:Domaine de la Janasse Chateauneuf-du-Pape Cuvee Chaupin 2020,NY,PA,USD,95.99,5,1,,,winery-image,2018-08-30T19:35:34+0000,750,15.5,,94,,98,,,,95,99,,,,
w348,The Cellar,https://www.wine.com/product/product/marchesi-di-barolo-barolo-cannubi-2014/628527,Nebbiolo,2,Barolo,$119.99,"Barolo, Piedmont, Italy",628527,C/I: Popular,In Stock,WLD10942_2014,"Marchesi di Barolo historical cellars are located in the town of Barolo, in the building overlooking the Castle of the Marquis Falletti. It is here that more than 200 years ago the Abbona's began producing wine.",Wine:Product Detail:Marchesi di Barolo Barolo Cannubi 2014,NY,PA,USD,119.99,5,1,5,1,winery-image,2018-06-27T19:58:54+0000,750,14,94.0,90,95,,,,,92,,,,,
w349,Sustainable Farming,https://www.wine.com/product/product/lecole-41-columbia-valley-cabernet-sauvignon-2019/1070620,Cabernet Sauvignon,792,Columbia Valley,$34.99,"Columbia Valley, Washington",1070620,C/I: Long Tail,In Stock,WBO30284435_2019,"Today we are at the forefront of sustainable farming in the Walla Walla Valley, notably with our Estate Ferguson and Estate Seven Hills Vineyards, both of which are certified sustainable and certified Salmon Safe.",Wine:Product Detail:L'Ecole 41 Columbia Valley Cabernet Sauvignon 2019,NY,PA,USD,34.99,5,1,5,1,winery-image,2018-04-27T22:55:25+0000,750,14.5,,91,,,,90,91,,,,92,,
w350,The Hills of Chianti,https://www.wine.com/product/product/viticcio-chianti-classico-riserva-2017/628038,Sangiovese,4409,Chianti Classico,$32.99,"Chianti Classico, Chianti, Tuscany, Italy",628038,C/I: Long Tail,In Stock,TRIPI9601_2017_2017,Viticcio The Hills of Chianti Winery Image,Wine:Product Detail:Viticcio Chianti Classico Riserva 2017,NY,PA,USD,32.99,5,1,5,1,winery-image,2018-02-01T23:41:40+0000,750,14,92.0,94,,,,,,91,,,,,
w351,Fonseca Port Aging Vat,https://www.wine.com/product/product/fonseca-bin-no-27-port/1515,Port,619,Douro,$18.99,"Douro, Portugal",1515,C/I: KVI,In Stock,CGM55760_0,Fonseca Fonseca Port Aging Vat Winery Image,Wine:Product Detail:Fonseca Bin No. 27 Port,NY,PA,USD,18.99,5,1,5,1,winery-image,2018-03-03T22:51:11+0000,750,20,,90,,93,,92,,,,,,,91
w352,Charles Krug Winery Entrance,https://www.wine.com/product/product/charles-krug-family-reserve-generations-2018/872126,Bordeaux Red Blends,157,Napa Valley,$63.99,"Napa Valley, California",872126,C/I: Popular,In Stock,PIN536047_2018,Charles Krug Charles Krug Winery Entrance Winery Image,Wine:Product Detail:Charles Krug Family Reserve Generations 2018,NY,PA,USD,63.99,5,1,5,1,winery-image,2019-12-19T22:49:52+0000,750,14.9,93.0,91,94,,,,,91,,,,,
w353,Baron Albert Frère and Bernard Arnault,https://www.wine.com/product/product/chateau-cheval-blanc-2016/202282,Bordeaux Red Blends,6,St. Emilion,$959.99,"St. Emilion, Bordeaux, France",202282,C/I: Luxury BDX,In Stock,FNY202282_2016,"Two old friends and lovers of great wine, joined forces to became the owners of this fabled Chateau in Saint-Emilion. They injected a dynamic new spirit, while respecting the Chateau's history and existing facilities. ",Wine:Product Detail:Chateau Cheval Blanc 2016,NY,PA,USD,959.99,5,1,5,1,winery-image,2018-10-18T17:08:04+0000,750,14,99.0,97,,98,,,97,100,97,,,,
w354,Las Amigas Vineyard,https://www.wine.com/product/product/domaine-carneros-carneros-pinot-noir-2018/781174,Pinot Noir,5,Carneros,$39.99,"Carneros, California",781174,C/I: Popular,In Stock,CGM51508_2018,"Planted in 2017, 1/2 to Pinot Noir and 1/2 to Chardonnay. Located on the Western end of Las Amigas Road, the vines look right out at the San Pablo Bay and gleefully absorb the bay’s cool breezes that consistently blow through.",Wine:Product Detail:Domaine Carneros Carneros Pinot Noir 2018,NY,PA,USD,39.99,5,1,5,1,winery-image,2023-04-12T21:32:13+0000,750,14.2,92.0,91,,,,,,,,,,,
w355,Patrick Doucet,https://www.wine.com/product/product/chateau-suduiraut-sauternes-2019/583871,Other Dessert,17,Sauternes,$69.99,"Sauternes, Bordeaux, France",583871,C/I: Luxury BDX,In Stock,FNY583871_2019,"Vineyard Manager since 2016, Patrick is the winegrower responsible for producing the grapes. His role consists of harvesting the botrytised grapes at just the right moment; the quintessence is then sent on to Caroline.",Wine:Product Detail:Chateau Suduiraut Sauternes 2019,NY,PA,USD,69.99,5,1,,,winery-image,2019-03-25T23:00:34+0000,750,14.1,95.0,93,,,,,96,96,96,,97,,
w356,Oak Barrels,https://www.wine.com/product/product/beaulieu-vineyard-georges-de-latour-private-reserve-2018/810540,Cabernet Sauvignon,366,Napa Valley,$134.99,"Napa Valley, California",810540,C/I: Popular,In Stock,CGM52057_2018,Beaulieu Vineyard Oak Barrels Winery Image,Wine:Product Detail:Beaulieu Vineyard Georges de Latour Private Reserve 2018,NY,PA,USD,134.99,5,1,5,1,winery-image,2018-12-19T23:42:10+0000,750,14.5,98.0,92,,,,,97,96,97,,98,,
w357,A precious Heritage,https://www.wine.com/product/product/chateau-canon-la-gaffeliere-2016/202265,Bordeaux Red Blends,12,St. Emilion,$106.99,"St. Emilion, Bordeaux, France",202265,C/I: Luxury BDX,In Stock,FNY202265_2016,"Residing in Saint-Emilion since 1983, Stephan von Neipperg and his wife, Sigweis, have devoted themselves tirelessly to perpetuating the family tradition at their various estates. ",Wine:Product Detail:Chateau Canon La Gaffeliere 2016,NY,PA,USD,106.99,5,1,5,1,winery-image,2018-11-15T20:23:29+0000,750,14.5,96.0,95,,93,,,95,95,95,,96,91,
w358,Chateau Pavie Cellar,https://www.wine.com/product/product/chateau-pavie-2016/202496,Bordeaux Red Blends,15,St. Emilion,$439.99,"St. Emilion, Bordeaux, France",202496,C/I: Luxury BDX,In Stock,FNY202496_2016,"Fermentation takes place in oak vats, each plot is vinified separately from the harvest to the final blend. Following the fermentation, the wine is aged 18 to 24 months in barrels.",Wine:Product Detail:Chateau Pavie 2016,NY,PA,USD,439.99,5,1,5,1,winery-image,2021-07-06T22:34:45+0000,750,14.5,100.0,97,,,,,96,100,99,,,,
w359,Bodegas Riojanas Winery Image,https://www.wine.com/product/product/bodegas-riojanas-monte-real-crianza-2019/1084978,Tempranillo,101,Rioja,$13.99,"Rioja, Spain",1084978,C/I: Long Tail,In Stock,MSE465981_2019,Bodegas Riojanas Winery Image,Wine:Product Detail:Bodegas Riojanas Monte Real Crianza 2019,NY,PA,USD,13.99,5,1,5,1,winery-image,2018-02-01T23:41:29+0000,750,14,92.0,90,,,,,,,,,,,
w360,Krug Cellar Master Julie Cavil,https://www.wine.com/product/product/krug-brut-rose-375ml-half-bottle/109352,Sparkling Rosé,2,Champagne,$229.99,"Champagne, France",109352,C/I: Exception,In Stock,CGM20685_0,"For Krug's Cellar Master, each plot of grapes, through its wine, is like a single ingredient to a chef: carefully selected, and critical to the final composition.",Wine:Product Detail:Krug Brut Rose (375ML half-bottle),NY,PA,USD,229.99,5,1,5,1,winery-image,2021-03-11T17:41:18+0000,375,12.4,,96,,,,96,94,,,,,,
w361,Dogliani Wine Cellar,https://www.wine.com/product/product/pecchenino-langhe-vigna-botti-nebbiolo-2021/1162450,Nebbiolo,912,Langhe,$23.99,"Langhe, Piedmont, Italy",1162450,C/I: Long Tail,In Stock,VIYITPCPN7521_2021,Pecchenino Dogliani Wine Cellar Winery Image,Wine:Product Detail:Pecchenino Langhe Vigna Botti Nebbiolo 2021,NY,PA,USD,23.99,5,1,5,1,winery-image,2018-04-30T23:56:59+0000,750,14,90.0,90,,,,,,90,90,,,,
w362,2018 Cabernet Sauvignon,https://www.wine.com/product/product/domaine-eden-cabernet-sauvignon-2018/1171421,Cabernet Sauvignon,502,Santa Cruz Mountains,$58.99,"Santa Cruz Mountains, California",1171421,C/I: Long Tail,In Stock,DBWDB0454_18_2018,"Domaine Eden Cabernet Sauvignon 2018 from Santa Cruz Mountains, California - Balanced aromas of cassis and loamy earth frame the nose. Fresh, lively flavors of savory herb and blackberry engage the palate. The depth of flavor and length ...",Wine:Product Detail:Domaine Eden Cabernet Sauvignon 2018,NY,PA,USD,58.99,5,1,,,,,750,14,,91,,,,93,94,,,,94,,
w363,Chateau Branaire-Ducru Winery Image,https://www.wine.com/product/product/chateau-branaire-ducru-2016/202253,Bordeaux Red Blends,231,St-Julien,$79.99,"St-Julien, Bordeaux, France",202253,C/I: Luxury BDX,In Stock,FNY202253_2016,Chateau Branaire-Ducru Winery Image,Wine:Product Detail:Chateau Branaire-Ducru 2016,NY,PA,USD,79.99,5,1,5,1,winery-image,2018-02-01T23:41:38+0000,750,13.5,95.0,96,,94,,,95,94,92,,,,
w364,Barbara Widmer,https://www.wine.com/product/product/brancaia-chianti-classico-riserva-2019/1206020,Sangiovese,97,Chianti Classico,$49.99,"Chianti Classico, Chianti, Tuscany, Italy",1206020,C/I: Long Tail,In Stock,CGM55469_2019,"Today, Barbara directs BRANCAIA’s three Tuscan estates, carrying on her family’s tradition of growing the highest quality grapes and crafting exceptional, terroir-driven wines from Tuscany.",Wine:Product Detail:Brancaia Chianti Classico Riserva 2019,NY,PA,USD,49.99,5,1,,,winery-image,2020-07-27T18:56:14+0000,750,14,,94,,,,,,94,93,,,,
w365,Baron Albert Frère and Bernard Arnault,https://www.wine.com/product/product/chateau-cheval-blanc-2015/153462,Bordeaux Red Blends,8,St. Emilion,$939.99,"St. Emilion, Bordeaux, France",153462,C/I: Luxury BDX,In Stock,FNY153462_2015,"Two old friends and lovers of great wine, joined forces to became the owners of this fabled Chateau in Saint-Emilion. They injected a dynamic new spirit, while respecting the Chateau's history and existing facilities. ",Wine:Product Detail:Chateau Cheval Blanc 2015,NY,PA,USD,939.99,5,1,5,1,winery-image,2018-10-18T17:08:04+0000,750,14.5,99.0,98,,98,,,100,100,98,,,,
w366, Entrée Crayère From Bouteille,https://www.wine.com/product/product/charles-heidsieck-vintage-brut-2012/719866,Vintage Sparkling Wine,13,Champagne,$115.99,"Champagne, France",719866,C/I: Long Tail,In Stock,TON13693_12_6PK_2012,Charles Heidsieck  Entrée Crayère From Bouteille Winery Image,Wine:Product Detail:Charles Heidsieck Vintage Brut 2012,NY,PA,USD,115.99,5,1,5,1,winery-image,2020-03-24T01:02:21+0000,750,12,95.0,93,,,,,,94,95,,,,
w367,Tenuta di Capraia  Winery Image,https://www.wine.com/product/product/tenuta-di-capraia-chianti-classico-2020/1255248,Sangiovese,2409,Chianti Classico,$21.99,"Chianti Classico, Chianti, Tuscany, Italy",1255248,C/I: Long Tail,In Stock,TON83081_20_2020,Tenuta di Capraia  Winery Image,Wine:Product Detail:Tenuta di Capraia Chianti Classico 2020,NY,PA,USD,21.99,5,1,5,1,winery-image,2020-02-25T16:39:12+0000,750,14,91.0,91,90,,,,,,,,,,
w368,Limestone Soil,https://www.wine.com/product/product/simonnet-febvre-chablis-mont-de-milieu-premier-cru-2020/1253983,Chardonnay,205,Chablis,$62.99,"Chablis, Burgundy, France",1253983,C/I: Long Tail,In Stock,TON11252_20_2020,Simonnet-Febvre Limestone Soil Winery Image,Wine:Product Detail:Simonnet-Febvre Chablis Mont de Milieu Premier Cru 2020,NY,PA,USD,62.99,5,1,5,1,winery-image,2023-06-26T21:39:25+0000,750,13,93.0,90,,,,,,,,,,,
w369,Galerie Imperiale,https://www.wine.com/product/product/moet-and-chandon-imperial-brut-15-liter-magnum/18224,Non-Vintage Sparkling Wine,178,Champagne,$139.99,"Champagne, France",18224,C/I: Exception,In Stock,CGM8530_0,Moët & Chandon Galerie Imperiale Winery Image,Wine:Product Detail:Moet & Chandon Imperial Brut (1.5 Liter Magnum),NY,PA,USD,139.99,5,1,5,1,winery-image,2018-07-26T18:14:41+0000,1500,12,91.0,91,,,,,,,,93,,,
w370,Ceretto  Winery Image,https://www.wine.com/product/product/ceretto-barolo-2018/1186101,Nebbiolo,729,Barolo,$66.99,"Barolo, Piedmont, Italy",1186101,C/I: Popular,In Stock,TON83515_18_2018,Ceretto  Winery Image,Wine:Product Detail:Ceretto Barolo 2018,NY,PA,USD,66.99,5,1,5,1,winery-image,2019-03-20T15:36:01+0000,750,14.5,93.0,92,92,,,,,93,,,,,
w371,Nate Klostermann Argyle Winemaker,https://www.wine.com/product/product/argyle-brut-2018/1171441,Vintage Sparkling Wine,412,Willamette Valley,$26.99,"Willamette Valley, Oregon",1171441,C/I: Popular,In Stock,WBO30297196_2018,Argyle Nate Klostermann Argyle Winemaker Winery Image,Wine:Product Detail:Argyle Brut 2018,NY,PA,USD,26.99,5,1,5,1,winery-image,2019-03-25T23:01:06+0000,750,12.5,90.0,92,91,,,,,,,,,,
w372,Beaune Greves Vigne de l'Enfant Jesus,https://www.wine.com/product/product/bouchard-pere-and-fils-beaune-du-chateau-premier-cru-rouge-2018/662626,Pinot Noir,292,Beaune,$53.99,"Beaune, Cote de Beaune, Cote d'Or, Burgundy, France",662626,C/I: Long Tail,In Stock,PIN551971_2018,"In 1791, after the French Revolution, when the Church properties were sold, Bouchard Père & Fils won the bid for this vineyard of almost 4 ha, situated in the heart of Beaune Grèves’ appellation, and still holds the exclusivity today.",Wine:Product Detail:Bouchard Pere & Fils Beaune du Chateau Premier Cru Rouge 2018,NY,PA,USD,53.99,5,1,,,winery-image,2018-10-19T18:04:06+0000,750,13.5,92.0,91,,,,,,,,,,,
w373,Quinta Bomfim Terraces,https://www.wine.com/product/product/dows-10-year-old-tawny-port/1811,Port,283,Douro,$38.99,"Douro, Portugal",1811,C/I: Long Tail,In Stock,WBO30212146_0,Dow's Quinta Bomfim Terraces Winery Image,Wine:Product Detail:Dow's 10 Year Old Tawny Port,NY,PA,USD,38.99,5,1,5,1,winery-image,2019-05-28T20:13:36+0000,750,20,,92,92,,,,90,92,,,,,
w374,Kevin Judd and Dixie,https://www.wine.com/product/product/greywacke-sauvignon-blanc-2022/1203064,Sauvignon Blanc,274,Marlborough,$23.99,"Marlborough, New Zealand",1203064,C/I: Popular,In Stock,WLD20168_2022,Greywacke Kevin Judd and Dixie Winery Image,Wine:Product Detail:Greywacke Sauvignon Blanc 2022,NY,PA,USD,23.99,5,1,5,1,winery-image,2019-03-25T20:39:21+0000,750,13.5,,95,,,,,,,,,90,,
w375,Ettore Germano Winery Image,https://www.wine.com/product/product/ettore-germano-barolo-cerretta-2017/1016187,Nebbiolo,9,Barolo,$67.99,"Barolo, Piedmont, Italy",1016187,C/I: Long Tail,In Stock,SXWGMO10317_2017,Ettore Germano Winery Image,Wine:Product Detail:Ettore Germano Barolo Cerretta 2017,NY,PA,USD,67.99,5,1,,,winery-image,2018-02-01T23:41:21+0000,750,14.5,,94,,,,,,94,94,,,,
w376,Force Majeure Winery Image,https://www.wine.com/product/product/force-majeure-epinette-2015/768659,Bordeaux Red Blends,24,Red Mountain,$109.99,"Red Mountain, Yakima Valley, Columbia Valley, Washington",768659,C/I: Long Tail,In Stock,ASWFMEPIN15_2015,Force Majeure Winery Image,Wine:Product Detail:Force Majeure Epinette 2015,NY,PA,USD,109.99,5,1,,,winery-image,2018-02-01T23:41:27+0000,750,15,,90,,,,,,95,94,,,,
w377,Original Storage Tanks,https://www.wine.com/product/product/heitz-cellar-lot-c-91-cabernet-sauvignon-2017/780380,Cabernet Sauvignon,561,Napa Valley,$104.99,"Napa Valley, California",780380,C/I: MAP,In Stock,PIN567485_2017,Heitz Cellar Original Storage Tanks Winery Image,Wine:Product Detail:Heitz Cellar Lot C-91 Cabernet Sauvignon 2017,NY,PA,USD,104.99,5,1,5,1,winery-image,2020-05-28T21:57:12+0000,750,14.5,96.0,91,,96,,,90,92,,,,,
w378,"Seghesio, Bonded Winery No. 850",https://www.wine.com/product/product/seghesio-old-vine-zinfandel-2021/1228465,Zinfandel,110,Sonoma County,$39.99,"Sonoma County, California",1228465,C/I: Popular,In Stock,WBO30307922_2021,"Seghesio Family Vineyards was one of only a handful of wineries to survive Prohibition in Sonoma County and today we are Bonded Winery No. 850!
",Wine:Product Detail:Seghesio Old Vine Zinfandel 2021,NY,PA,USD,39.99,5,1,,,winery-image,2023-01-12T23:59:04+0000,750,15,,94,,,,,,,,,,,
w379,Quinta do Portal  Winery Image,https://www.wine.com/product/product/quinta-do-portal-reserva-tinto-2017/805289,Other Red Blends,43,Douro,$29.99,"Douro, Portugal",805289,C/I: Long Tail,In Stock,EDV132383_2017_2017,Quinta do Portal  Winery Image,Wine:Product Detail:Quinta do Portal Reserva Tinto 2017,NY,PA,USD,29.99,5,1,5,1,winery-image,2020-03-18T19:44:30+0000,750,14.5,,93,,,,,,92,,,,,
w380,Sisters Maria and Luisa Ponzi,https://www.wine.com/product/product/ponzi-reserve-pinot-noir-2018/1181661,Pinot Noir,26,Chehalem Mountains,$79.99,"Chehalem Mountains, Willamette Valley, Oregon",1181661,C/I: Popular,In Stock,VNT0500030018_03_2018,Ponzi Sisters Maria and Luisa Ponzi Winery Image,Wine:Product Detail:Ponzi Reserve Pinot Noir 2018,NY,PA,USD,79.99,5,1,5,1,winery-image,2018-09-20T17:31:27+0000,750,14.2,95.0,92,,,,,93,95,,,,,
w381,The Winery in Winter,https://www.wine.com/product/product/trimbach-cuvee-frederic-emile-riesling-2014/1097777,Riesling,27,Alsace,$114.99,"Alsace, France",1097777,C/I: Popular,In Stock,EDV110936_2014_2014,Trimbach The Winery in Winter Winery Image,Wine:Product Detail:Trimbach Cuvee Frederic Emile Riesling 2014,NY,PA,USD,114.99,5,1,,,winery-image,2019-06-07T23:09:13+0000,750,13.5,96.0,95,,,,,,94,,,,,
w382,"La Grande Dame, the Glory of Pinot Noir",https://www.wine.com/product/product/veuve-clicquot-brut-rose-15-liter-magnum/150710,Sparkling Rosé,154,Champagne,$189.97,"Champagne, France",150710,C/I: Exception,In Stock,CGM14637_0,"More than 200 years ago, Madame Clicquot was already particularly fond of this grape variety. The predominance of Pinot Noir marks out the style of Veuve Clicquot, and has become the signature of the House.​",Wine:Product Detail:Veuve Clicquot Brut Rose (1.5 Liter Magnum),NY,PA,USD,189.97,5,1,5,1,winery-image,2022-07-19T00:16:26+0000,1500,12.5,92.0,90,,90,,93,,,,,,,
w383,Sustainable Farming,https://www.wine.com/product/product/lecole-41-columbia-valley-syrah-2019/1078864,Syrah/Shiraz,156,Columbia Valley,$28.99,"Columbia Valley, Washington",1078864,C/I: Popular,In Stock,WBO30291721_2019,"Today we are at the forefront of sustainable farming in the Walla Walla Valley, notably with our Estate Ferguson and Estate Seven Hills Vineyards, both of which are certified sustainable and certified Salmon Safe.",Wine:Product Detail:L'Ecole 41 Columbia Valley Syrah 2019,NY,PA,USD,28.99,5,1,5,1,winery-image,2018-04-27T22:55:25+0000,750,15,,92,,,,,91,,90,,,,
w384,Henriot Winery Video,https://www.wine.com/product/product/henriot-cuvee-hemera-with-gift-box-2006/827496,Vintage Sparkling Wine,73,Champagne,$199.99,"Champagne, France",827496,C/I: Long Tail,In Stock,PIN525416_2006,Henriot Winery Video,Wine:Product Detail:Henriot Cuvee Hemera with Gift Box 2006,NY,PA,USD,199.99,5,1,,,winery-video,2018-10-19T17:32:59+0000,750,12,94.0,94,,93,,,97,93,,,,,
w385,Pierre Gimonnet Winery Image,https://www.wine.com/product/product/pierre-gimonnet-premier-cru-blanc-de-blancs-brut/782223,Non-Vintage Sparkling Wine,76,Champagne,$63.99,"Champagne, France",782223,C/I: Long Tail,In Stock,SKRFRKPG01NV_0,Pierre Gimonnet Winery Image,Wine:Product Detail:Pierre Gimonnet Premier Cru Blanc de Blancs Brut,NY,PA,USD,63.99,5,1,5,1,winery-image,2018-02-01T23:41:48+0000,750,12.5,92.0,90,,91,,93,,91,,,,,
w386,De Toren Cellar,https://www.wine.com/product/product/de-toren-fusion-v-2018/871819,Bordeaux Red Blends,244,Stellenbosch,$56.99,"Stellenbosch, South Africa",871819,C/I: Long Tail,In Stock,PIN544382_2018,"As a result of De Toren’s innovative, minimal intervention production methods, their wines were among the first South African bottlings to qualify for IPW (Integrated Production of Wine) certification by the Wine and Spirits Board.",Wine:Product Detail:De Toren Fusion V 2018,NY,PA,USD,56.99,5,1,,,winery-image,2020-04-07T00:19:25+0000,750,14.7,92.0,91,,,,90,,91,,,,,
w387,2018 Brunello di Montalcino,https://www.wine.com/product/product/baricci-colombaio-montosoli-brunello-di-montalcino-2018/1263362,Sangiovese,220,Montalcino,$104.99,"Montalcino, Tuscany, Italy",1263362,C/I: Long Tail,In Stock,VIYITBARIBR7518_2018,"Baricci Colombaio Montosoli Brunello di Montalcino 2018 from Montalcino, Tuscany, Italy - Ruby red color, which tends to garnet red with ageing. Very complex and intense nose, with fleshy fruit aromas, followed by elegant faded violet and rose notes....",Wine:Product Detail:Baricci Colombaio Montosoli Brunello di Montalcino 2018,NY,PA,USD,104.99,5,1,,,,,750,14.5,,96,,,,,,,,,,,
w388,Louisa Rose. Chief Winemaker,https://www.wine.com/product/product/yalumba-samuels-collection-shiraz-2019/1184073,Syrah/Shiraz,683,Barossa,$19.99,"Barossa, South Australia, Australia",1184073,C/I: Long Tail,In Stock,WBO30295758_2019,Yalumba Louisa Rose. Chief Winemaker Winery Image,Wine:Product Detail:Yalumba Samuel's Collection Shiraz 2019,NY,PA,USD,19.99,5,1,,,winery-image,2018-05-02T18:14:15+0000,750,14.5,90.0,90,,,,,,,,,,,
w389,Mount Veeder Sunrise,https://www.wine.com/product/product/mount-veeder-winery-reserve-red-2017/814322,Bordeaux Red Blends,165,Mt. Veeder,$119.99,"Mt. Veeder, Napa Valley, California",814322,C/I: Exception,In Stock,PIN550553_2017,"Morning temperatures are warmer for the vines of Mount Veeder, sitting high above the Napa Valley morning fog line at 1500 ft. in elevation .",Wine:Product Detail:Mount Veeder Winery Reserve Red 2017,NY,PA,USD,119.99,5,1,,,winery-image,2019-02-13T17:24:39+0000,750,14.5,,94,,,,,90,91,,,,,
w390,Jean Laurent Cellar,https://www.wine.com/product/product/jean-laurent-blanc-de-noirs/18869,Non-Vintage Sparkling Wine,42,Champagne,$56.99,"Champagne, France",18869,C/I: Long Tail,In Stock,REG2122827NV_0,The centuries old cellar at Jean Laurent in Celle sur Ource.,Wine:Product Detail:Jean Laurent Blanc de Noirs,NY,PA,USD,56.99,5,1,,,winery-image,2023-04-04T15:31:00+0000,750,12,,90,,,,,90,,,,,,
w391,Chateau Clinet Winery Image,https://www.wine.com/product/product/chateau-clinet-2019/583630,Bordeaux Red Blends,22,Pomerol,$144.99,"Pomerol, Bordeaux, France",583630,C/I: Luxury BDX,In Stock,FNY583630_2019,Chateau Clinet Winery Image,Wine:Product Detail:Chateau Clinet 2019,NY,PA,USD,144.99,5,1,,,winery-image,2018-02-01T23:41:42+0000,750,0,98.0,93,,95,,,,97,98,,,,
w392,Louisa Rose,https://www.wine.com/product/product/jansz-premium-cuvee/90756,Non-Vintage Sparkling Wine,264,Tasmania,$25.99,"Tasmania, Australia",90756,C/I: Long Tail,In Stock,WBO30079313_0,Jansz Louisa Rose Winery Image,Wine:Product Detail:Jansz Premium Cuvee,NY,PA,USD,25.99,5,1,5,1,winery-image,2020-01-03T19:33:52+0000,750,12,90.0,90,,,,,93,,,,,,
w393,Wine Barrels,https://www.wine.com/product/product/clos-apalta-2012/156251,Bordeaux Red Blends,64,Colchagua Valley,$99.99,"Colchagua Valley, Rapel Valley, Chile",156251,C/I: Long Tail,In Stock,CVY156251_2012,"In Clos Apalta Winery, each space is warmly illuminated, with sacred atmospheres that evoke the celestial vault and the constellation of the cross of the south, where the wine is permeated day by day from the elements delivered by the wood.",Wine:Product Detail:Clos Apalta 2012,NY,PA,USD,99.99,5,1,5,1,winery-image,2019-09-27T23:49:45+0000,750,14,94.0,93,96,,,,94,91,,,,,
w394,Aerial View of Champagne Vineyards,https://www.wine.com/product/product/perrier-jouet-grand-brut/523,Non-Vintage Sparkling Wine,25,Champagne,$69.99,"Champagne, France",523,C/I: Popular,In Stock,PIN928790_0,Perrier-Jouët Aerial View of Champagne Vineyards Winery Image,Wine:Product Detail:Perrier-Jouet Grand Brut,NY,PA,USD,69.99,5,1,5,1,winery-image,2018-04-27T21:06:19+0000,750,12,91.0,90,,,,,90,,,,,,
w395,Quinta de Vargellas at Night,https://www.wine.com/product/product/taylor-fladgate-20-year-old-tawny/1561,Port,621,Douro,$54.99,"Douro, Portugal",1561,C/I: KVI,In Stock,CGM65421_0,Taylor Fladgate Quinta de Vargellas at Night Winery Image,Wine:Product Detail:Taylor Fladgate 20 Year Old Tawny,NY,PA,USD,54.99,5,1,5,1,winery-image,2020-09-16T17:10:16+0000,750,20,,93,,92,,90,93,93,,,,,95
w396,Sine Qua Non Winery Image,https://www.wine.com/product/product/sine-qua-non-the-duel-grenache-2008/120767,Grenache,1,California,$659.99,California,120767,C/I: Exception,In Stock,ENG120767_2008,Sine Qua Non Winery Image,Wine:Product Detail:Sine Qua Non The Duel Grenache 2008,NY,PA,USD,659.99,5,1,,,winery-image,2018-02-01T23:41:40+0000,750,15.8,,92,,,,,,97,,,,,
w397,Original Storage Tanks,https://www.wine.com/product/product/heitz-cellar-napa-valley-cabernet-sauvignon-15-liter-magnum-2017/1202022,Cabernet Sauvignon,35,Napa Valley,$219.99,"Napa Valley, California",1202022,C/I: Exception,In Stock,PIN570707_2017,Heitz Cellar Original Storage Tanks Winery Image,Wine:Product Detail:Heitz Cellar Napa Valley Cabernet Sauvignon (1.5 Liter Magnum) 2017,NY,PA,USD,219.99,5,1,,,winery-image,2020-05-28T21:57:12+0000,1500,14,,91,,,,,92,90,,,,,
w398,Chardonnay Vineyards,https://www.wine.com/product/product/laurent-perrier-grand-siecle-no-23-15-liter-magnum-with-gift-box/833269,Non-Vintage Sparkling Wine,90,Champagne,$579.97,"Champagne, France",833269,C/I: Exception,In Stock,WBO30291197_0,Chardonnay Vineyards at the Laurent-Perrier Domaine in Tours-sur-Marne,Wine:Product Detail:Laurent-Perrier Grand Siecle No. 23 (1.5 Liter Magnum) with Gift Box,NY,PA,USD,579.97,5,1,,,winery-image,2018-11-14T00:43:19+0000,1500,12,99.0,95,98,96,,,,96,,,,,
w399,Vintners Robin and Michelle Baggett,https://www.wine.com/product/product/alpha-omega-cabernet-sauvignon-2019/1040416,Cabernet Sauvignon,63,Napa Valley,$149.99,"Napa Valley, California",1040416,C/I: Exception,In Stock,OPI46149_2019,Alpha Omega Vintners Robin and Michelle Baggett Winery Image,Wine:Product Detail:Alpha Omega Cabernet Sauvignon 2019,NY,PA,USD,149.99,5,1,,,winery-image,2023-03-30T01:02:09+0000,750,14.7,95.0,93,,,,,94,91,92,,,,
w400,Winemaker Tim Jones,https://www.wine.com/product/product/four-graces-pinot-noir-375ml-half-bottle-2021/1185517,Pinot Noir,267,Willamette Valley,$14.99,"Willamette Valley, Oregon",1185517,C/I: Exception,In Stock,PIN561942_2021,Four Graces Winemaker Tim Jones Winery Image,Wine:Product Detail:Four Graces Pinot Noir (375ML half-bottle) 2021,NY,PA,USD,14.99,5,1,,,winery-image,2020-03-11T18:53:05+0000,375,14.1,,92,,,,91,,,,,,,
w401,Monte Bello ,https://www.wine.com/product/product/ridge-paso-robles-zinfandel-2021/1239106,Zinfandel,118,Paso Robles,$48.99,"Paso Robles, Central Coast, California",1239106,C/I: Popular,In Stock,WLD20364_2021,Ridge Monte Bello  Winery Image,Wine:Product Detail:Ridge Paso Robles Zinfandel 2021,NY,PA,USD,48.99,5,1,,,winery-image,2020-03-12T22:18:34+0000,750,14.8,,93,93,,,,,,,,90,,
w402,Baron Albert Frère and Bernard Arnault,https://www.wine.com/product/product/chateau-cheval-blanc-2018/520405,Bordeaux Red Blends,7,St. Emilion,$809.99,"St. Emilion, Bordeaux, France",520405,C/I: Luxury BDX,In Stock,FNY520405_2018,"Two old friends and lovers of great wine, joined forces to became the owners of this fabled Chateau in Saint-Emilion. They injected a dynamic new spirit, while respecting the Chateau's history and existing facilities. ",Wine:Product Detail:Chateau Cheval Blanc 2018,NY,PA,USD,809.99,5,1,,,winery-image,2018-10-18T17:08:04+0000,750,14.5,99.0,97,,100,,,98,98,98,,,,
w403,Taittinger's Château de la Marquetterie,https://www.wine.com/product/product/taittinger-brut-millesime-2015/982221,Vintage Sparkling Wine,279,Champagne,$129.99,"Champagne, France",982221,C/I: Long Tail,In Stock,CGM52770_2015,Champagne Taittinger Taittinger's Château de la Marquetterie Winery Image,Wine:Product Detail:Taittinger Brut Millesime 2015,NY,PA,USD,129.99,5,1,,,winery-image,2020-09-11T20:08:28+0000,750,12.5,93.0,93,,90,,,,,93,,,,
w404,Col d'Orcia Winery Image,https://www.wine.com/product/product/col-dorcia-brunello-di-montalcino-2018/1230379,Sangiovese,1216,Montalcino,$64.99,"Montalcino, Tuscany, Italy",1230379,C/I: Popular,In Stock,EDV71965_2018_2018,Col d'Orcia Winery Image,Wine:Product Detail:Col d'Orcia Brunello di Montalcino 2018,NY,PA,USD,64.99,5,1,,,winery-image,2019-04-04T16:56:24+0000,750,14.5,93.0,94,,93,,,,93,93,,93,,
w405,Tony Soter ,https://www.wine.com/product/product/soter-vineyards-estates-pinot-noir-2021/1218866,Pinot Noir,26,Willamette Valley,$61.99,"Willamette Valley, Oregon",1218866,C/I: Long Tail,In Stock,SKRUSSOV2021_2021,Soter Vineyards Tony Soter  Winery Image,Wine:Product Detail:Soter Vineyards Estates Pinot Noir 2021,NY,PA,USD,61.99,5,1,,,winery-image,2020-03-12T17:35:04+0000,750,13.8,94.0,94,,,,,,92,,,,,
w406,Domaine de la Charbonniere  Winery Image,https://www.wine.com/product/product/domaine-de-la-charbonniere-chateauneuf-du-pape-2019/780180,Rhone Red Blends,39,Chateauneuf-du-Pape,$61.99,"Chateauneuf-du-Pape, Rhone, France",780180,C/I: Long Tail,In Stock,BAR1706_19_2019,Domaine de la Charbonniere  Winery Image,Wine:Product Detail:Domaine de la Charbonniere Chateauneuf-du-Pape 2019,NY,PA,USD,61.99,5,1,5,1,winery-image,2018-02-01T23:41:52+0000,750,16,94.0,92,,,,,,91,94,,,,
w407,Medici Vineyard,https://www.wine.com/product/product/j-christopher-basalte-pinot-noir-2018/1010197,Pinot Noir,194,Chehalem Mountains,$29.99,"Chehalem Mountains, Willamette Valley, Oregon",1010197,C/I: Long Tail,In Stock,WBO30293857_2018,A Riesling Block on the Marine Sediment Soils of the Medici Vineyard,Wine:Product Detail:J. Christopher Basalte Pinot Noir 2018,NY,PA,USD,29.99,5,1,5,1,winery-image,2019-12-17T23:19:22+0000,750,13.5,93.0,92,,,,92,,,,,,,
w408,Champagne Pommery  Winery Image,https://www.wine.com/product/product/pommery-blanc-de-blancs-brut/1027632,Non-Vintage Sparkling Wine,218,Champagne,$74.99,"Champagne, France",1027632,C/I: Popular,In Stock,PIN931647_0,Champagne Pommery  Winery Image,Wine:Product Detail:Pommery Blanc de Blancs Brut,NY,PA,USD,74.99,5,1,,,winery-image,2018-02-01T23:41:53+0000,750,12.5,,90,91,95,,,91,,,,,,
w409,Ridgeline Vineyard Cabernet Sauvignon,https://www.wine.com/product/product/decoy-limited-sonoma-coast-pinot-noir-2021/1350000,Pinot Noir,651,Sonoma Coast,$29.99,"Sonoma Coast, Sonoma County, California",1350000,C/I: Long Tail,In Stock,PIN598105_2021,This storied vineyard is important to our Decoy Sonoma Country Cabernet Sauvignon and Merlot imparting lush fruit and structured tannins to the wines.,Wine:Product Detail:Decoy Limited Sonoma Coast Pinot Noir 2021,NY,PA,USD,29.99,5,1,,,winery-image,2018-04-18T19:20:08+0000,750,14.1,,90,,,,,,,,,,,
w410,Louis Pommery  Winery Image,https://www.wine.com/product/product/louis-pommery-brut-california/355835,Non-Vintage Sparkling Wine,463,California,$23.99,California,355835,C/I: Long Tail,In Stock,PIN564947_0,Louis Pommery  Winery Image,Wine:Product Detail:Louis Pommery Brut California,NY,PA,USD,23.99,5,1,5,1,winery-image,2021-04-20T22:15:04+0000,750,12.5,,90,,91,,,90,,,,,,
w411,Tolaini  Winery Image,https://www.wine.com/product/product/tolaini-valdisanti-toscana-2019/1158153,Other Red Blends,177,Tuscany,$36.99,"Tuscany, Italy",1158153,C/I: Popular,In Stock,BJWBJ06091_2019,Tolaini  Winery Image,Wine:Product Detail:Tolaini Valdisanti Toscana 2019,NY,PA,USD,36.99,5,1,5,1,winery-image,2020-02-25T18:52:29+0000,750,13.5,94.0,93,,,,,91,94,,,,,
w412,Otuwhero Estates  Winery Image,https://www.wine.com/product/product/otuwhero-estates-otu-sauvignon-blanc-2021/1040711,Sauvignon Blanc,171,Marlborough,$19.99,"Marlborough, New Zealand",1040711,C/I: Long Tail,In Stock,WBO30290874_2021,The vineyards of OTUand the difference in slopes and climate differences of Marlborough.,Wine:Product Detail:Otuwhero Estates OTU Sauvignon Blanc 2021,NY,PA,USD,19.99,5,1,5,1,winery-image,2022-05-27T22:38:49+0000,750,13,,90,,,,,90,,,,,,
w413,G.H. Mumm Winery Image,https://www.wine.com/product/product/gh-mumm-brut-grand-cordon/265701,Non-Vintage Sparkling Wine,632,Champagne,$51.99,"Champagne, France",265701,C/I: Popular,In Stock,PIN418031_0,G.H. Mumm Winery Image,Wine:Product Detail:G.H. Mumm Brut Grand Cordon,NY,PA,USD,51.99,5,1,5,1,winery-image,2018-05-01T23:12:34+0000,750,12,91.0,91,,92,,,90,,,,,,
w414,Paul Hobbs  Winery Image,https://www.wine.com/product/product/paul-hobbs-beckstoffer-las-piedras-cabernet-sauvignon-2018/1162603,Cabernet Sauvignon,2,St. Helena,$309.99,"St. Helena, Napa Valley, California",1162603,C/I: Exception,In Stock,PIN536558_2018,Paul Hobbs and Jennie Murphy sampling freshly fermenting Pinot Noir during harvest,Wine:Product Detail:Paul Hobbs Beckstoffer Las Piedras Cabernet Sauvignon 2018,NY,PA,USD,309.99,5,1,,,winery-image,2021-08-27T23:48:46+0000,750,14,96.0,95,,,,,,98,,,,,
w415,Giovanni Viberti,https://www.wine.com/product/product/viberti-la-gemella-barbera-dalba-2021/1300353,Barbera,118,Alba,$18.99,"Alba, Piedmont, Italy",1300353,C/I: Long Tail,In Stock,OPI75689_2021,Viberti Giovanni Viberti Winery Image,Wine:Product Detail:Viberti La Gemella Barbera d'Alba 2021,NY,PA,USD,18.99,5,1,,,winery-image,2018-07-12T21:28:01+0000,750,14,90.0,91,,,,,,,,,,,
w416,"Maison Lanson, The Tour Entrance",https://www.wine.com/product/product/lanson-le-black-label-brut/38479,Non-Vintage Sparkling Wine,617,Champagne,$49.99,"Champagne, France",38479,C/I: Popular,In Stock,PIN282304_0,"Since 1760, Lanson has always been committed to the values of kindness, hospitality and openness. They are devoted to welcoming and sharing their history and expertise by opening their doors to everyone, from beginners to the most demanding epicureans.",Wine:Product Detail:Lanson Le Black Label Brut,NY,PA,USD,49.99,5,1,5,1,winery-image,2020-10-08T21:46:04+0000,750,12.5,92.0,91,,92,,90,92,,90,,,,92
w417,Chateau Trotte Vieille Winery Image,https://www.wine.com/product/product/chateau-trotte-vieille-2019/631222,Bordeaux Red Blends,13,St. Emilion,$89.99,"St. Emilion, Bordeaux, France",631222,C/I: Luxury BDX,In Stock,FNY631222_2019,Chateau Trotte Vieille Winery Image,Wine:Product Detail:Chateau Trotte Vieille 2019,NY,PA,USD,89.99,5,1,,,winery-image,2018-02-01T23:41:50+0000,750,15,97.0,93,,,,,97,93,95,,,,
w418,"VINCENT CHAPERON, THE CELLAR MASTER",https://www.wine.com/product/product/dom-perignon-p2-vintage-in-gift-box-2004/1154457,Vintage Sparkling Wine,9,Champagne,$499.97,"Champagne, France",1154457,C/I: Exception,In Stock,CGM55338_2004,In 2019 Vincent Chaperon became the Dom Pérignon Chef de Cave. He was born to a Bordeaux winemaking family where vineyards are a legacy and wine is a culture. Vincent sees Dom Pérignon’s vision – harmony as a source of emotion – as a true raison d’être. ,Wine:Product Detail:Dom Perignon P2 Vintage in Gift Box 2004,NY,PA,USD,499.97,5,1,,,winery-image,2021-05-15T19:05:10+0000,750,12.5,97.0,97,,96,,,,95,,,,,
w419,Royal Tokaji Region Map,https://www.wine.com/product/product/royal-tokaji-6-puttonyos-gold-label-500ml-2017/1189481,Other Dessert,23,Hungary,$99.99,Hungary,1189481,C/I: Long Tail,In Stock,WDW10000600601817_2017,Royal Tokaji Wine Company Royal Tokaji Region Map Winery Image,Wine:Product Detail:Royal Tokaji 6 Puttonyos (Gold Label) (500ML) 2017,NY,PA,USD,99.99,5,1,,,winery-image,2019-11-08T20:43:19+0000,500,10.5,,92,,95,,95,96,,,,,,
w420,Serralunga D'Alba Fratelli Seghesio,https://www.wine.com/product/product/fratelli-seghesio-barolo-la-villa-2015/552869,Nebbiolo,24,Barolo,$52.99,"Barolo, Piedmont, Italy",552869,C/I: Exception,In Stock,SKRITSGH2015_2015,Fratelli Seghesio Serralunga D'Alba Fratelli Seghesio Winery Image,Wine:Product Detail:Fratelli Seghesio Barolo La Villa 2015,NY,PA,USD,52.99,5,1,,,winery-image,2020-07-08T13:42:13+0000,750,14.5,93.0,94,,,,,90,,,,,,
w421,Castello di Volpaia Winery Image,https://www.wine.com/product/product/castello-di-volpaia-chianti-classico-2020/996401,Sangiovese,336,Chianti Classico,$28.99,"Chianti Classico, Chianti, Tuscany, Italy",996401,C/I: Popular,In Stock,WDW10000820202620_2020,Castello di Volpaia Winery Image,Wine:Product Detail:Castello di Volpaia Chianti Classico 2020,NY,PA,USD,28.99,5,1,5,1,winery-image,2019-06-03T15:55:31+0000,750,13.5,93.0,92,,,,,,90,92,,,,
w422,Zuccardi Winery,https://www.wine.com/product/product/zuccardi-aluvional-altamira-malbec-2018/1130784,Malbec,83,Uco Valley,$94.99,"Uco Valley, Mendoza, Argentina",1130784,C/I: Long Tail,In Stock,WBO30295221_2018,Familia Zuccardi Vineyards Zuccardi Winery Winery Image,Wine:Product Detail:Zuccardi Aluvional Altamira Malbec 2018,NY,PA,USD,94.99,5,1,,,winery-image,2020-04-03T15:37:38+0000,750,14.5,94.0,94,94,,,,,97,,,,,
w423,Pontet-Canet Team,https://www.wine.com/product/product/chateau-pontet-canet-15-liter-magnum-2019/583846,Bordeaux Red Blends,16,Pauillac,$299.97,"Pauillac, Bordeaux, France",583846,C/I: Luxury BDX,In Stock,FNY583846_2019,"Melanie Tesseron (Niece of Alfred), Alfred Tesseron (second generation owner) and Jean-Michel Comme (Winemaker)",Wine:Product Detail:Chateau Pontet-Canet (1.5 Liter Magnum) 2019,NY,PA,USD,299.97,5,1,,,winery-image,2018-05-02T22:59:46+0000,1500,14,99.0,94,,96,,,99,93,92,,,,
w424,David Ramey in the Cellar,https://www.wine.com/product/product/ramey-pedregal-vineyard-cabernet-sauvignon-2016/1363525,Cabernet Sauvignon,17,Oakville,$195.99,"Oakville, Napa Valley, California",1363525,C/I: Popular,In Stock,SKRUSRAM4116_2016,Ramey’s Cabernet Sauvignon follows the Bordelaise model of terroir-riven wines blending different Bordeaux varietals.,Wine:Product Detail:Ramey Pedregal Vineyard Cabernet Sauvignon 2016,NY,PA,USD,195.99,5,1,,,winery-image,2019-11-05T18:25:24+0000,750,14.5,,92,,,,,97,96,95,,,,
w425,The Vajra Family,https://www.wine.com/product/product/gd-vajra-barolo-coste-di-rose-2018/912404,Nebbiolo,53,Barolo,$79.99,"Barolo, Piedmont, Italy",912404,C/I: Long Tail,In Stock,WBO30290706_2018,"In order from left to right: Giuseppe, Francesca, Isidoro (standing), Aldo & Milena (sitting). Smiles all around! ",Wine:Product Detail:G.D. Vajra Barolo Coste di Rose 2018,NY,PA,USD,79.99,5,1,,,winery-image,2020-10-16T19:02:05+0000,750,14.5,92.0,93,,92,,94,,94,,,,,
w426,Dutton Goldfield Vineyard,https://www.wine.com/product/product/dutton-goldfield-cherry-ridge-vineyard-syrah-2016/1150541,Syrah/Shiraz,118,Russian River,$51.99,"Russian River, Sonoma County, California",1150541,C/I: Long Tail,In Stock,TON72341_16_6PK_2016,Dutton-Goldfield Dutton Goldfield Vineyard Winery Image,Wine:Product Detail:Dutton-Goldfield Cherry Ridge Vineyard Syrah 2016,NY,PA,USD,51.99,5,1,5,1,winery-image,2018-04-16T16:58:21+0000,750,13.8,,92,,,,95,93,,,,,,
w427,View from Gallimardes,https://www.wine.com/product/product/domaine-de-marcoux-chateauneuf-du-pape-2019/780312,Rhone Red Blends,66,Chateauneuf-du-Pape,$73.99,"Chateauneuf-du-Pape, Rhone, France",780312,C/I: Exception,In Stock,IPOPI_EC6262_2019,Domaine de Marcoux View from Gallimardes Winery Image,Wine:Product Detail:Domaine de Marcoux Chateauneuf-du-Pape 2019,NY,PA,USD,73.99,5,1,5,1,winery-image,2018-09-26T21:41:57+0000,750,16,,94,,,,,95,93,93,,94,,
w428,Anna & Giuseppe Bianchini,https://www.wine.com/product/product/ciacci-piccolomini-daragona-brunello-di-montalcino-pianrosso-2018/1259841,Sangiovese,90,Montalcino,$94.99,"Montalcino, Tuscany, Italy",1259841,C/I: Exception,In Stock,SKRITCIA2018_2018,Ciacci Piccolomini d'Aragona Anna & Giuseppe Bianchini Winery Image,Wine:Product Detail:Ciacci Piccolomini d'Aragona Brunello di Montalcino Pianrosso 2018,NY,PA,USD,94.99,5,1,,,winery-image,2018-10-29T17:25:02+0000,750,14,97.0,94,,92,,,,96,,,,,
w429,Punta Karace,https://www.wine.com/product/product/donnafugata-mille-e-una-notte-2018/1229789,Nero d'Avola,129,Sicily,$94.99,"Sicily, Italy",1229789,C/I: Long Tail,In Stock,TON83316_18_6PK_2018,Donnafugata Punta Karace Winery Image,Wine:Product Detail:Donnafugata Mille e una Notte 2018,NY,PA,USD,94.99,5,1,5,1,winery-image,2020-03-20T21:49:31+0000,750,13.8,96.0,90,,,,,,92,,,,,
w430,Harvest,https://www.wine.com/product/product/duboeuf-macon-villages-2019/794601,Chardonnay,740,Macon Villages,$21.99,"Macon Villages, Maconnais, Burgundy, France",794601,C/I: Long Tail,In Stock,QWIGDMCFL197_2019,Georges Duboeuf Harvest Winery Image,Wine:Product Detail:Duboeuf Macon-Villages 2019,NY,PA,USD,21.99,5,1,5,1,winery-image,2018-03-20T19:55:33+0000,750,13,90.0,90,,,,,,,,,,,
w431,Lion in the Gardens,https://www.wine.com/product/product/chateau-leoville-barton-2015/157720,Bordeaux Red Blends,9,St-Julien,$119.99,"St-Julien, Bordeaux, France",157720,C/I: Luxury BDX,In Stock - Last Call,MIX157720_2015,Chateau Leoville Barton Lion in the Gardens Winery Image,Wine:Product Detail:Chateau Leoville Barton 2015,NY,PA,USD,119.99,5,1,5,1,winery-image,2019-03-25T22:51:19+0000,750,13,96.0,95,,93,,,97,95,97,,,,
w432,Ca' Del Pipa Vineyard,https://www.wine.com/product/product/michele-castellani-valpolicella-classico-superiore-san-michele-ripasso-2018/1066678,Other Red Blends,120,Valpolicella,$26.99,"Valpolicella, Veneto, Italy",1066678,C/I: Long Tail,In Stock,OPI52013_2018,"Vines are traditionally pergola-trained, according to the typical “pergola Veronese” system, but there are several vineyards grown with the guyot system. ",Wine:Product Detail:Michele Castellani Valpolicella Classico Superiore San Michele Ripasso 2018,NY,PA,USD,26.99,5,1,,,winery-image,2022-07-08T16:47:37+0000,750,14,90.0,91,,,,,,,,,,,
w433,Paul Hobbs  Winery Image,https://www.wine.com/product/product/paul-hobbs-coombsville-cabernet-sauvignon-2019/1236739,Cabernet Sauvignon,1208,Coombsville,$125.99,"Coombsville, Napa Valley, California",1236739,C/I: MAP,In Stock,PIN543383_2019,Paul Hobbs and Jennie Murphy sampling freshly fermenting Pinot Noir during harvest,Wine:Product Detail:Paul Hobbs Coombsville Cabernet Sauvignon 2019,NY,PA,USD,125.99,5,1,,,winery-image,2021-08-27T23:48:46+0000,750,14.8,94.0,93,,96,,,,,95,,,,
w434,Louisa Rose,https://www.wine.com/product/product/jansz-premium-rose/90757,Sparkling Rosé,253,Tasmania,$26.99,"Tasmania, Australia",90757,C/I: Long Tail,In Stock,WBO30078198_0,Jansz Louisa Rose Winery Image,Wine:Product Detail:Jansz Premium Rose,NY,PA,USD,26.99,5,1,5,1,winery-image,2020-01-03T19:33:52+0000,750,12.5,91.0,91,92,92,,90,,,,,,,
w435,"Le Ragnaie, pairs well with meals",https://www.wine.com/product/product/le-ragnaie-casanovina-montosoli-brunello-di-montalcino-2018/1234411,Sangiovese,8,Montalcino,$169.99,"Montalcino, Tuscany, Italy",1234411,C/I: Long Tail,In Stock,SHR107067_2018,"Le Ragnaie Le Ragnaie, pairs well with meals Winery Image",Wine:Product Detail:Le Ragnaie Casanovina Montosoli Brunello di Montalcino 2018,NY,PA,USD,169.99,5,1,,,winery-image,2020-09-18T16:36:13+0000,750,0,,94,,95,,,,95,96,,,,
w436,Mt. Brave Winery Image,https://www.wine.com/product/product/mt-brave-cabernet-sauvignon-2019/1290025,Cabernet Sauvignon,351,Mt. Veeder,$129.99,"Mt. Veeder, Napa Valley, California",1290025,C/I: MAP,In Stock,EDV130232_2019_2019,Mt. Brave Winery Image,Wine:Product Detail:Mt. Brave Cabernet Sauvignon 2019,NY,PA,USD,129.99,5,1,,,winery-image,2019-04-01T20:45:40+0000,750,14.5,96.0,94,,97,,,,94,95,,,,
w437,The Cellars,https://www.wine.com/product/product/chateau-mouton-rothschild-2009/117334,Bordeaux Red Blends,18,Pauillac,$899.99,"Pauillac, Bordeaux, France",117334,C/I: Luxury BDX,In Stock,FNY117334_2009,"The cellars at Mouton Rothschild comprise a bottle cellar, a reserve and the second-year cellar. The former contains about 120,000 bottles from exchanges between Mouton Rothschild and the greatest Bordeaux châteaux. The oldest bottle dates back to 1859.",Wine:Product Detail:Chateau Mouton Rothschild 2009,NY,PA,USD,899.99,5,1,5,1,winery-image,2018-11-07T22:55:11+0000,750,13.2,98.0,98,,99,,,,99,,,98,,
w438,La Mouline Vineyard in Cote-Rotie,https://www.wine.com/product/product/guigal-cote-rotie-la-landonne-2017/831135,Syrah/Shiraz,2,Cote Rotie,$559.99,"Cote Rotie, Rhone, France",831135,C/I: Exception,In Stock - Last Call,VNT0010170017_04_2017,"Here, on the stark and steep terrain formed by the Rhône River cultivated in terraces since ancient times, the Guigal family works the greatest appellations of the Rhône Valley with both passion and perseverance.",Wine:Product Detail:Guigal Cote Rotie La Landonne 2017,NY,PA,USD,559.99,5,1,,,winery-image,2018-09-20T14:52:28+0000,750,13.5,,97,,97,,,,99,99,,,,
w439,Grand Cru Ay Fut de Chene MV17 with Wooden Gift Box,https://www.wine.com/product/product/champagne-henri-giraud-grand-cru-ay-fut-de-chene-mv17-with-wooden-gift-box/1086525,Non-Vintage Sparkling Wine,39,Champagne,$239.99,"Champagne, France",1086525,C/I: Long Tail,In Stock,BAR554GB_17_0,"Champagne Henri Giraud Grand Cru Ay Fut de Chene MV17 with Wooden Gift Box from Champagne, France - Blend: 80% Pinot Noir, 20% Chardonnay...",Wine:Product Detail:Champagne Henri Giraud Grand Cru Ay Fut de Chene MV17 with Wooden Gift Box,NY,PA,USD,239.99,5,1,,,,,750,12,95.0,94,,,,,,,,,,,
w440,Filtering wine with egg whites,https://www.wine.com/product/product/bodegas-muga-prado-enea-gran-reserva-2015/1045504,Tempranillo,132,Rioja,$109.99,"Rioja, Spain",1045504,C/I: Long Tail,In Stock,WDW10500220352615_2015,Bodegas Muga Filtering wine with egg whites Winery Image,Wine:Product Detail:Bodegas Muga Prado Enea Gran Reserva 2015,NY,PA,USD,109.99,5,1,5,1,winery-image,2019-03-27T16:11:56+0000,750,14.5,97.0,94,,,,,,97,96,,,,
w441,Buehler Vineyards Winery Image,https://www.wine.com/product/product/buehler-cabernet-sauvignon-2019/1068208,Cabernet Sauvignon,711,Napa Valley,$38.99,"Napa Valley, California",1068208,C/I: Popular,In Stock,CGM54129_2019,Buehler Vineyards Winery Image,Wine:Product Detail:Buehler Cabernet Sauvignon 2019,NY,PA,USD,38.99,5,1,5,1,winery-image,2018-02-01T23:41:53+0000,750,14.5,91.0,91,,,,,92,,,,,,
w442,Sauvignon Blanc Pioneer,https://www.wine.com/product/product/mason-napa-valley-sauvignon-blanc-2021/980653,Sauvignon Blanc,100,Napa Valley,$19.99,"Napa Valley, California",980653,C/I: Popular,In Stock,PIN546284_2021,California Sauvignon Blanc pioneer Randy Mason founded Mason Cellars in Oakville in 1993 and has since been recognized as one of the best varietal producers in the country.,Wine:Product Detail:Mason Napa Valley Sauvignon Blanc 2021,NY,PA,USD,19.99,5,1,5,1,winery-image,2018-07-26T16:59:59+0000,750,14.2,,90,,,,,,,,,,,
w443,A New And Exciting Chapter For CHANDON,https://www.wine.com/product/product/chandon-blanc-de-pinot-noir/560274,Non-Vintage Sparkling Wine,655,Carneros,$22.99,"Carneros, California",560274,C/I: KVI,In Stock,CGM43413_0,"A new and exciting chapter for CHANDON, with a beautiful new identity that reflects the amazing quality of the wines. ",Wine:Product Detail:Chandon Blanc de Pinot Noir,NY,PA,USD,22.99,5,1,5,1,winery-image,2021-07-23T22:04:50+0000,750,12,,90,92,90,,,90,,,,,,
w444,Fanti  Winery Image,https://www.wine.com/product/product/fanti-vallocchio-brunello-di-montalcino-2017/971122,Sangiovese,10,Montalcino,$84.99,"Montalcino, Tuscany, Italy",971122,C/I: Long Tail,In Stock,SHR106436_2017,Fanti  Winery Image,Wine:Product Detail:Fanti Vallocchio Brunello di Montalcino 2017,NY,PA,USD,84.99,5,1,,,winery-image,2020-06-11T22:21:37+0000,750,15,93.0,93,,,,,,93,,,,,
w445,Barrels,https://www.wine.com/product/product/charles-de-cazanove-stradivarius-brut-2007/1077701,Vintage Sparkling Wine,553,Champagne,$63.99,"Champagne, France",1077701,C/I: Long Tail,In Stock,TON26023_07_12PK_2007,"Considered the unofficial capital of France’s Champagne region, the historic city of Reims is celebrated for its abundance of Champagne houses and vineyards, as well as its rich heritage.",Wine:Product Detail:Charles de Cazanove Stradivarius Brut 2007,NY,PA,USD,63.99,5,1,5,1,winery-image,2022-12-01T00:14:36+0000,750,12,,92,93,,,,,,,,,,
w446,The Cellar,https://www.wine.com/product/product/chateau-de-vaudieu-lavenue-chateauneuf-du-pape-2019/758022,Rhone Red Blends,45,Chateauneuf-du-Pape,$99.99,"Chateauneuf-du-Pape, Rhone, France",758022,C/I: Direct Import,In Stock,KNYMIPS_20064_19_2019,Chateau de Vaudieu The Cellar Winery Image,Wine:Product Detail:Chateau de Vaudieu L'Avenue Chateauneuf-du-Pape 2019,NY,PA,USD,99.99,5,1,,,winery-image,2018-09-19T21:17:23+0000,750,0,,95,,,,,,95,98,,,,
w447,Stags' Leap Winery Estate Vineyard,https://www.wine.com/product/product/stags-leap-winery-petite-sirah-2019/980683,Petite Sirah,610,Napa Valley,$46.99,"Napa Valley, California",980683,C/I: Popular,In Stock,CGM52705_2019,"The rock outcropping that forms the eastern boundary of the estate, the Stags Leap Palisades, sheds debris in the form of volcanic rhyolite and tuff, which is carried to the valley floor where it mingles with the deeper subsoil made up of Bale loam.",Wine:Product Detail:Stags' Leap Winery Petite Sirah 2019,NY,PA,USD,46.99,5,1,5,1,winery-image,2018-04-23T20:21:58+0000,750,14.4,93.0,90,,,,,,,92,,,,
w448,Tasting Room Lounge and Bar,https://www.wine.com/product/product/miner-family-paso-robles-viognier-2019/704520,Viognier,9,Paso Robles,$19.99,"Paso Robles, Central Coast, California",704520,C/I: Exception,In Stock,BJWBJ06855_2019,Miner Family Tasting Room Lounge and Bar Winery Image,Wine:Product Detail:Miner Family Paso Robles Viognier 2019,NY,PA,USD,19.99,5,1,5,1,winery-image,2020-10-15T19:15:30+0000,750,14.4,,92,,,,,,,,,,,
w449,Balasto Rock Inside the Winery,https://www.wine.com/product/product/bodega-garzon-uruguay-reserva-albarino-2022/1136007,Albarino,127,Uruguay,$21.99,Uruguay,1136007,C/I: Long Tail,In Stock,OPI33136_2022,Bodega Garzon Uruguay Balasto Rock Inside the Winery Winery Image,Wine:Product Detail:Bodega Garzon Uruguay Reserva Albarino 2022,NY,PA,USD,21.99,5,1,5,1,winery-image,2018-08-23T21:45:06+0000,750,12,,90,,,,,,,,,,,
w450,Alfred Gratien Bottles on Lees,https://www.wine.com/product/product/alfred-gratien-brut/54169,Non-Vintage Sparkling Wine,180,Champagne,$61.99,"Champagne, France",54169,C/I: Long Tail,In Stock,PIN385171_0,Alfred Gratien Alfred Gratien Bottles on Lees Winery Image,Wine:Product Detail:Alfred Gratien Brut,NY,PA,USD,61.99,5,1,5,1,winery-image,2022-02-09T22:05:46+0000,750,12.5,93.0,93,,,,,,,,,,,
w451,The Vice  Winery Image,https://www.wine.com/product/product/the-vice-stags-leap-cabernet-sauvignon-2019/936897,Cabernet Sauvignon,9,Stags Leap District,$61.99,"Stags Leap District, Napa Valley, California",936897,C/I: Long Tail,In Stock,CGM51953_2019,The Vice  Winery Image,Wine:Product Detail:The Vice Stags Leap Cabernet Sauvignon 2019,NY,PA,USD,61.99,5,1,,,winery-image,2019-07-08T15:16:05+0000,750,14.8,90.0,91,,,,,,,,,,,
w452,Oak Casks,https://www.wine.com/product/product/roederer-estate-brut-375ml-half-bottle/129950,Non-Vintage Sparkling Wine,713,Anderson Valley,$16.99,"Anderson Valley, Mendocino, California",129950,C/I: Exception,In Stock,CGM23476_0,"As the winemaker carefully ranks the wines from each harvest, some of the finest lots are selected for further aging in French oak casks. While kept in these large wood tanks, the wine develops in complexity. ",Wine:Product Detail:Roederer Estate Brut (375ML half-bottle),NY,PA,USD,16.99,5,1,5,1,winery-image,2018-04-10T17:02:19+0000,375,12.5,92.0,92,,93,,90,91,93,,,,90,
w453,2015 Cuvee Viva,https://www.wine.com/product/product/chateau-gigault-cuvee-viva-2015/837849,Bordeaux Red Blends,1674,Bordeaux,$19.99,"Bordeaux, France",837849,C/I: Exception,In Stock,TON1575_15_2015,"Chateau Gigault Cuvee Viva 2015 from Bordeaux, France - ...",Wine:Product Detail:Chateau Gigault Cuvee Viva 2015,NY,PA,USD,19.99,5,1,5,1,,,750,0,92.0,90,,,,,,91,,,,,
w454,Roberto Guerrini,https://www.wine.com/product/product/fuligni-brunello-di-montalcino-2017/966373,Sangiovese,17,Montalcino,$114.99,"Montalcino, Tuscany, Italy",966373,C/I: Popular,In Stock,PIN542510_2017,Fuligni Roberto Guerrini Winery Image,Wine:Product Detail:Fuligni Brunello di Montalcino 2017,NY,PA,USD,114.99,5,1,,,winery-image,2018-10-29T22:16:15+0000,750,14,96.0,92,,93,,,92,95,,,,,
w455,McPrice Myers,https://www.wine.com/product/product/mcprice-myers-pound-for-pound-zinfandel-2021/1140981,Zinfandel,37,Paso Robles,$22.99,"Paso Robles, Central Coast, California",1140981,C/I: Long Tail,In Stock,PIN571776_2021,,Wine:Product Detail:McPrice Myers Pound for Pound Zinfandel 2021,NY,PA,USD,22.99,5,1,5,1,winery-image,2022-09-07T15:19:38+0000,750,14.8,,91,,,,,92,94,,,,,
w456,Escarpment Vineyards  Winery Image,https://www.wine.com/product/product/escarpment-martinborough-pinot-noir-2019/1168363,Pinot Noir,42,Martinborough,$46.99,"Martinborough, New Zealand",1168363,C/I: Long Tail,In Stock,OPI10091_2019,Escarpment Vineyards  Winery Image,Wine:Product Detail:Escarpment Martinborough Pinot Noir 2019,NY,PA,USD,46.99,5,1,5,1,winery-image,2019-08-13T16:53:51+0000,750,13.5,93.0,94,,,,,95,90,,,,,
w457,Chateau Latour Barrel Room,https://www.wine.com/product/product/chateau-latour-1-bottle-in-owc-2015/1251037,Bordeaux Red Blends,35,Pauillac,$719.97,"Pauillac, Bordeaux, France",1251037,C/I: Luxury BDX,In Stock,FNY_1251037_2015,Chateau Latour Chateau Latour Barrel Room Winery Image,Wine:Product Detail:Chateau Latour (1 Bottle in OWC) 2015,NY,PA,USD,719.97,5,1,,,winery-image,2023-03-02T19:01:44+0000,750,0,98.0,97,,98,,,99,98,,,,,
w458,Inside the Staglin Cave,https://www.wine.com/product/product/staglin-cabernet-sauvignon-2019/1137461,Cabernet Sauvignon,386,Rutherford,$299.99,"Rutherford, Napa Valley, California",1137461,C/I: MAP,In Stock,EDV132684_2019_2019,Staglin Family Vineyard Inside the Staglin Cave Winery Image,Wine:Product Detail:Staglin Cabernet Sauvignon 2019,NY,PA,USD,299.99,5,1,,,winery-image,2022-03-29T15:37:56+0000,750,14.9,,93,94,,,,,,,,96,,
w459,Schramsberg,https://www.wine.com/product/product/schramsberg-brut-rose-15-liter-magnum-2018/1254101,Sparkling Rosé,7,North Coast,$99.99,"North Coast, California",1254101,C/I: Exception,In Stock,WDW10000620303218_2018,Schramsberg is a registered historic landmark.,Wine:Product Detail:Schramsberg Brut Rose (1.5 Liter Magnum) 2018,NY,PA,USD,99.99,5,1,,,winery-image,2020-12-21T22:17:02+0000,1500,12.6,,93,,,,,92,92,,,,92,92
w460,2018 Fracture Syrah,https://www.wine.com/product/product/booker-vineyard-fracture-syrah-2018/873106,Syrah/Shiraz,5,Paso Robles,$99.99,"Paso Robles, Central Coast, California",873106,C/I: Exception,In Stock,PIN511608_2018,"Booker Vineyard Fracture Syrah 2018 from Paso Robles, Central Coast, California - Deep and mysterious at first sight, the 2018 vintage is rich and velvety on your palate. There is an interesting balance of earth and fruit, with traces of swee...",Wine:Product Detail:Booker Vineyard Fracture Syrah 2018,NY,PA,USD,99.99,5,1,,,,,750,14.9,,91,95,,,,,,,,,,
w461,Chateau Langoa Barton Winery Image,https://www.wine.com/product/product/chateau-langoa-barton-2019/583746,Bordeaux Red Blends,71,St-Julien,$59.99,"St-Julien, Bordeaux, France",583746,C/I: Luxury BDX,In Stock,FNY583746_2019,Chateau Langoa Barton Winery Image,Wine:Product Detail:Chateau Langoa Barton 2019,NY,PA,USD,59.99,5,1,,,winery-image,2018-02-01T23:41:47+0000,750,14,96.0,93,,94,,,96,94,94,,,,
w462,Aerial View of Champagne Vineyards,https://www.wine.com/product/product/perrier-jouet-blason-rose/110757,Sparkling Rosé,484,Champagne,$79.99,"Champagne, France",110757,C/I: Long Tail,In Stock,PIN928789_0,Perrier-Jouët Aerial View of Champagne Vineyards Winery Image,Wine:Product Detail:Perrier-Jouet Blason Rose,NY,PA,USD,79.99,5,1,5,1,winery-image,2018-04-27T21:06:19+0000,750,12,92.0,93,,91,,,,90,,,,,
w463,Limestone Soil,https://www.wine.com/product/product/simonnet-febvre-chablis-les-clos-grand-cru-2020/1341123,Chardonnay,111,Chablis,$119.99,"Chablis, Burgundy, France",1341123,C/I: Long Tail,In Stock,TON10664_20_2020,Simonnet-Febvre Limestone Soil Winery Image,Wine:Product Detail:Simonnet-Febvre Chablis Les Clos Grand Cru 2020,NY,PA,USD,119.99,5,1,5,1,winery-image,2023-06-26T21:39:25+0000,750,13,95.0,93,,,,,,,,,,,
w464,The Comtesse De Lalande,https://www.wine.com/product/product/chateau-pichon-longueville-comtesse-de-lalande-2019/583834,Bordeaux Red Blends,11,Pauillac,$259.99,"Pauillac, Bordeaux, France",583834,C/I: Luxury BDX,In Stock,FNY583834_2019,Chateau Pichon Longueville Comtesse de Lalande The Comtesse De Lalande Winery Image,Wine:Product Detail:Chateau Pichon Longueville Comtesse de Lalande 2019,NY,PA,USD,259.99,5,1,5,1,winery-image,2018-05-02T20:40:24+0000,750,14,99.0,96,,98,,,98,98,99,,,,
w465,Louisa Rose. Chief Winemaker,https://www.wine.com/product/product/yalumba-y-series-shiraz-2019/716762,Syrah/Shiraz,22,South Australia,$12.99,"South Australia, Australia",716762,C/I: Long Tail,In Stock,WBO30286143_2019,Yalumba Louisa Rose. Chief Winemaker Winery Image,Wine:Product Detail:Yalumba Y Series Shiraz 2019,NY,PA,USD,12.99,5,1,5,1,winery-image,2018-05-02T18:14:15+0000,750,14.5,,91,,,,,,,,,,,
w466,Deutz Champagne Winery Image,https://www.wine.com/product/product/deutz-brut-classic/8503,Non-Vintage Sparkling Wine,50,Champagne,$54.99,"Champagne, France",8503,C/I: Exception,In Stock,MSE377290_0,Deutz Champagne Winery Image,Wine:Product Detail:Deutz Brut Classic,NY,PA,USD,54.99,5,1,5,1,winery-image,2018-02-01T23:41:50+0000,750,12,93.0,91,92,91,,,90,90,,,,,
w467,Visitor Center,https://www.wine.com/product/product/duckhorn-the-discussion-2018/1014796,Bordeaux Red Blends,5,Napa Valley,$154.99,"Napa Valley, California",1014796,C/I: Popular,In Stock,PIN551261_2018,"Unveiled in 2001, our estate house and tasting room feature a traditional design with a wrap-around veranda, nestled in beautiful St. Helena.",Wine:Product Detail:Duckhorn The Discussion 2018,NY,PA,USD,154.99,5,1,5,1,winery-image,2018-04-18T19:51:31+0000,750,14.5,94.0,91,93,,,,,,95,,,,
w468,Hand Sorting,https://www.wine.com/product/product/poggio-antico-brunello-di-montalcino-2018/1269565,Sangiovese,831,Montalcino,$73.99,"Montalcino, Tuscany, Italy",1269565,C/I: Exception,In Stock,TON83248_18_6PK_2018,"Low yields, together with hand pruning, harvest and selection, help to guarantee high quality production.",Wine:Product Detail:Poggio Antico Brunello di Montalcino 2018,NY,PA,USD,73.99,5,1,5,1,winery-image,2018-06-26T20:33:15+0000,750,14,94.0,94,,,,,,94,,,,,
w469,Winemaker Shane Moore,https://www.wine.com/product/product/zena-crown-vineyard-conifer-pinot-noir-2018/877417,Pinot Noir,2,Eola-Amity Hills,$79.99,"Eola-Amity Hills, Willamette Valley, Oregon",877417,C/I: Long Tail,In Stock,EDV132485_2018_2018,Zena Crown Vineyard Winemaker Shane Moore Winery Image,Wine:Product Detail:Zena Crown Vineyard Conifer Pinot Noir 2018,NY,PA,USD,79.99,5,1,,,winery-image,2018-04-04T00:22:26+0000,750,13.5,92.0,95,,,,,,95,,,92,,
w470,Harvest,https://www.wine.com/product/product/duboeuf-pouilly-fuisse-emile-beranger-2020/1158819,Chardonnay,510,Pouilly-Fuisse,$39.99,"Pouilly-Fuisse, Maconnais, Burgundy, France",1158819,C/I: Long Tail,In Stock,QWIGDPFEB207_2020,Georges Duboeuf Harvest Winery Image,Wine:Product Detail:Duboeuf Pouilly-Fuisse Emile Beranger 2020,NY,PA,USD,39.99,5,1,,,winery-image,2018-03-20T19:55:33+0000,750,13,90.0,91,93,,,,,,,,,,
w471,Henriot Winery Video,https://www.wine.com/product/product/henriot-brut-vintage-rose-2012/686054,Sparkling Rosé,101,Champagne,$139.99,"Champagne, France",686054,C/I: Long Tail,In Stock,PIN949379_2012,Henriot Winery Video,Wine:Product Detail:Henriot Brut Vintage Rose 2012,NY,PA,USD,139.99,5,1,5,1,winery-video,2018-10-19T17:32:59+0000,750,12,93.0,93,,97,,92,,93,,,,,
w472,Domaine Huet Winery Image,https://www.wine.com/product/product/domaine-huet-haut-lieu-moelleux-premier-trie-2020/777107,Chenin Blanc,10,Vouvray,$67.99,"Vouvray, Touraine, Loire, France",777107,C/I: Long Tail,In Stock,PSLFHT174_2020,Domaine Huet Winery Image,Wine:Product Detail:Domaine Huet Haut Lieu Moelleux Premier Trie 2020,NY,PA,USD,67.99,5,1,,,winery-image,2018-02-01T23:41:45+0000,750,0,,95,,,,,,96,,,,,
w473,Agricola Brandini Winery Image,https://www.wine.com/product/product/brandini-barbera-dalba-2020/1052671,Barbera,86,Alba,$21.99,"Alba, Piedmont, Italy",1052671,C/I: Long Tail,In Stock,TON83485_20_2020,Agricola Brandini Winery Image,Wine:Product Detail:Brandini Barbera d'Alba 2020,NY,PA,USD,21.99,5,1,5,1,winery-image,2018-02-01T23:41:15+0000,750,13.5,,89,91,,,,,,,,,,
w474,"VINCENT CHAPERON, THE CELLAR MASTER",https://www.wine.com/product/product/dom-perignon-rose-with-gift-box-2008/752800,Sparkling Rosé,7,Champagne,$499.97,"Champagne, France",752800,C/I: Exception,In Stock,CGM52735_2008,In 2019 Vincent Chaperon became the Dom Pérignon Chef de Cave. He was born to a Bordeaux winemaking family where vineyards are a legacy and wine is a culture. Vincent sees Dom Pérignon’s vision – harmony as a source of emotion – as a true raison d’être. ,Wine:Product Detail:Dom Perignon Rose with Gift Box 2008,NY,PA,USD,499.97,5,1,,,winery-image,2021-05-15T19:05:10+0000,750,12.5,99.0,97,,95,,,,,,,,,
w475,Eve Faiveley and Erwan Faiveley ,https://www.wine.com/product/product/faiveley-chambertin-clos-de-beze-grand-cru-2020/1167818,Pinot Noir,2,Gevrey-Chambertin,$739.99,"Gevrey-Chambertin, Cote de Nuits, Cote d'Or, Burgundy, France",1167818,C/I: Exception,In Stock - Last Call,WLD18359_2020,Faiveley Eve Faiveley and Erwan Faiveley  Winery Image,Wine:Product Detail:Faiveley Chambertin Clos de Beze Grand Cru 2020,NY,PA,USD,739.99,5,1,,,winery-image,2019-07-24T17:47:01+0000,750,13,,98,,,96,,,97,,,,,
w476,Aerial View of Champagne Vineyards,https://www.wine.com/product/product/perrier-jouet-belle-epoque-brut-2013/1050305,Vintage Sparkling Wine,2,Champagne,$239.99,"Champagne, France",1050305,C/I: Exception,In Stock - Last Call,ALL4284066_2013,Perrier-Jouët Aerial View of Champagne Vineyards Winery Image,Wine:Product Detail:Perrier-Jouet Belle Epoque Brut 2013,NY,PA,USD,239.99,5,1,5,1,winery-image,2018-04-27T21:06:19+0000,750,12.5,97.0,94,,,,,94,93,,,,,
w477,Chateau Montrose,https://www.wine.com/product/product/chateau-montrose-2010/121437,Bordeaux Red Blends,18,St. Estephe,$309.99,"St. Estephe, Bordeaux, France",121437,C/I: Luxury BDX,In Stock,FNY121437_2010,"Under Martin Bouygues’ impetus, Château Montrose entered the 21st century with a spectacular rehabilitation project combining construction and renovation, traditional architecture and high-tech facilities.",Wine:Product Detail:Chateau Montrose 2010,NY,PA,USD,309.99,5,1,5,1,winery-image,2018-04-04T19:49:11+0000,750,14,97.0,97,96,98,,,96,99,,,,,
w478,Albéric Bichot,https://www.wine.com/product/product/albert-bichot-cremant-de-bourgogne-brut-reserve/142151,Non-Vintage Sparkling Wine,126,Burgundy,$22.99,"Burgundy, France",142151,C/I: Long Tail,In Stock,OPI81318_0,"Albéric Bichot joined the company in the early 90s and though he fully respects family traditions, he is completely focused on the future.",Wine:Product Detail:Albert Bichot Cremant de Bourgogne Brut Reserve,NY,PA,USD,22.99,5,1,5,1,winery-image,2020-04-06T23:19:56+0000,750,12,,90,,,,,,,,,,,
w479,Chablis Vineyards,https://www.wine.com/product/product/william-fevre-chablis-vaulorent-premier-cru-2018/641536,Chardonnay,2,Chablis,$99.99,"Chablis, Burgundy, France",641536,C/I: Long Tail,In Stock,PIN968071_2018,William Fevre Chablis Vineyards Winery Image,Wine:Product Detail:William Fevre Chablis Vaulorent Premier Cru 2018,NY,PA,USD,99.99,5,1,,,winery-image,2018-11-27T02:00:05+0000,750,13,93.0,91,,95,93,,94,94,,,,,
w480,2018 Annapolis Vineyard Pinot Noir,https://www.wine.com/product/product/lusine-annapolis-vineyard-pinot-noir-2018/982002,Pinot Noir,99,Sonoma Coast,$129.99,"Sonoma Coast, Sonoma County, California",982002,C/I: Long Tail,In Stock,CGM54098_2018,"L'Usine Annapolis Vineyard Pinot Noir 2018 from Sonoma Coast, Sonoma County, California - Clearly the darkest of the three wines, the 2018 Annapolis Ridge Vineyard shows a dark garnet core with a neon cardinal rim. Aromatically, the wine offers notes...",Wine:Product Detail:L'Usine Annapolis Vineyard Pinot Noir 2018,NY,PA,USD,129.99,5,1,,,,,750,15,,93,,,,,92,95,,,,,
w481,Vinification Room,https://www.wine.com/product/product/il-poggione-brunello-di-montalcino-riserva-vigna-paganelli-2016/1062264,Sangiovese,180,Montalcino,$139.99,"Montalcino, Tuscany, Italy",1062264,C/I: Exception,In Stock,PIN542244_2016,"After the harvest the wine ferments at controlled temperature with indigenous yeasts, inside stainless steel tanks with the “submerged cap” technique. Thanks to this type of fermentation, it's possible to obtain intense colors and flavors of Brunello.",Wine:Product Detail:Il Poggione Brunello di Montalcino Riserva Vigna Paganelli 2016,NY,PA,USD,139.99,5,1,,,winery-image,2018-10-29T22:34:39+0000,750,15,94.0,96,,96,,97,95,96,,,98,,
w482,El Enemigo Barrel Room,https://www.wine.com/product/product/el-enemigo-gran-enemigo-gualtallary-single-vineyard-2018/1285949,Cabernet Franc,37,Mendoza,$129.99,"Mendoza, Argentina",1285949,C/I: Long Tail,In Stock,WBO30296723_2018,El Enemigo El Enemigo Barrel Room Winery Image,Wine:Product Detail:El Enemigo Gran Enemigo Gualtallary Single Vineyard 2018,NY,PA,USD,129.99,5,1,,,winery-image,2019-09-27T21:45:28+0000,750,13.5,96.0,93,,,,,92,98,,,,,
w483,Montes Winery,https://www.wine.com/product/product/montes-purple-angel-apalta-vineyard-carmenere-2019/938046,Carmenere,309,Colchagua Valley,$129.99,"Colchagua Valley, Rapel Valley, Chile",938046,C/I: Long Tail,In Stock,CGM52487_2019,Montes Montes Winery Winery Image,Wine:Product Detail:Montes Purple Angel Apalta Vineyard Carmenere 2019,NY,PA,USD,129.99,5,1,5,1,winery-image,2020-09-10T23:46:44+0000,750,14.5,98.0,93,,,,,,,,,,,
w484,Galets of Châteauneuf-du-Pape,https://www.wine.com/product/product/roger-sabon-chateauneuf-du-pape-prestige-2019/780313,Rhone Red Blends,12,Chateauneuf-du-Pape,$79.99,"Chateauneuf-du-Pape, Rhone, France",780313,C/I: Exception,In Stock,IPOPI_EC6272_2019,Roger Sabon Galets of Châteauneuf-du-Pape Winery Image,Wine:Product Detail:Roger Sabon Chateauneuf-du-Pape Prestige 2019,NY,PA,USD,79.99,5,1,,,winery-image,2018-08-20T22:59:55+0000,750,0,,94,,95,,,,97,96,,,,
w485,The Castello at Dawn,https://www.wine.com/product/product/banfi-brunello-di-montalcino-2017/1031968,Sangiovese,306,Montalcino,$69.99,"Montalcino, Tuscany, Italy",1031968,C/I: KVI,In Stock,CGM53372_2017,Castello Banfi The Castello at Dawn Winery Image,Wine:Product Detail:Banfi Brunello di Montalcino 2017,NY,PA,USD,69.99,5,1,5,1,winery-image,2020-04-14T18:04:16+0000,750,15,93.0,92,,,,,92,92,,,,,
w486,View from Rancia,https://www.wine.com/product/product/felsina-berardenga-chianti-classico-375ml-half-bottle-2020/1271647,Sangiovese,12,Chianti Classico,$18.99,"Chianti Classico, Chianti, Tuscany, Italy",1271647,C/I: Exception,In Stock,PSLIFE503_2020,Fattoria di Felsina View from Rancia Winery Image,Wine:Product Detail:Felsina Berardenga Chianti Classico (375ML Half-bottle) 2020,NY,PA,USD,18.99,5,1,,,winery-image,2018-08-27T20:03:41+0000,375,13.5,92.0,91,,90,,,,,91,,,,
w487,Bodegas LAN Barrels,https://www.wine.com/product/product/bodegas-lan-xtreme-ecologico-crianza-2018/878241,Tempranillo,1219,Rioja,$19.99,"Rioja, Spain",878241,C/I: Long Tail,In Stock,TON97199_18_2018,Bodegas LAN also painstakingly select and test their oak barrels and have even pioneered a hybrid barrel - American staves with French oak heads - which they feel imparts the best characteristics of both types of oak on a wine.,Wine:Product Detail:Bodegas Lan Xtreme Ecologico Crianza 2018,NY,PA,USD,19.99,5,1,5,1,winery-image,2020-06-24T14:12:55+0000,750,14,,91,,,,,,,,,,,
w488,Viña Tarapaca's Guest House - La Casona,https://www.wine.com/product/product/vina-tarapaca-gran-reserva-cabernet-sauvignon-2020/1189971,Cabernet Sauvignon,148,Maipo Valley,$21.99,"Maipo Valley, Chile",1189971,C/I: Long Tail,In Stock,CGM56123_2020,Vina Tarapaca Viña Tarapaca's Guest House - La Casona Winery Image,Wine:Product Detail:Vina Tarapaca Gran Reserva Cabernet Sauvignon 2020,NY,PA,USD,21.99,5,1,,,winery-image,2020-04-13T23:39:05+0000,750,14,91.0,89,,,,,,,,,,,
w489,Grove Mill Winery Image,https://www.wine.com/product/product/grove-mill-sauvignon-blanc-2022/1258562,Sauvignon Blanc,72,Marlborough,$15.99,"Marlborough, New Zealand",1258562,C/I: Popular,In Stock,PIN567424_2022,"The southern bell frog, for which they established a wetland, symbolizes Grove Mill's commitment to sustainable winemaking.",Wine:Product Detail:Grove Mill Sauvignon Blanc 2022,NY,PA,USD,15.99,5,1,,,winery-image,2019-09-09T21:59:08+0000,750,12,91.0,90,,,,,,,,,,,
w490,Alphonse Mellot Winery Image,https://www.wine.com/product/product/alphonse-mellot-satellite-sancerre-blanc-2020/820989,Sauvignon Blanc,19,Sancerre,$79.99,"Sancerre, Loire, France",820989,C/I: Long Tail,In Stock,MSE446143_2020,Alphonse Mellot Winery Image,Wine:Product Detail:Alphonse Mellot Satellite Sancerre Blanc 2020,NY,PA,USD,79.99,5,1,,,winery-image,2018-02-01T23:41:31+0000,750,13,,91,,,,,93,92,,,,,
w491,Chateau La Mondotte Winery Image,https://www.wine.com/product/product/chateau-la-mondotte-2017/422765,Bordeaux Red Blends,5,St. Emilion,$199.99,"St. Emilion, Bordeaux, France",422765,C/I: Luxury BDX,In Stock,BTY422765_2017,Chateau La Mondotte Winery Image,Wine:Product Detail:Chateau La Mondotte 2017,NY,PA,USD,199.99,5,1,,,winery-image,2018-02-01T23:41:37+0000,750,14,97.0,97,,,,,95,96,95,,,,
w492, Entrée Crayère From Bouteille,https://www.wine.com/product/product/charles-heidsieck-brut-reserve/120428,Non-Vintage Sparkling Wine,2431,Champagne,$68.99,"Champagne, France",120428,C/I: Popular,In Stock,TON13690_NV_6PK_0,Charles Heidsieck  Entrée Crayère From Bouteille Winery Image,Wine:Product Detail:Charles Heidsieck Brut Reserve,NY,PA,USD,68.99,5,1,5,1,winery-image,2020-03-24T01:02:21+0000,750,12,94.0,92,,,,,,92,92,,,,
w493,Beehives,https://www.wine.com/product/product/bollinger-brut-rose/105905,Sparkling Rosé,12,Champagne,$134.99,"Champagne, France",105905,C/I: Popular,In Stock,VNT047002NV_03_0,Bollinger was the first House in Champagne to receive sustainable certification.,Wine:Product Detail:Bollinger Brut Rose,NY,PA,USD,134.99,5,1,5,1,winery-image,2018-04-19T18:02:16+0000,750,12,93.0,93,,,,92,,92,92,,,,
w494,Lucien Le Moine Barrel Room,https://www.wine.com/product/product/lucien-le-moine-chambolle-musigny-les-feusselottes-premer-cru-2018/1223608,Pinot Noir,6,Chambolle-Musigny,$209.99,"Chambolle-Musigny, Cote de Nuits, Cote d'Or, Burgundy, France",1223608,C/I: Long Tail,In Stock,VNT0280960018_03_2018,Lucien Le Moine Lucien Le Moine Barrel Room Winery Image,Wine:Product Detail:Lucien Le Moine Chambolle-Musigny Les Feusselottes Premer Cru 2018,NY,PA,USD,209.99,5,1,,,winery-image,2020-09-17T17:53:37+0000,750,0,,94,,,,,,,,,,,
w495,Pursued by Bear Winery Image,https://www.wine.com/product/product/pursued-by-bear-cabernet-sauvignon-2018/877844,Cabernet Sauvignon,45,Columbia Valley,$79.99,"Columbia Valley, Washington",877844,C/I: Long Tail,In Stock,REG695010718_2018,Pursued by Bear Winery Image,Wine:Product Detail:Pursued by Bear Cabernet Sauvignon 2018,NY,PA,USD,79.99,5,1,,,winery-image,2018-02-01T23:41:12+0000,750,14.2,93.0,92,,,,,93,91,94,,,,
w496,The cellars of Champagne Louis Roederer,https://www.wine.com/product/product/louis-roederer-brut-nature-philippe-starck-label-2015/1172571,Vintage Sparkling Wine,7,Champagne,$119.99,"Champagne, France",1172571,C/I: Exception,In Stock,CGM52961_2015,Louis Roederer The cellars of Champagne Louis Roederer Winery Image,Wine:Product Detail:Louis Roederer Brut Nature Philippe Starck Label 2015,NY,PA,USD,119.99,5,1,,,winery-image,2018-06-11T22:06:05+0000,750,12.5,95.0,93,,,,93,,94,95,,,,
w497,Marietta Cellars Winery Video,https://www.wine.com/product/product/marietta-cellars-angeli-estate-zinfandel-2019/763163,Zinfandel,36,Alexander Valley,$46.99,"Alexander Valley, Sonoma County, California",763163,C/I: Long Tail,In Stock,VNT0850200019_03_2019,Marietta Cellars Winery Video,Wine:Product Detail:Marietta Cellars Angeli Estate Zinfandel 2019,NY,PA,USD,46.99,5,1,5,1,winery-video,2020-04-10T18:26:23+0000,750,14.8,95.0,93,,,,,,95,,,,,
w498,Map of Lapostolle Vineyards,https://www.wine.com/product/product/lapostolle-cuvee-alexandre-cabernet-sauvignon-2021/1274121,Cabernet Sauvignon,748,Colchagua Valley,$23.99,"Colchagua Valley, Rapel Valley, Chile",1274121,C/I: Exception,In Stock,WBO30307093_2021,Lapostolle Map of Lapostolle Vineyards Winery Image,Wine:Product Detail:Lapostolle Cuvee Alexandre Cabernet Sauvignon 2021,NY,PA,USD,23.99,5,1,,,winery-image,2019-03-21T19:43:29+0000,750,14.5,94.0,89,,,,,,90,,,,,
w499,Tolaini  Winery Image,https://www.wine.com/product/product/tolaini-al-passo-toscana-2019/1058203,Tuscan Blends,296,Tuscany,$21.99,"Tuscany, Italy",1058203,C/I: Long Tail,In Stock,BJWBJ06027_2019,Tolaini  Winery Image,Wine:Product Detail:Tolaini Al Passo Toscana 2019,NY,PA,USD,21.99,5,1,5,1,winery-image,2020-02-25T18:52:29+0000,750,14.5,93.0,91,,,,,,92,,,,,
w500,Domaine du Vieux Lazaret Winery Image,https://www.wine.com/product/product/domaine-du-vieux-lazaret-chateauneuf-du-pape-blanc-2021/1224648,Rhone White Blends,109,Chateauneuf-du-Pape,$46.99,"Chateauneuf-du-Pape, Rhone, France",1224648,C/I: Long Tail,In Stock,OPI48056_2021,Domaine du Vieux Lazaret Winery Image,Wine:Product Detail:Domaine du Vieux Lazaret Chateauneuf-du-Pape Blanc 2021,NY,PA,USD,46.99,5,1,,,winery-image,2018-02-01T23:41:51+0000,750,0,,91,,,,,,,,,,,
w501,Le Chiuse Winery Image,https://www.wine.com/product/product/le-chiuse-brunello-di-montalcino-2018/905260,Sangiovese,9,Montalcino,$124.99,"Montalcino, Tuscany, Italy",905260,C/I: Long Tail,In Stock,WLD20104_2018,Le Chiuse Winery Image,Wine:Product Detail:Le Chiuse Brunello di Montalcino 2018,NY,PA,USD,124.99,5,1,,,winery-image,2018-02-01T23:41:29+0000,750,0,94.0,94,,,,,,94,97,,,,
w502,Terroir,https://www.wine.com/product/product/chateau-de-nalys-chateauneuf-du-pape-grand-vin-2018/837568,Rhone Red Blends,45,Chateauneuf-du-Pape,$124.99,"Chateauneuf-du-Pape, Rhone, France",837568,C/I: Long Tail,In Stock,VNT0610010018_04_2018,Chateau de Nalys Terroir Winery Image,Wine:Product Detail:Chateau de Nalys Chateauneuf-du-Pape Grand Vin 2018,NY,PA,USD,124.99,5,1,,,winery-image,2018-11-29T01:35:50+0000,750,15.5,94.0,95,,,,95,97,93,93,,,,
w503,2018 Barolo Mosconi,https://www.wine.com/product/product/e-pira-e-figli-barolo-mosconi-2018/1109360,Nebbiolo,22,Barolo,$124.99,"Barolo, Piedmont, Italy",1109360,C/I: Long Tail,In Stock,SKRITPCB2218_2018,"E. Pira e Figli Barolo Mosconi 2018 from Barolo, Piedmont, Italy - The most recently acquired parcel, the famous Mosconi Cru in Monforte d'Alba was purchased in 2009. The vineyard's particular heavy clay soil (in some areas cal...",Wine:Product Detail:E. Pira e Figli Barolo Mosconi 2018,NY,PA,USD,124.99,5,1,,,,,750,14.5,94.0,95,,95,,,,96,,,,,
w504,Chateau Batailley Winery Image,https://www.wine.com/product/product/chateau-batailley-2016/1184133,Bordeaux Red Blends,68,Pauillac,$135.99,"Pauillac, Bordeaux, France",1184133,C/I: Luxury BDX,In Stock,WBO30261421_2016,Chateau Batailley Winery Image,Wine:Product Detail:Chateau Batailley 2016,NY,PA,USD,135.99,5,1,,,winery-image,2018-02-01T23:41:50+0000,750,13,96.0,93,,93,,,,95,90,,,,
w505,Cru Ravera Vineyard Map,https://www.wine.com/product/product/elvio-cogno-ravera-barolo-2018/1099179,Nebbiolo,94,Barolo,$119.99,"Barolo, Piedmont, Italy",1099179,C/I: Long Tail,In Stock,WDW10000240252418_2018,Elvio Cogno Cru Ravera Vineyard Map Winery Image,Wine:Product Detail:Elvio Cogno Ravera Barolo 2018,NY,PA,USD,119.99,5,1,,,winery-image,2020-04-24T21:30:43+0000,750,14.5,93.0,94,,,,95,97,94,,,,,
w506,"Fabio Sireci and father, Elio Sireci",https://www.wine.com/product/product/feudo-montoni-lagnusa-nero-davola-2020/1024774,Nero d'Avola,516,Sicily,$24.99,"Sicily, Italy",1024774,C/I: Long Tail,In Stock,WDW10300100152620_2020,"Feudo Montoni Fabio Sireci and father, Elio Sireci Winery Image",Wine:Product Detail:Feudo Montoni Lagnusa Nero d'Avola 2020,NY,PA,USD,24.99,5,1,5,1,winery-image,2020-10-02T15:20:43+0000,750,13.5,,91,,,,,,,,,,,
w507,Quivira Vineyards Map,https://www.wine.com/product/product/quivira-fig-tree-sauvignon-blanc-2021/1127790,Sauvignon Blanc,120,Dry Creek Valley,$28.99,"Dry Creek Valley, Sonoma County, California",1127790,C/I: Long Tail,In Stock,BJWBJ06302_2021,Quivira Vineyards Quivira Vineyards Map Winery Image,Wine:Product Detail:Quivira Fig Tree Sauvignon Blanc 2021,NY,PA,USD,28.99,5,1,5,1,winery-image,2020-06-30T16:19:11+0000,750,13.5,,93,92,,,,92,,,,,,
w508,San Filippo Winery Image,https://www.wine.com/product/product/san-filippo-brunello-di-montalcino-le-lucere-2017/946648,Sangiovese,623,Montalcino,$109.99,"Montalcino, Tuscany, Italy",946648,C/I: Direct Import,In Stock,CGM52188_2017,San Filippo Winery Image,Wine:Product Detail:San Filippo Brunello di Montalcino Le Lucere 2017,NY,PA,USD,109.99,5,1,5,1,winery-image,2019-02-28T21:34:31+0000,750,14.5,96.0,92,,96,,,,,,,,,
w509,Elisabetta Gnudi Angelini,https://www.wine.com/product/product/altesino-brunello-di-montalcino-15-liter-magnum-2017/886768,Sangiovese,2,Montalcino,$139.99,"Montalcino, Tuscany, Italy",886768,C/I: Exception,In Stock - Last Call,WBO30279077_2017,Altesino Elisabetta Gnudi Angelini Winery Image,Wine:Product Detail:Altesino Brunello di Montalcino (1.5 Liter Magnum) 2017,NY,PA,USD,139.99,5,1,,,winery-image,2018-08-20T20:16:45+0000,1500,14,95.0,92,,,,,90,94,,,,,
w510,Laurel Glen Winery Image,https://www.wine.com/product/product/laurel-glen-counterpoint-cabernet-sauvignon-2018/787249,Cabernet Sauvignon,123,Sonoma Mountain,$61.99,"Sonoma Mountain, Sonoma Valley, Sonoma County, California",787249,C/I: Long Tail,In Stock,BJWBJ05826_2018,Laurel Glen Winery Image,Wine:Product Detail:Laurel Glen Counterpoint Cabernet Sauvignon 2018,NY,PA,USD,61.99,5,1,,,winery-image,2018-02-01T23:41:52+0000,750,14.5,,91,,,,90,93,,90,,,,
w511,Ruinart Winery Image,https://www.wine.com/product/product/ruinart-brut-rose-375ml-half-bottle/103428,Sparkling Rosé,75,Champagne,$54.99,"Champagne, France",103428,C/I: Exception,In Stock,CGM2005_0,"Over 125 feet below ground and almost 5 miles long, these unique caves are absent of vibration and offer optimal conditions for temperature, fermentation, and maturation.",Wine:Product Detail:Ruinart Brut Rose (375ML half-bottle),NY,PA,USD,54.99,5,1,5,1,winery-image,2018-07-26T19:41:56+0000,375,12.5,92.0,94,,92,,92,,91,,,,,
w512,Dame Jane Rose Brut,https://www.wine.com/product/product/champagne-henri-giraud-dame-jane-rose-brut/833437,Sparkling Rosé,45,Champagne,$119.99,"Champagne, France",833437,C/I: Long Tail,In Stock,BAR551_0,"Champagne Henri Giraud Dame Jane Rose Brut from Champagne, France - The vibration of the fruit on a crystalline purity. An impression of freshness that is almost tactile. Silky tannins enriched by the slow rotation of the lees. ...",Wine:Product Detail:Champagne Henri Giraud Dame Jane Rose Brut,NY,PA,USD,119.99,5,1,,,,,750,12,95.0,92,,,,,,92,,,93,,
w513,Visitor Center,https://www.wine.com/product/product/duckhorn-napa-valley-cabernet-sauvignon-15-liter-magnum-2018/921109,Cabernet Sauvignon,75,Napa Valley,$159.99,"Napa Valley, California",921109,C/I: Exception,In Stock,PIN510545_2018,"Unveiled in 2001, our estate house and tasting room feature a traditional design with a wrap-around veranda, nestled in beautiful St. Helena.",Wine:Product Detail:Duckhorn Napa Valley Cabernet Sauvignon (1.5 Liter Magnum) 2018,NY,PA,USD,159.99,5,1,,,winery-image,2018-04-18T19:51:31+0000,1500,14.5,92.0,93,92,,,92,,,,,,,94
w514,Chateau Fonroque Winery Image,https://www.wine.com/product/product/chateau-fonroque-2019/583693,Bordeaux Red Blends,11,St. Emilion,$36.99,"St. Emilion, Bordeaux, France",583693,C/I: Direct Import,In Stock,FNY583693_2019,Chateau Fonroque Winery Image,Wine:Product Detail:Chateau Fonroque 2019,NY,PA,USD,36.99,5,1,,,winery-image,2018-02-01T23:41:36+0000,750,14.5,92.0,90,,,,,,92,94,,,,
w515,Segura Viudas Harvest,https://www.wine.com/product/product/segura-viudas-reserva-heredad-cava-brut/4103,Non-Vintage Sparkling Wine,316,Cava,$33.99,"Cava, Spain",4103,C/I: KVI,In Stock,CGM34615_0,Segura Viudas Segura Viudas Harvest Winery Image,Wine:Product Detail:Segura Viudas Reserva Heredad Cava Brut,NY,PA,USD,33.99,5,1,5,1,winery-image,2020-04-02T18:45:08+0000,750,12,,90,92,,,92,,,,,,,94
w516,2020 Chateauneuf-du-Pape,https://www.wine.com/product/product/famille-isabel-ferrando-chateauneuf-du-pape-2020/1136668,Rhone Red Blends,1125,Chateauneuf-du-Pape,$119.99,"Chateauneuf-du-Pape, Rhone, France",1136668,C/I: Long Tail,In Stock,DBWDB7381_20_2020,"Famille Isabel Ferrando Chateauneuf-du-Pape 2020 from Chateauneuf-du-Pape, Rhone, France - In 2020, Mme. Ferrando made this new cuvée, which comes entirely from the Les Serres parcel and is primarily the fruit that used to make up the ""Favier"" and ""Gi...",Wine:Product Detail:Famille Isabel Ferrando Chateauneuf-du-Pape 2020,NY,PA,USD,119.99,5,1,,,,,750,15,97.0,94,,,,,,95,98,,,,
w517,Bodegas Beronia Grapes,https://www.wine.com/product/product/bodegas-beronia-rioja-gran-reserva-2012/818951,Tempranillo,422,Rioja,$41.99,"Rioja, Spain",818951,C/I: Popular,In Stock,PIN524933_2012,Bodegas Beronia Bodegas Beronia Grapes Winery Image,Wine:Product Detail:Bodegas Beronia Rioja Gran Reserva 2012,NY,PA,USD,41.99,5,1,5,1,winery-image,2020-02-03T21:59:41+0000,750,14.5,93.0,92,,,,,92,,,,,,
w518,"Master Cellar Master, Guillaume Roffiaen",https://www.wine.com/product/product/nicolas-feuillatte-reserve-exclusive-brut-187ml-split/100818,Non-Vintage Sparkling Wine,1070,Champagne,$13.99,"Champagne, France",100818,C/I: Exception,In Stock,PIN969120_0,"Giullaume Roffiaen studied agricultural engineering and agribusiness which led his passion to Reims in 2002. Through his unstinting, meticulous approach, he was appointed Chief Winemaker in 2017 at Director and Director of Vines and Wines in 2018.",Wine:Product Detail:Nicolas Feuillatte Reserve Exclusive Brut (187ML Split),NY,PA,USD,13.99,5,1,5,1,winery-image,2023-03-20T14:22:42+0000,187,12,91.0,91,,,,,,,,,,,92
w519,"Winemaker, Jim White",https://www.wine.com/product/product/cloudy-bay-pinot-noir-2020/1150648,Pinot Noir,311,Marlborough,$48.99,"Marlborough, New Zealand",1150648,C/I: Popular,In Stock,CGM55192_2020,"Jim became the Cloudy Bay Technical Director, with oversight over both the viticulture and the winemaking aspects of the business. He is responsible for delivering the best wines of Marlborough, leveraging his viticultural expertise.",Wine:Product Detail:Cloudy Bay Pinot Noir 2020,NY,PA,USD,48.99,5,1,,,winery-image,2019-04-16T18:34:58+0000,750,13.9,92.0,93,,,,,,,,,,,
w520,The cellars of Champagne Louis Roederer,https://www.wine.com/product/product/louis-roederer-brut-vintage-2015/1260991,Vintage Sparkling Wine,309,Champagne,$129.99,"Champagne, France",1260991,C/I: Exception,In Stock,CGM52958_2015,Louis Roederer The cellars of Champagne Louis Roederer Winery Image,Wine:Product Detail:Louis Roederer Brut Vintage 2015,NY,PA,USD,129.99,5,1,,,winery-image,2018-06-11T22:06:05+0000,750,0,,93,,,,,,,,,,,
w521,View from the Terrace,https://www.wine.com/product/product/massolino-barbera-dalba-2021/1137359,Barbera,826,Alba,$29.99,"Alba, Piedmont, Italy",1137359,C/I: Long Tail,In Stock,PIN554438_2021,Massolino View from the Terrace Winery Image,Wine:Product Detail:Massolino Barbera d'Alba 2021,NY,PA,USD,29.99,5,1,5,1,winery-image,2019-02-14T22:31:29+0000,750,14.5,92.0,90,,,,,91,,,,,,
w522,"Winemaker, Juan Jose Verdina",https://www.wine.com/product/product/hahn-slh-pinot-noir-2021/1251052,Pinot Noir,2058,Santa Lucia Highlands,$25.99,"Santa Lucia Highlands, Monterey, Central Coast, California",1251052,C/I: KVI,In Stock,WBO30308903_2021,"Hahn Winemaker, Juan Jose Verdina Winery Image",Wine:Product Detail:Hahn SLH Pinot Noir 2021,NY,PA,USD,25.99,5,1,,,winery-image,2020-03-24T16:41:03+0000,750,14.5,,91,,,,,,,,,,,
w523,Chateau Malartic-Lagraviere  Winery Image,https://www.wine.com/product/product/chateau-malartic-lagraviere-375ml-half-bottle-2020/748224,Bordeaux Red Blends,119,Pessac-Leognan,$24.99,"Pessac-Leognan, Bordeaux, France",748224,C/I: Luxury BDX,In Stock,FNY748224_2020,Actress Charlize Theron during American Cinematheque Awards 2019,Wine:Product Detail:Chateau Malartic-Lagraviere (375ML half-bottle) 2020,NY,PA,USD,24.99,5,1,,,winery-image,2020-03-12T15:52:44+0000,375,14.2,92.0,92,,94,,,96,94,95,,96,,
w524,Harvesting at Night,https://www.wine.com/product/product/calluna-chalk-hill-calluna-vineyards-cuvee-2018/1215140,Bordeaux Red Blends,28,Chalk Hill,$37.99,"Chalk Hill, Sonoma County, California",1215140,C/I: Long Tail,In Stock,TEWT05201_18_2018,Calluna Harvesting at Night Winery Image,Wine:Product Detail:Calluna Chalk Hill Calluna Vineyards Cuvee 2018,NY,PA,USD,37.99,5,1,,,winery-image,2020-10-07T21:59:15+0000,750,14.1,,92,,,,,,,91,,,,
w525,Bodegas LAN Barrels,https://www.wine.com/product/product/bodegas-lan-rioja-reserva-2017/1320025,Tempranillo,2400,Rioja,$19.99,"Rioja, Spain",1320025,C/I: Popular,In Stock,TON997_17_2017,Bodegas LAN also painstakingly select and test their oak barrels and have even pioneered a hybrid barrel - American staves with French oak heads - which they feel imparts the best characteristics of both types of oak on a wine.,Wine:Product Detail:Bodegas Lan Rioja Reserva 2017,NY,PA,USD,19.99,5,1,5,1,winery-image,2020-06-24T14:12:55+0000,750,13.5,91.0,90,,,,,,,,,,,
w526,The Corton Grancey Cuverie ,https://www.wine.com/product/product/louis-latour-beaune-vignes-franches-premier-cru-2019/989637,Pinot Noir,101,Beaune,$124.99,"Beaune, Cote de Beaune, Cote d'Or, Burgundy, France",989637,C/I: Long Tail,In Stock,TONLA09_19_2019,Construction of the Cuverie began in 1832 and it is where all of Domaine Louis Latour wines are made and aged. It is built over five levels into the hill which allows the entire winemaking process to be carried by gravity.,Wine:Product Detail:Louis Latour Beaune Vignes Franches Premier Cru 2019,NY,PA,USD,124.99,5,1,5,1,winery-image,2018-08-21T23:35:08+0000,750,13.5,,92,92,,,,,,,,,,
w527,Sena  Winery Image,https://www.wine.com/product/product/sena-2019/794208,Bordeaux Red Blends,180,Aconcagua Valley,$124.99,"Aconcagua Valley, Chile",794208,C/I: Direct Import,In Stock,FNY794208_2019,Sena  Winery Image,Wine:Product Detail:Sena 2019,NY,PA,USD,124.99,5,1,5,1,winery-image,2020-01-22T18:36:49+0000,750,13.5,98.0,93,,97,,,,98,,,96,,
w528,Marc Antonin Blain ,https://www.wine.com/product/product/domaine-blain-cotes-de-brouilly-les-jumeaux-2016/526737,Gamay,25,Beaujolais,$22.99,"Beaujolais, Burgundy, France",526737,C/I: Long Tail,In Stock,WBO30202657_2016,Domaine Blain Soeur & Frere Marc Antonin Blain  Winery Image,Wine:Product Detail:Domaine Blain Cotes de Brouilly Les Jumeaux 2016,NY,PA,USD,22.99,5,1,5,1,winery-image,2019-11-19T23:26:14+0000,750,13,,91,91,,,,,,,,,,
w529,Contino Founded in 1973,https://www.wine.com/product/product/contino-rioja-reserva-2018/1149232,Tempranillo,614,Rioja,$57.99,"Rioja, Spain",1149232,C/I: Long Tail,In Stock,CGM57588_2018,"Contino, the first Rioja château 1973, impelled by CVNE and the owners of the 62-hectare property located in the Rioja Alavesa. The history of the property dates from the 16th century, and is reflected in its name. ",Wine:Product Detail:Contino Rioja Reserva 2018,NY,PA,USD,57.99,5,1,,,winery-image,2020-01-28T23:16:50+0000,750,14.12,95.0,91,,,,,,94,,,,,
w530,Wine Maker - Graziano Pra,https://www.wine.com/product/product/pra-monte-grande-soave-classico-2020/1220377,Garganega,16,Soave,$41.99,"Soave, Veneto, Italy",1220377,C/I: Long Tail,In Stock,PSLIGP045_2020,Pra Wine Maker - Graziano Pra Winery Image,Wine:Product Detail:Pra Monte Grande Soave Classico 2020,NY,PA,USD,41.99,5,1,,,winery-image,2019-02-28T22:30:03+0000,750,13,93.0,93,,,,,,,,,,,
w531,Beaune Greves Vigne de l'Enfant Jesus,https://www.wine.com/product/product/bouchard-pere-and-fils-savigny-les-beaune-les-lavieres-premier-cru-2019/793465,Pinot Noir,38,Savigny-les-Beaune,$68.99,"Savigny-les-Beaune, Cote de Beaune, Cote d'Or, Burgundy, France",793465,C/I: Long Tail,In Stock,PIN524533_2019,"In 1791, after the French Revolution, when the Church properties were sold, Bouchard Père & Fils won the bid for this vineyard of almost 4 ha, situated in the heart of Beaune Grèves’ appellation, and still holds the exclusivity today.",Wine:Product Detail:Bouchard Pere & Fils Savigny-les-Beaune Les Lavieres Premier Cru 2019,NY,PA,USD,68.99,5,1,,,winery-image,2018-10-19T18:04:06+0000,750,0,93.0,93,,90,,,,93,,,,,
w532,Lion in the Gardens,https://www.wine.com/product/product/chateau-leoville-barton-2016/202419,Bordeaux Red Blends,43,St-Julien,$169.97,"St-Julien, Bordeaux, France",202419,C/I: Luxury BDX,In Stock,FNY202419_2016,Chateau Leoville Barton Lion in the Gardens Winery Image,Wine:Product Detail:Chateau Leoville Barton 2016,NY,PA,USD,169.97,5,1,5,1,winery-image,2019-03-25T22:51:19+0000,750,13,97.0,97,,95,,,96,97,96,,,,
w533,"Master Cellar Master, Guillaume Roffiaen",https://www.wine.com/product/product/nicolas-feuillatte-reserve-exclusive-sakura-rose/523993,Sparkling Rosé,638,Champagne,$59.99,"Champagne, France",523993,C/I: Popular,In Stock,PIN542442_0,"Giullaume Roffiaen studied agricultural engineering and agribusiness which led his passion to Reims in 2002. Through his unstinting, meticulous approach, he was appointed Chief Winemaker in 2017 at Director and Director of Vines and Wines in 2018.",Wine:Product Detail:Nicolas Feuillatte Reserve Exclusive Sakura Rose,NY,PA,USD,59.99,5,1,5,1,winery-image,2023-03-20T14:22:42+0000,750,12,92.0,92,,,,,,90,,,,,
w534,The Planeta Family,https://www.wine.com/product/product/planeta-frappato-2021/1194393,Frappato,420,Sicily,$25.99,"Sicily, Italy",1194393,C/I: Long Tail,In Stock,EDV130142_2021_2021,Planeta The Planeta Family Winery Image,Wine:Product Detail:Planeta Frappato 2021,NY,PA,USD,25.99,5,1,5,1,winery-image,2021-05-17T20:11:51+0000,750,12.45,91.0,90,,,,,,,,,,,
w535,Protective Terraces,https://www.wine.com/product/product/miraval-champagne-fleur-de-miraval-er2-in-gift-box/830552,Sparkling Rosé,51,Champagne,$369.99,"Champagne, France",830552,C/I: Long Tail,In Stock,PIN542125_0,"The vines at Chateau Miraval are planted in magnificent cascading stone walled terraces --
 which have been perfectly restored to their traditional form.",Wine:Product Detail:Miraval Champagne Fleur de Miraval ER2 in Gift Box,NY,PA,USD,369.99,5,1,,,winery-image,2018-03-01T02:02:08+0000,750,12.5,,94,,95,,,,93,,,,,
w536,Gaja Winery Image,https://www.wine.com/product/product/gaja-sperss-barolo-2018/1180555,Nebbiolo,16,Barolo,$429.99,"Barolo, Piedmont, Italy",1180555,C/I: Exception,In Stock,WDW10000994352418_2018,Gaja Winery Image,Wine:Product Detail:Gaja Sperss Barolo 2018,NY,PA,USD,429.99,5,1,,,winery-image,2019-12-30T21:58:37+0000,750,14,95.0,94,,,,,,,,,97,,
w537,Cabernet on Vine,https://www.wine.com/product/product/ovid-2019/1355283,Bordeaux Red Blends,1,Napa Valley,$419.99,"Napa Valley, California",1355283,C/I: MAP,In Stock,CGM56118_2019,OVID Cabernet on Vine Winery Image,Wine:Product Detail:OVID 2019,NY,PA,USD,419.99,5,1,,,winery-image,2022-10-04T16:08:39+0000,750,14.8,,95,,98,,,,,100,,,,
w538,Mounir Saouma,https://www.wine.com/product/product/rotem-and-mounir-saouma-chateauneuf-du-pape-omnia-2018/676385,Rhone Red Blends,12,Chateauneuf-du-Pape,$99.99,"Chateauneuf-du-Pape, Rhone, France",676385,C/I: Long Tail,In Stock,VNT0530010018_03_2018,Three-year-old vines in Cotes du Rhone in Orange.,Wine:Product Detail:Rotem & Mounir Saouma Chateauneuf-du-Pape Omnia 2018,NY,PA,USD,99.99,5,1,5,1,winery-image,2020-09-14T20:20:12+0000,750,14,,96,,,,96,,,,,,,
w539,Antica Vineyards,https://www.wine.com/product/product/antica-mountain-select-chardonnay-2019/1007630,Chardonnay,602,Atlas Peak,$35.99,"Atlas Peak, Napa Valley, California",1007630,C/I: Popular,In Stock,PIN554668_2019,Antica Antica Vineyards Winery Image,Wine:Product Detail:Antica Mountain Select Chardonnay 2019,NY,PA,USD,35.99,5,1,5,1,winery-image,2020-04-06T19:26:58+0000,750,14,,91,,,,,,,90,,,,
w540,Michele Cherchi - Vineyard Director,https://www.wine.com/product/product/10000-hours-cabernet-sauvignon-2019/834207,Cabernet Sauvignon,120,Red Mountain,$29.99,"Red Mountain, Yakima Valley, Columbia Valley, Washington",834207,C/I: Long Tail,In Stock,PIN544164_2019,"10,000 Hours Michele Cherchi - Vineyard Director Winery Image","Wine:Product Detail:10,000 Hours Cabernet Sauvignon 2019",NY,PA,USD,29.99,5,1,5,1,winery-image,2021-05-05T04:27:30+0000,750,15,92.0,90,92,,,,90,,91,,,,
w541,Chris Louton St. - Francis Winemaker ,https://www.wine.com/product/product/st-francis-old-vines-zinfandel-2019/1001719,Zinfandel,615,Sonoma County,$25.99,"Sonoma County, California",1001719,C/I: KVI,In Stock,CGM54221_2019,St. Francis Winery Chris Louton St. - Francis Winemaker  Winery Image,Wine:Product Detail:St. Francis Old Vines Zinfandel 2019,NY,PA,USD,25.99,5,1,5,1,winery-image,2019-02-01T22:21:11+0000,750,14.8,,90,,,,,,,,,,,
w542,Stefan Pauly,https://www.wine.com/product/product/dr-pauly-bergweiler-wehlener-sonnenuhr-spatlese-2019/1179630,Riesling,42,Mosel,$36.99,"Mosel, Germany",1179630,C/I: Long Tail,In Stock,WBO30291146_2019,Dr Pauly-Bergweiler Stefan Pauly Winery Image,Wine:Product Detail:Dr. Pauly-Bergweiler Wehlener Sonnenuhr Spatlese 2019,NY,PA,USD,36.99,5,1,,,winery-image,2019-03-29T17:11:30+0000,750,11.5,,92,,,,,92,,,,,,
w543,Viña Tarapaca's Guest House - La Casona,https://www.wine.com/product/product/vina-tarapaca-gran-reserva-etiqueta-azul-2020/1132405,Other Red Blends,8,Maipo Valley,$46.99,"Maipo Valley, Chile",1132405,C/I: Long Tail,In Stock,CGM54929_2020,Vina Tarapaca Viña Tarapaca's Guest House - La Casona Winery Image,Wine:Product Detail:Vina Tarapaca Gran Reserva Etiqueta Azul 2020,NY,PA,USD,46.99,5,1,5,1,winery-image,2020-04-13T23:39:05+0000,750,14,93.0,93,,97,,,,,,,,,
w544,Vendemiaire Blanc de Blancs Brut Premier Cru,https://www.wine.com/product/product/champagne-doyard-vendemiaire-blanc-de-blancs-brut-premier-cru/999090,Non-Vintage Sparkling Wine,61,Champagne,$66.99,"Champagne, France",999090,C/I: Long Tail,In Stock,SKRFRKDY01NV_0,"Champagne Doyard Vendemiaire Blanc de Blancs Brut Premier Cru from Champagne, France - An incisive, vinous Champagne that shows gorgeous notes of citrus peel, almond, oyster shells, and blood orange. Texturally elegant, this wine is downright elec...",Wine:Product Detail:Champagne Doyard Vendemiaire Blanc de Blancs Brut Premier Cru,NY,PA,USD,66.99,5,1,,,,,750,12.5,,93,,,,93,,92,91,,,,
w545,Domaine du Vieux Telegraphe Vineyards ,https://www.wine.com/product/product/domaine-du-vieux-telegraphe-chateauneuf-du-pape-la-crau-blanc-2020/797952,Rhone White Blends,124,Chateauneuf-du-Pape,$89.99,"Chateauneuf-du-Pape, Rhone, France",797952,C/I: Long Tail,In Stock,WBO30285035_2020, ,Wine:Product Detail:Domaine du Vieux Telegraphe Chateauneuf-du-Pape La Crau Blanc 2020,NY,PA,USD,89.99,5,1,5,1,winery-image,2020-03-12T19:49:23+0000,750,14.2,95.0,95,,,,,,93,93,,,,
w546,Il Molino di Grace  Winery Image,https://www.wine.com/product/product/il-molino-di-grace-chianti-classico-riserva-2018/837814,Sangiovese,622,Chianti Classico,$31.99,"Chianti Classico, Chianti, Tuscany, Italy",837814,C/I: Exception,In Stock,CGM47354_2018,Il Molino di Grace  Winery Image,Wine:Product Detail:Il Molino di Grace Chianti Classico Riserva 2018,NY,PA,USD,31.99,5,1,5,1,winery-image,2019-03-01T16:29:27+0000,750,0,91.0,92,,,,,,,,,92,,
w547,Ridgeline Vineyard Cabernet Sauvignon,https://www.wine.com/product/product/decoy-brut-cuvee/620603,Non-Vintage Sparkling Wine,989,California,$21.99,California,620603,C/I: Popular,In Stock,PIN963496_0,This storied vineyard is important to our Decoy Sonoma Country Cabernet Sauvignon and Merlot imparting lush fruit and structured tannins to the wines.,Wine:Product Detail:Decoy Brut Cuvee,NY,PA,USD,21.99,5,1,5,1,winery-image,2018-04-18T19:20:08+0000,750,13.5,,90,90,,,,,,,,,,
w548,Tenuta Sette Ponti Harvest,https://www.wine.com/product/product/tenuta-sette-ponti-crognolo-2020/1069364,Sangiovese,327,Tuscany,$32.99,"Tuscany, Italy",1069364,C/I: Popular,In Stock,CGM52830_2020,Tenuta Sette Ponti Tenuta Sette Ponti Harvest Winery Image,Wine:Product Detail:Tenuta Sette Ponti Crognolo 2020,NY,PA,USD,32.99,5,1,,,winery-image,2020-10-05T17:20:10+0000,750,14.5,93.0,90,,91,,,,,,,,,
w549,Vineyard View,https://www.wine.com/product/product/alexander-valley-vineyards-zinfandel-2018/1058768,Zinfandel,12,Alexander Valley,$22.99,"Alexander Valley, Sonoma County, California",1058768,C/I: Long Tail,In Stock,CGM52149_2018,720 acres on the home property in Northern Sonoma County.,Wine:Product Detail:Alexander Valley Vineyards Zinfandel 2018,NY,PA,USD,22.99,5,1,5,1,winery-image,2022-06-15T21:25:54+0000,750,14.9,,90,,,,90,,,,,,,
w550,Chardonnay Vineyards,https://www.wine.com/product/product/laurent-perrier-grand-siecle-no-25-sun-king-jacket-bottle-in-gift-box/959244,Non-Vintage Sparkling Wine,61,Champagne,$239.97,"Champagne, France",959244,C/I: Long Tail,In Stock,WBO30300333_0,Chardonnay Vineyards at the Laurent-Perrier Domaine in Tours-sur-Marne,Wine:Product Detail:Laurent-Perrier Grand Siecle No. 25 Sun King Jacket Bottle in Gift Box,NY,PA,USD,239.97,5,1,,,winery-image,2018-11-14T00:43:19+0000,750,12,99.0,95,96,95,,,,96,,,,,
w551,Margaret River Region ,https://www.wine.com/product/product/vasse-felix-filius-cabernet-sauvignon-2020/1145006,Cabernet Sauvignon,198,Margaret River,$24.99,"Margaret River, Western Australia, Australia",1145006,C/I: Long Tail,In Stock,WBO30290472_2020,Vasse Felix Margaret River Region  Winery Image,Wine:Product Detail:Vasse Felix Filius Cabernet Sauvignon 2020,NY,PA,USD,24.99,5,1,5,1,winery-image,2019-09-12T21:15:23+0000,750,14.5,92.0,93,,,,90,90,,,,,,
w552,Fonseca Port Aging Vat,https://www.wine.com/product/product/fonseca-vintage-port-2017/539513,Port,4,Douro,$119.99,"Douro, Portugal",539513,C/I: Exception,In Stock,CGM43704_2017,Fonseca Fonseca Port Aging Vat Winery Image,Wine:Product Detail:Fonseca Vintage Port 2017,NY,PA,USD,119.99,5,1,5,1,winery-image,2018-03-03T22:51:11+0000,750,20,95.0,97,,95,,94,98,98,,,,,
w553,CADE Estate Winery Image,https://www.wine.com/product/product/cade-howell-mountain-estate-cabernet-sauvignon-2019/1272166,Cabernet Sauvignon,312,Howell Mountain,$119.99,"Howell Mountain, Napa Valley, California",1272166,C/I: MAP,In Stock,WLD20472_2019,CADE Estate Winery Image,Wine:Product Detail:CADE Howell Mountain Estate Cabernet Sauvignon 2019,NY,PA,USD,119.99,5,1,,,winery-image,2018-06-13T20:31:40+0000,750,15.6,,93,,,,,,94,95,,,,
w554,Lionel Faury  Winery Image,https://www.wine.com/product/product/lionel-faury-cote-rotie-2019/780352,Syrah/Shiraz,45,Cote Rotie,$79.99,"Cote Rotie, Rhone, France",780352,C/I: Long Tail,In Stock,WBO30283742_2019,"Lionel Faury and his father Philippe
",Wine:Product Detail:Lionel Faury Cote Rotie 2019,NY,PA,USD,79.99,5,1,,,winery-image,2019-03-13T23:42:07+0000,750,14,,93,,,,94,,95,,,,,
w555,Vineyards of Salvatore Molettieri,https://www.wine.com/product/product/salvatore-molettieri-taurasi-vigna-cinque-querce-2015/1197362,Aglianico,25,Campania,$53.99,"Campania, Italy",1197362,C/I: Long Tail,In Stock,SKRITMLT1015_2015,Salvatore Molettieri Vineyards of Salvatore Molettieri Winery Image,Wine:Product Detail:Salvatore Molettieri Taurasi Vigna Cinque Querce 2015,NY,PA,USD,53.99,5,1,,,winery-image,2020-06-29T14:25:12+0000,750,14,,93,,,,,,,,,,,
w556,Wine Cellars,https://www.wine.com/product/product/mastroberardino-radici-fiano-di-avellino-2021/1097801,Fiano,308,Campania,$28.99,"Campania, Italy",1097801,C/I: Long Tail,In Stock,EDV132477_2021_2021,Mastroberardino Wine Cellars Winery Image,Wine:Product Detail:Mastroberardino Radici Fiano di Avellino 2021,NY,PA,USD,28.99,5,1,,,winery-image,2018-06-26T22:01:18+0000,750,13.5,94.0,90,,,,,,,,,,,
w557,Jean Pabiot Winery Image,https://www.wine.com/product/product/jean-pabiot-fines-caillottes-pouilly-fume-2021/1135443,Sauvignon Blanc,17,Pouilly-Fume,$29.99,"Pouilly-Fume, Loire, France",1135443,C/I: Long Tail,In Stock,VOSPAB21B001_2021,Jean Pabiot Winery Image,Wine:Product Detail:Jean Pabiot Fines Caillottes Pouilly Fume 2021,NY,PA,USD,29.99,5,1,,,winery-image,2018-02-01T23:41:45+0000,750,13.5,,91,,,,,,,,,,,
w558,Grapes from Casas del Bosque,https://www.wine.com/product/product/casas-del-bosque-reserva-sauvignon-blanc-2021/1080453,Sauvignon Blanc,128,Casablanca Valley,$15.99,"Casablanca Valley, Chile",1080453,C/I: Long Tail,In Stock,OPI86226_2021,Casas del Bosque workers often give motivational talks about sustainability and environment to students.,Wine:Product Detail:Casas del Bosque Reserva Sauvignon Blanc 2021,NY,PA,USD,15.99,5,1,,,winery-image,2019-09-27T23:32:35+0000,750,13.5,90.0,89,,,,,,,,,,,
w559,Rocca di Montegrossi Tour and Tastings,https://www.wine.com/product/product/rocca-di-montegrossi-san-marcellino-chianti-classico-gran-selezione-2017/1148586,Sangiovese,63,Chianti Classico,$63.99,"Chianti Classico, Chianti, Tuscany, Italy",1148586,C/I: Long Tail,In Stock,SKRITRDM2117_2017,Rocca di Montegrossi welcomes guest for a guided tours of the winery.,Wine:Product Detail:Rocca di Montegrossi San Marcellino Chianti Classico Gran Selezione 2017,NY,PA,USD,63.99,5,1,,,winery-image,2020-09-14T19:18:12+0000,750,14.57,91.0,93,,93,,94,,,92,,94,,
w560,Grand Cru Blanc de Blancs Brut,https://www.wine.com/product/product/champagne-legras-and-haas-grand-cru-blanc-de-blancs-brut/783173,Non-Vintage Sparkling Wine,469,Champagne,$63.99,"Champagne, France",783173,C/I: Long Tail,In Stock,PIN516719_0,"Champagne Legras & Haas Grand Cru Blanc de Blancs Brut from Champagne, France - ...",Wine:Product Detail:Champagne Legras & Haas Grand Cru Blanc de Blancs Brut,NY,PA,USD,63.99,5,1,,,,,750,12.5,94.0,90,,,,,,,92,,,,
w561,"Winemaker, Nicole Hitchock",https://www.wine.com/product/product/j-vineyards-cuvee-20-brut/27883,Non-Vintage Sparkling Wine,532,Russian River,$36.99,"Russian River, Sonoma County, California",27883,C/I: Popular,In Stock,CGM29892_0,"Winemaker Nicole Hitchcock has been leading the J Winery since 2015, crafting high quality wines that showcase J’s home in the Russian River Valley.",Wine:Product Detail:J Vineyards Cuvee 20 Brut,NY,PA,USD,36.99,5,1,5,1,winery-image,2020-02-03T19:15:06+0000,750,12.5,90.0,92,,90,,,91,,,93,,,
w562,Faustino Winery Image,https://www.wine.com/product/product/faustino-v-reserva-2016/1158688,Tempranillo,109,Rioja,$23.99,"Rioja, Spain",1158688,C/I: Long Tail,In Stock,OPI94709_2016,The aging cellar for the 11 million Gran Reserva bottles dating back to 1955. This represents 30% of the world’s Gran Reserva supply.,Wine:Product Detail:Faustino V Reserva 2016,NY,PA,USD,23.99,5,1,,,winery-image,2019-02-01T00:41:59+0000,750,13.5,93.0,90,,,,,91,,,,,,
w563,Harvest at Iron Horse,https://www.wine.com/product/product/iron-horse-wedding-cuvee-2018/987894,Vintage Sparkling Wine,50,Green Valley,$49.99,"Green Valley, Russian River, Sonoma County, California",987894,C/I: Popular,In Stock,VNT1050020018_01_2018,Iron Horse Harvest at Iron Horse Winery Image,Wine:Product Detail:Iron Horse Wedding Cuvee 2018,NY,PA,USD,49.99,5,1,5,1,winery-image,2018-03-18T00:02:24+0000,750,13.5,91.0,94,,,,,,,,,,,
w564,The Barrel Hall at Innocent Bystander,https://www.wine.com/product/product/innocent-bystander-yarra-valley-pinot-noir-2019/1164583,Pinot Noir,22,Yarra Valley,$22.99,"Yarra Valley, Victoria, Australia",1164583,C/I: Long Tail,In Stock,WLD18085_2019,Innocent Bystander The Barrel Hall at Innocent Bystander Winery Image,Wine:Product Detail:Innocent Bystander Yarra Valley Pinot Noir 2019,NY,PA,USD,22.99,5,1,,,winery-image,2019-03-25T20:43:29+0000,750,13.5,,90,,,,,,,,,,,
w565,Lini 910  Winery Image,https://www.wine.com/product/product/lini-910-labrusca-lambrusco-rose/534721,Sparkling Rosé,1148,Emilia-Romagna,$18.99,"Emilia-Romagna, Italy",534721,C/I: Long Tail,In Stock,WBO30213152_0,Lini 910  Winery Image,Wine:Product Detail:Lini 910 Labrusca Lambrusco Rose,NY,PA,USD,18.99,5,1,5,1,winery-image,2019-11-19T20:46:39+0000,750,11,,89,,,,,,,,,,,
w566,Committment to Sustainability,https://www.wine.com/product/product/hanzell-chardonnay-2018/1250451,Chardonnay,27,Sonoma Valley,$68.99,"Sonoma Valley, Sonoma County, California",1250451,C/I: Popular,In Stock,SKRUSHAN3018_2018,Hanzell is committed to regenerative organics and another level of sustainability considering themselves a farm first with the micro-ecosystem helping the vines thrive.,Wine:Product Detail:Hanzell Chardonnay 2018,NY,PA,USD,68.99,5,1,,,winery-image,2020-09-02T18:15:05+0000,750,13.8,,93,,,,,94,,,,,,
w567,Henriot Winery Video,https://www.wine.com/product/product/henriot-brut-souverain/84831,Non-Vintage Sparkling Wine,447,Champagne,$56.99,"Champagne, France",84831,C/I: Long Tail,In Stock,PIN545931_0,Henriot Winery Video,Wine:Product Detail:Henriot Brut Souverain,NY,PA,USD,56.99,5,1,5,1,winery-video,2018-10-19T17:32:59+0000,750,12,91.0,91,,92,,90,91,,,,,,
w568,The Vines,https://www.wine.com/product/product/chateau-la-vieille-cure-2017/422767,Bordeaux Red Blends,24,Fronsac,$38.99,"Fronsac, Bordeaux, France",422767,C/I: Direct Import,In Stock,FNY422767_2017,"Château La Vieille Cure appears on a famous 1780 map of the Guyenne region, known as the Belleyme map. Parish records show grapes were already grown here in the 17th century. ",Wine:Product Detail:Chateau La Vieille Cure 2017,NY,PA,USD,38.99,5,1,5,1,winery-image,2020-10-28T23:29:11+0000,750,15,92.0,92,,90,,,90,91,92,,,,
w569,The Cellars,https://www.wine.com/product/product/billecart-salmon-brut-rose-15-liter-magnum/57383,Sparkling Rosé,2,Champagne,$199.97,"Champagne, France",57383,C/I: Exception,In Stock,TEWFR1031A_0,Billecart-Salmon The Cellars Winery Image,Wine:Product Detail:Billecart-Salmon Brut Rose (1.5 Liter Magnum),NY,PA,USD,199.97,5,1,5,1,winery-image,2019-03-04T21:38:04+0000,1500,12,93.0,90,96,,,,92,,94,,,,
w570,The Team,https://www.wine.com/product/product/accendo-cellars-cabernet-sauvignon-2017/686066,Cabernet Sauvignon,27,Napa Valley,$359.99,"Napa Valley, California",686066,C/I: MAP,In Stock,PIN977343_2017,Two generations of the Araujo Family plus their partners for the last 25 years.,Wine:Product Detail:Accendo Cellars Cabernet Sauvignon 2017,NY,PA,USD,359.99,5,1,,,winery-image,2018-05-11T18:53:27+0000,750,14.8,,96,,,,,,95,,,,,
w571,Pol Roger Winery Image,https://www.wine.com/product/product/pol-roger-blanc-de-blancs-2015/1001349,Vintage Sparkling Wine,63,Champagne,$169.99,"Champagne, France",1001349,C/I: Long Tail,In Stock,WLD18555_2015,Pol Roger Winery Image,Wine:Product Detail:Pol Roger Blanc de Blancs 2015,NY,PA,USD,169.99,5,1,,,winery-image,2019-03-08T18:14:10+0000,750,0,94.0,94,,,,,,93,,,93,,
w572,Vineyards of Domaine de la Cote,https://www.wine.com/product/product/domaine-de-la-cote-blooms-field-pinot-noir-2021/1341042,Pinot Noir,23,Sta. Rita Hills,$109.99,"Sta. Rita Hills, Santa Barbara, Central Coast, California",1341042,C/I: MAP,In Stock,SKRUSDLC4121_2021,Domaine de la Cote Vineyards of Domaine de la Cote Winery Image,Wine:Product Detail:Domaine de la Cote Bloom's Field Pinot Noir 2021,NY,PA,USD,109.99,5,1,,,winery-image,2020-06-30T14:34:09+0000,750,13.1,95.0,93,,,,94,97,,,,,,
w573,Domaines Ott Corks,https://www.wine.com/product/product/domaines-ott-etoile-provence-rose-15-liter-magnum-2020/1054157,Rosé,1,Provence,$359.97,"Provence, South of France, France",1054157,C/I: Exception,In Stock,CGM51210_2020,Domaines Ott Domaines Ott Corks Winery Image,Wine:Product Detail:Domaines Ott Etoile Provence Rose (1.5 Liter Magnum) 2020,NY,PA,USD,359.97,5,1,,,winery-image,2020-04-13T21:03:18+0000,1500,0,,91,,93,,93,,94,,,,,
w574,Sustainability,https://www.wine.com/product/product/rocca-giovanni-barolo-ravera-di-monforte-2018/1175873,Nebbiolo,671,Barolo,$49.99,"Barolo, Piedmont, Italy",1175873,C/I: Long Tail,In Stock,TONFAR04_18_6PK_2018,"The Rocca family respect the traditions and land, use only eco-friendly treatments in the vineyard and adhere to a sustainable and organic winemaking philosophy.",Wine:Product Detail:Rocca Giovanni Barolo Ravera Di Monforte 2018,NY,PA,USD,49.99,5,1,5,1,winery-image,2022-05-23T15:41:43+0000,750,14.5,92.0,92,,,,,,,,,,,
w575,Papera Ranch Vineyard in Winter,https://www.wine.com/product/product/carlisle-piner-olivet-ranches-zinfandel-2021/1317333,Zinfandel,22,Russian River,$49.99,"Russian River, Sonoma County, California",1317333,C/I: Long Tail,In Stock,PSLCCA142_2021,Carlisle Papera Ranch Vineyard in Winter Winery Image,Wine:Product Detail:Carlisle Piner-Olivet Ranches Zinfandel 2021,NY,PA,USD,49.99,5,1,,,winery-image,2020-06-18T17:51:25+0000,750,15,,94,,,,,,,,,96,,
w576,Château de la HUSTE,https://www.wine.com/product/product/chateau-de-la-huste-2020/745582,Bordeaux Red Blends,175,Fronsac,$19.99,"Fronsac, Bordeaux, France",745582,C/I: Luxury BDX,In Stock,FNY745582_2020,Chateau de la Huste Château de la HUSTE Winery Image,Wine:Product Detail:Chateau de la Huste 2020,NY,PA,USD,19.99,5,1,,,winery-image,2020-02-12T21:07:22+0000,750,13.4,90.0,90,,90,,,,94,,,,,
w577,Monte Bello ,https://www.wine.com/product/product/ridge-grenache-blanc-2021/1189298,Grenache Blanc,59,Adelaida District,$42.99,"Adelaida District, Paso Robles, Central Coast, California",1189298,C/I: Long Tail,In Stock,WLD19225_2021,Ridge Monte Bello  Winery Image,Wine:Product Detail:Ridge Grenache Blanc 2021,NY,PA,USD,42.99,5,1,,,winery-image,2020-03-12T22:18:34+0000,750,13.8,93.0,91,,,,91,,,90,,,,
w578,Medici Vineyard,https://www.wine.com/product/product/j-christopher-dundee-hills-volcanique-pinot-noir-2018/925167,Pinot Noir,719,Dundee Hills,$42.99,"Dundee Hills, Willamette Valley, Oregon",925167,C/I: Long Tail,In Stock,WBO30297372_2018,A Riesling Block on the Marine Sediment Soils of the Medici Vineyard,Wine:Product Detail:J. Christopher Dundee Hills Volcanique Pinot Noir 2018,NY,PA,USD,42.99,5,1,5,1,winery-image,2019-12-17T23:19:22+0000,750,13.5,,94,,,,92,,,,,,,
w579,Tolaini  Winery Image,https://www.wine.com/product/product/tolaini-legit-cabernet-sauvignon-2018/824515,Cabernet Sauvignon,119,Tuscany,$44.99,"Tuscany, Italy",824515,C/I: Long Tail,In Stock,BJWBJ05412_2018,Tolaini  Winery Image,Wine:Product Detail:Tolaini Legit Cabernet Sauvignon 2018,NY,PA,USD,44.99,5,1,5,1,winery-image,2020-02-25T18:52:29+0000,750,14,,94,,,,,,92,,,,,
w580,Carpineto Winery Image,https://www.wine.com/product/product/carpineto-chianti-classico-riserva-2017/877392,Sangiovese,146,Chianti Classico,$27.99,"Chianti Classico, Chianti, Tuscany, Italy",877392,C/I: Popular,In Stock,OPI19999_2017,Carpineto Winery Image,Wine:Product Detail:Carpineto Chianti Classico Riserva 2017,NY,PA,USD,27.99,5,1,5,1,winery-image,2019-06-10T18:51:11+0000,750,13.5,,90,,,,,,90,,,,,
w581,Henriot Winery Video,https://www.wine.com/product/product/henriot-brut-blanc-de-blancs/129710,Non-Vintage Sparkling Wine,106,Champagne,$84.99,"Champagne, France",129710,C/I: Long Tail,In Stock,PIN983433_0,Henriot Winery Video,Wine:Product Detail:Henriot Brut Blanc de Blancs,NY,PA,USD,84.99,5,1,5,1,winery-video,2018-10-19T17:32:59+0000,750,12,92.0,93,,,,,,91,,,,,
w582,Chardonnay Vineyards,https://www.wine.com/product/product/laurent-perrier-grand-siecle-no-25/940921,Non-Vintage Sparkling Wine,51,Champagne,$229.99,"Champagne, France",940921,C/I: Long Tail,In Stock,WBO30290637_0,Chardonnay Vineyards at the Laurent-Perrier Domaine in Tours-sur-Marne,Wine:Product Detail:Laurent-Perrier Grand Siecle No. 25,NY,PA,USD,229.99,5,1,5,1,winery-image,2018-11-14T00:43:19+0000,750,12,99.0,95,96,95,,,,97,97,,,,
w583,Lewis Cellars,https://www.wine.com/product/product/lewis-cellars-alecs-blend-red-2019/781744,Other Red Blends,80,Napa Valley,$74.99,"Napa Valley, California",781744,C/I: Long Tail,In Stock,WDW10080100202619_2019,Lewis Cellars Lewis Cellars Winery Image,Wine:Product Detail:Lewis Cellars Alec's Blend Red 2019,NY,PA,USD,74.99,5,1,,,winery-image,2021-04-30T19:10:45+0000,750,15.5,,93,,,,,,,,,,,
w584,Whole cluster vinification,https://www.wine.com/product/product/chanson-pere-and-fils-pernand-vergelesses-les-vergelesses-premier-cru-2020/922793,Pinot Noir,13,Pernand-Vergelesses,$74.99,"Pernand-Vergelesses, Cote de Beaune, Cote d'Or, Burgundy, France",922793,C/I: Long Tail,In Stock,VNT0460250020_03_2020,"Domaine Chanson is specialized in whole cluster vinification, a risky but highly qualitative process.",Wine:Product Detail:Chanson Pere & Fils Pernand-Vergelesses Les Vergelesses Premier Cru 2020,NY,PA,USD,74.99,5,1,,,winery-image,2018-04-19T18:49:54+0000,750,14.5,91.0,91,95,93,92,,,,,,,,
w585,Giacomo Borgogno & Figli  Winery Image,https://www.wine.com/product/product/borgogno-barbera-dalba-2021/1215060,Barbera,147,Alba,$32.99,"Alba, Piedmont, Italy",1215060,C/I: Long Tail,In Stock,MSE451542_2021,Giacomo Borgogno & Figli  Winery Image,Wine:Product Detail:Borgogno Barbera d'Alba 2021,NY,PA,USD,32.99,5,1,,,winery-image,2020-01-07T19:37:40+0000,750,0,,90,,,,,,,,,,,
w586,Arnaldo Caprai Winery Image,https://www.wine.com/product/product/arnaldo-caprai-grecante-grechetto-2021/1153690,Grechetto,134,Umbria,$23.99,"Umbria, Italy",1153690,C/I: Long Tail,In Stock,WDW10000850352621_2021,Arnaldo Caprai Winery Image,Wine:Product Detail:Arnaldo Caprai Grecante Grechetto 2021,NY,PA,USD,23.99,5,1,5,1,winery-image,2019-06-03T16:53:16+0000,750,13.5,,90,,,,,,91,,,,,
w587,Louisa Rose. Chief Winemaker,https://www.wine.com/product/product/yalumba-antique-tawny-port-375ml-half-bottle/15677,Port,193,Barossa Valley,$22.99,"Barossa Valley, Barossa, South Australia, Australia",15677,C/I: Long Tail,In Stock,WBO30078296_0,Yalumba Louisa Rose. Chief Winemaker Winery Image,Wine:Product Detail:Yalumba Antique Tawny Port (375ML half-bottle),NY,PA,USD,22.99,5,1,5,1,winery-image,2018-05-02T18:14:15+0000,375,19,,91,,91,,,92,92,,,93,,
w588,Chateau de Bligny  Winery Image,https://www.wine.com/product/product/chateau-de-bligny-grande-reserve-brut-rose/156598,Sparkling Rosé,33,Champagne,$59.99,"Champagne, France",156598,C/I: Long Tail,In Stock,PIN533907_0,View of Clos du Chateau vineyard overlooking Chateau Bligny. Grapes for the 6 Cepages are harvested from this small Clos.,Wine:Product Detail:Chateau de Bligny Grande Reserve Brut Rose,NY,PA,USD,59.99,5,1,5,1,winery-image,2020-02-19T21:27:40+0000,750,12,92.0,91,,,,,,,,,,,
w589,Graham Beck Winery Image,https://www.wine.com/product/product/graham-beck-brut-zero-2014/791672,Vintage Sparkling Wine,114,Robertson,$25.99,"Robertson, South Africa",791672,C/I: Long Tail,In Stock,WBO30279847_2014,Graham Beck Winery Image,Wine:Product Detail:Graham Beck Brut Zero 2014,NY,PA,USD,25.99,5,1,5,1,winery-image,2018-02-01T23:41:41+0000,750,12.5,,90,,,,,,,,,,,
w590,Louisa Rose. Chief Winemaker,https://www.wine.com/product/product/yalumba-samuels-collection-eden-valley-viognier-2020/1173369,Viognier,432,Eden Valley,$18.99,"Eden Valley, Barossa, South Australia, Australia",1173369,C/I: Popular,In Stock,WBO30290068_2020,Yalumba Louisa Rose. Chief Winemaker Winery Image,Wine:Product Detail:Yalumba Samuel's Collection Eden Valley Viognier 2020,NY,PA,USD,18.99,5,1,5,1,winery-image,2018-05-02T18:14:15+0000,750,14,,91,,,,,,,,,,,
w591,Bodegas Valderiz Winery Image,https://www.wine.com/product/product/bodegas-valderiz-ribera-del-duero-2019/996467,Tempranillo,8725,Ribera del Duero,$35.99,"Ribera del Duero, Spain",996467,C/I: Long Tail,In Stock,REG760012719_2019,Bodegas Valderiz Winery Image,Wine:Product Detail:Bodegas Valderiz Ribera del Duero 2019,NY,PA,USD,35.99,5,1,5,1,winery-image,2020-05-06T14:48:12+0000,750,15,94.0,94,,,,,,,,,,,
w592,Bodegas LAN Barrels,https://www.wine.com/product/product/bodegas-lan-vina-lanciano-reserva-2016/1043116,Tempranillo,681,Rioja,$26.99,"Rioja, Spain",1043116,C/I: Long Tail,In Stock,TON996_16_2016,Bodegas LAN also painstakingly select and test their oak barrels and have even pioneered a hybrid barrel - American staves with French oak heads - which they feel imparts the best characteristics of both types of oak on a wine.,Wine:Product Detail:Bodegas Lan Vina Lanciano Reserva 2016,NY,PA,USD,26.99,5,1,5,1,winery-image,2020-06-24T14:12:55+0000,750,13.5,92.0,91,,,,,,,,,,,
w593,La Mouline Vineyard in Cote-Rotie,https://www.wine.com/product/product/guigal-gigondas-rouge-2018/779109,Rhone Red Blends,33,Gigondas,$39.99,"Gigondas, Rhone, France",779109,C/I: Long Tail,In Stock,VNT0010050018_01_2018,"Here, on the stark and steep terrain formed by the Rhône River cultivated in terraces since ancient times, the Guigal family works the greatest appellations of the Rhône Valley with both passion and perseverance.",Wine:Product Detail:Guigal Gigondas Rouge 2018,NY,PA,USD,39.99,5,1,5,1,winery-image,2018-09-20T14:52:28+0000,750,14.5,,91,,,,,,92,,,,,
w594,Badia a Coltibuono Vineyards,https://www.wine.com/product/product/badia-a-coltibuono-cultusboni-rs-chianti-classico-2020/1032295,Sangiovese,285,Chianti Classico,$14.99,"Chianti Classico, Chianti, Tuscany, Italy",1032295,C/I: Popular,In Stock,WBO30292412_2020,Badia a Coltibuono Badia a Coltibuono Vineyards Winery Image,Wine:Product Detail:Badia a Coltibuono Cultusboni RS Chianti Classico 2020,NY,PA,USD,14.99,5,1,5,1,winery-image,2019-10-17T17:25:09+0000,750,14,91.0,90,,,,,,,,,,,
w595,Tenuta delle Terre Nere Barrel Room,https://www.wine.com/product/product/tenuta-delle-terre-nere-etna-rosso-2021/1154304,Nerello Mascalese,11,Sicily,$27.99,"Sicily, Italy",1154304,C/I: Popular,In Stock,SKRITTTN0321_2021,Tenuta delle Terre Nere Tenuta delle Terre Nere Barrel Room Winery Image,Wine:Product Detail:Tenuta delle Terre Nere Etna Rosso 2021,NY,PA,USD,27.99,5,1,5,1,winery-image,2020-09-15T17:01:14+0000,750,13.5,,91,,,,,,,,,,,
w596,Adaptation by Odette Winery Image,https://www.wine.com/product/product/adaptation-by-odette-cabernet-sauvignon-2018/755188,Cabernet Sauvignon,84,Napa Valley,$84.99,"Napa Valley, California",755188,C/I: MAP,In Stock,WLD17580_2018,Adaptation by Odette Winery Image,Wine:Product Detail:Adaptation by Odette Cabernet Sauvignon 2018,NY,PA,USD,84.99,5,1,5,1,winery-image,2018-06-13T20:52:16+0000,750,14.6,,90,93,,,,92,,,,,,
w597,Domaine Jean Grivot Vineyard Views,https://www.wine.com/product/product/domaine-jean-grivot-vosne-romanee-2020/1104063,Pinot Noir,20,Vosne-Romanee,$149.99,"Vosne-Romanee, Cote de Nuits, Cote d'Or, Burgundy, France",1104063,C/I: Long Tail,In Stock,WBO30294206_2020,Domaine Jean Grivot Domaine Jean Grivot Vineyard Views Winery Image,Wine:Product Detail:Domaine Jean Grivot Vosne-Romanee 2020,NY,PA,USD,149.99,5,1,,,winery-image,2019-12-03T17:17:08+0000,750,13.4,,93,,94,92,,,,,,,,
w598,Merum Priorati Vineyards,https://www.wine.com/product/product/merum-priorati-el-cel-2019/1207170,Other Red Blends,159,Priorat,$94.99,"Priorat, Spain",1207170,C/I: Long Tail,In Stock,TON97283_19_6PK_2019,Merum Priorati Merum Priorati Vineyards Winery Image,Wine:Product Detail:Merum Priorati El Cel 2019,NY,PA,USD,94.99,5,1,5,1,winery-image,2021-10-22T19:29:07+0000,750,15.5,,95,94,,,,,,,,,,
w599,Chateau d'Esclans  Winery Image,https://www.wine.com/product/product/chateau-desclans-les-clans-rose-2020/934785,Rosé,306,Cotes de Provence,$94.99,"Cotes de Provence, Provence, South of France, France",934785,C/I: Long Tail,In Stock,CGM52529_2020,Chateau d’Esclans Domaines Sacha Lichine Cellar Room,Wine:Product Detail:Chateau d'Esclans Les Clans Rose 2020,NY,PA,USD,94.99,5,1,,,winery-image,2020-04-01T19:09:59+0000,750,14,94.0,90,,95,,,,,,,,,
w600,Marina Cvetic,https://www.wine.com/product/product/masciarelli-villa-gemma-montepulciano-dabruzzo-riserva-2017/1241615,Montepulciano,10,Abruzzo,$80.99,"Abruzzo, Italy",1241615,C/I: Long Tail,In Stock,VNT0540070017_03_2017,Masciarelli Marina Cvetic Winery Image,Wine:Product Detail:Masciarelli Villa Gemma Montepulciano d'Abruzzo Riserva 2017,NY,PA,USD,80.99,5,1,,,winery-image,2018-08-20T18:01:09+0000,750,15,96.0,92,,,,,,,,,,,
w601,Ruben Avila - Cellar Master,https://www.wine.com/product/product/crossbarn-sonoma-county-cabernet-sauvignon-2019/913990,Cabernet Sauvignon,1203,Sonoma County,$44.99,"Sonoma County, California",913990,C/I: Popular,In Stock,PIN545915_2019,Crossbarn Ruben Avila - Cellar Master Winery Image,Wine:Product Detail:Crossbarn Sonoma County Cabernet Sauvignon 2019,NY,PA,USD,44.99,5,1,,,winery-image,2019-10-17T16:46:28+0000,750,0,93.0,90,,,,,,,,,,,
w602,Winemaker José Luís Chueca,https://www.wine.com/product/product/borsao-tres-picos-garnacha-2019/688102,Grenache,666,Campo de Borja,$19.99,"Campo de Borja, Spain",688102,C/I: KVI,In Stock,WBO30284607_2019,Borsao Winemaker José Luís Chueca Winery Image,Wine:Product Detail:Borsao Tres Picos Garnacha 2019,NY,PA,USD,19.99,5,1,5,1,winery-image,2020-01-07T17:02:55+0000,750,15.31,90.0,90,,,,,,,,,,,
w603,Tenuta Sette Ponti Harvest,https://www.wine.com/product/product/tenuta-sette-ponti-vigna-dell-impero-2016/591308,Sangiovese,93,Tuscany,$94.99,"Tuscany, Italy",591308,C/I: Long Tail,In Stock,CGM42018_2016,Tenuta Sette Ponti Tenuta Sette Ponti Harvest Winery Image,Wine:Product Detail:Tenuta Sette Ponti Vigna dell Impero 2016,NY,PA,USD,94.99,5,1,5,1,winery-image,2020-10-05T17:20:10+0000,750,14.5,96.0,95,,,,,,92,,,,,
w604,Cru Ravera Vineyard Map,https://www.wine.com/product/product/elvio-cogno-bricco-pernice-barolo-2017/1102927,Nebbiolo,16,Piedmont,$149.99,"Piedmont, Italy",1102927,C/I: Long Tail,In Stock,WDW10000240302417_2017,Elvio Cogno Cru Ravera Vineyard Map Winery Image,Wine:Product Detail:Elvio Cogno Bricco Pernice Barolo 2017,NY,PA,USD,149.99,5,1,,,winery-image,2020-04-24T21:30:43+0000,750,14.5,94.0,95,,,,,,95,,,,,
w605,Fontanabianca  Winery Image,https://www.wine.com/product/product/fontanabianca-barbaresco-2019/1132995,Nebbiolo,21,Barbaresco,$47.99,"Barbaresco, Piedmont, Italy",1132995,C/I: Long Tail,In Stock,MSE452528_2019,"Fontanabianca has been family owned and operated for three generations, with Aldo and his eldest son as his apprentice. ",Wine:Product Detail:Fontanabianca Barbaresco 2019,NY,PA,USD,47.99,5,1,,,winery-image,2019-12-30T19:09:18+0000,750,14,92.0,93,,,,,95,94,,,,,
w606,Federico and Clemente Zileri Dal Verme,https://www.wine.com/product/product/castello-di-bolgheri-bolgheri-varvara-2020/1043040,Bordeaux Red Blends,51,Bolgheri,$49.99,"Bolgheri, Tuscany, Italy",1043040,C/I: Long Tail,In Stock,MSE450386_2020,Castello di Bolgheri Federico and Clemente Zileri Dal Verme Winery Image,Wine:Product Detail:Castello di Bolgheri Bolgheri Varvara 2020,NY,PA,USD,49.99,5,1,5,1,winery-image,2019-03-02T00:20:37+0000,750,0,93.0,92,,,,,,93,93,,,,
w607,Tenuta Guado al Tasso Estate,https://www.wine.com/product/product/antinori-badia-a-passignano-chianti-classico-gran-selezione-2019/1157423,Sangiovese,600,Chianti Classico,$63.99,"Chianti Classico, Chianti, Tuscany, Italy",1157423,C/I: Popular,In Stock,PIN571951_2019,Tenuta Guado al Tasso is located in the small but prestigious Bolgheri DOC. This appellation has relatively recent history being approved in 1994 and since than it has become an internationally recognized reference point for winemaking.,Wine:Product Detail:Antinori Badia a Passignano Chianti Classico Gran Selezione 2019,NY,PA,USD,63.99,5,1,5,1,winery-image,2023-03-10T23:38:02+0000,750,14,93.0,95,,,,93,,94,,,92,,
w608,Owen Roe  Winery Image,https://www.wine.com/product/product/owen-roe-the-kilmore-pinot-noir-2016/564956,Pinot Noir,3,Yamhill-Carlton District,$46.99,"Yamhill-Carlton District, Willamette Valley, Oregon",564956,C/I: Long Tail,In Stock,WLD13605_2016,Owen Roe  Winery Image,Wine:Product Detail:Owen Roe The Kilmore Pinot Noir 2016,NY,PA,USD,46.99,5,1,5,1,winery-image,2018-02-01T23:41:37+0000,750,13,93.0,90,,,,,92,,,,,,
w609,Jay Heminway & Pam Heminway ,https://www.wine.com/product/product/green-and-red-chiles-canyon-vineyards-zinfandel-2019/1090396,Zinfandel,34,Napa Valley,$32.99,"Napa Valley, California",1090396,C/I: Popular,In Stock,SKRUSGNR2019_2019,Green & Red Jay Heminway & Pam Heminway  Winery Image,Wine:Product Detail:Green & Red Chiles Canyon Vineyards Zinfandel 2019,NY,PA,USD,32.99,5,1,5,1,winery-image,2020-06-26T05:29:26+0000,750,15.1,,93,,,,,,,,,,,
w610,Winemaker Tadeo Borchardt,https://www.wine.com/product/product/neyers-left-bank-red-2019/856405,Bordeaux Red Blends,67,Napa Valley,$46.99,"Napa Valley, California",856405,C/I: Long Tail,In Stock,PIN535158_2019,"Tadeo joined the Neyers team in 2004 after several years in of experience making wine in both California and New Zealand. He is a zealous advocate of natural winemaking practices, and appreciates traditionally produced European-style wines.",Wine:Product Detail:Neyers Left Bank Red 2019,NY,PA,USD,46.99,5,1,5,1,winery-image,2018-07-25T00:36:21+0000,750,14.4,,92,,,,,,,,,,,
w611,Extra Quality Brut,https://www.wine.com/product/product/champagne-ployez-jacquemart-extra-quality-brut/697241,Non-Vintage Sparkling Wine,2909,Champagne,$46.99,"Champagne, France",697241,C/I: Long Tail,In Stock,DBWDB0113_NV_0,"Champagne Ployez-Jacquemart Extra Quality Brut from Champagne, France - #65 of Wine Spectator's Top 100 of 2020Featuring an elegant foam, this champagne reveals a nice golden  color. The nose is ripe with notes of honey. The palate ...",Wine:Product Detail:Champagne Ployez-Jacquemart Extra Quality Brut,NY,PA,USD,46.99,5,1,5,1,,,750,12,,91,,,,,,,,,,,
w612,The Cellar,https://www.wine.com/product/product/delamotte-brut/23885,Non-Vintage Sparkling Wine,604,Champagne,$67.99,"Champagne, France",23885,C/I: Long Tail,In Stock,PIN197634_0,Delamotte The Cellar Winery Image,Wine:Product Detail:Delamotte Brut,NY,PA,USD,67.99,5,1,5,1,winery-image,2019-02-14T22:38:44+0000,750,12,91.0,91,92,,90,,90,90,90,,,,95
w613,Vineyards in Urville,https://www.wine.com/product/product/drappier-zero-dosage-brut-nature-rose/251441,Sparkling Rosé,411,Champagne,$69.99,"Champagne, France",251441,C/I: Long Tail,In Stock,WBO30290906_0,Drappier Vineyards in Urville Winery Image,Wine:Product Detail:Drappier Zero Dosage Brut Nature Rose,NY,PA,USD,69.99,5,1,,,winery-image,2018-03-12T22:48:24+0000,750,12,,92,,,,,90,,,,,,
w614,Chardonnay Vineyards,https://www.wine.com/product/product/laurent-perrier-alexandra-rose-with-wooden-gift-box-2004/136699,Sparkling Rosé,59,Champagne,$349.99,"Champagne, France",136699,C/I: Long Tail,In Stock,WBO30145922_2004,Chardonnay Vineyards at the Laurent-Perrier Domaine in Tours-sur-Marne,Wine:Product Detail:Laurent-Perrier Alexandra Rose with Wooden Gift Box 2004,NY,PA,USD,349.99,5,1,5,1,winery-image,2018-11-14T00:43:19+0000,750,12,95.0,93,,94,,94,95,94,,,,,
w615,Adrianna Vineyard,https://www.wine.com/product/product/catena-zapata-nicasia-vineyard-malbec-2019/946764,Malbec,71,Uco Valley,$99.99,"Uco Valley, Mendoza, Argentina",946764,C/I: Popular,In Stock,WBO30291712_2019,"At almost 5,000 feet elevation. Adrianna Vineyard has been called the Grand Cru of South America.",Wine:Product Detail:Catena Zapata Nicasia Vineyard Malbec 2019,NY,PA,USD,99.99,5,1,5,1,winery-image,2019-03-12T20:40:03+0000,750,13.7,95.0,93,,,,91,,97,,,,,
w616,Perilune Vineyard,https://www.wine.com/product/product/brewer-clifton-sta-rita-hills-chardonnay-2021/1098994,Chardonnay,81,Sta. Rita Hills,$39.99,"Sta. Rita Hills, Santa Barbara, Central Coast, California",1098994,C/I: Popular,In Stock,PIN561245_2021,Greg Brewer in the newest planted Perilune Vineyard in Sta Rita Hills.,Wine:Product Detail:Brewer-Clifton Sta. Rita Hills Chardonnay 2021,NY,PA,USD,39.99,5,1,5,1,winery-image,2022-11-17T22:38:49+0000,750,14.5,,93,,,,,,,,,,,
w617,"Jarod Sleet, Assistant Winemaker",https://www.wine.com/product/product/roco-gravel-road-pinot-noir/741538,Pinot Noir,720,Willamette Valley,$24.99,"Willamette Valley, Oregon",741538,C/I: Long Tail,In Stock,CGM53282_0,"ROCO Jarod Sleet, Assistant Winemaker Winery Image",Wine:Product Detail:ROCO Gravel Road Pinot Noir,NY,PA,USD,24.99,5,1,5,1,winery-image,2019-03-25T21:22:42+0000,750,14.5,,90,90,,,,,,,,,,
w618,Aerial View of Champagne Vineyards,https://www.wine.com/product/product/perrier-jouet-blanc-de-blancs-brut/942159,Non-Vintage Sparkling Wine,316,Champagne,$87.99,"Champagne, France",942159,C/I: Exception,In Stock,PIN928791_0,Perrier-Jouët Aerial View of Champagne Vineyards Winery Image,Wine:Product Detail:Perrier-Jouet Blanc de Blancs Brut,NY,PA,USD,87.99,5,1,5,1,winery-image,2018-04-27T21:06:19+0000,750,12,91.0,92,,91,,,91,92,,,,,
w619,Domaine du Grapillon d'Or  Winery Image,https://www.wine.com/product/product/dom-du-grapillon-dor-gigondas-2019/1089785,Rhone Red Blends,36,Gigondas,$32.99,"Gigondas, Rhone, France",1089785,C/I: Exception,In Stock,WBYWBYGRAPIGIG19_2019_2019,Domaine du Grapillon d'Or  Winery Image,Wine:Product Detail:Dom. Du Grapillon d'Or Gigondas 2019,NY,PA,USD,32.99,5,1,,,winery-image,2019-05-08T19:05:46+0000,750,15,,93,,,,,,92,,,,,
w620,Winemaker Nicolas Glumineau,https://www.wine.com/product/product/chateau-haut-beausejour-2017/587532,Bordeaux Red Blends,205,St. Estephe,$32.99,"St. Estephe, Bordeaux, France",587532,C/I: Exception,In Stock,CGM39895_2017,"In 2012, Nicolas Glumineau became the general manager and winemaker at Château Pichon Longueville Comtesse de Lalande (Pauillac), Château de Pez (Saint-Estèphe) and Château Haut-Beauséjour.",Wine:Product Detail:Chateau Haut-Beausejour 2017,NY,PA,USD,32.99,5,1,5,1,winery-image,2019-02-13T23:44:04+0000,750,0,91.0,90,,,,,,,,,,,
w621,A New And Exciting Chapter For CHANDON,https://www.wine.com/product/product/chandon-etoile-brut/87871,Non-Vintage Sparkling Wine,32,North Coast,$58.99,"North Coast, California",87871,C/I: Popular,In Stock,CGM48330_0,"A new and exciting chapter for CHANDON, with a beautiful new identity that reflects the amazing quality of the wines. ",Wine:Product Detail:Chandon etoile Brut,NY,PA,USD,58.99,5,1,5,1,winery-image,2021-07-23T22:04:50+0000,750,12.5,,93,94,95,,,90,,,,,,
w622,Tua Rita  Winery Image,https://www.wine.com/product/product/tua-rita-giusto-di-notri-2020/1153652,Bordeaux Red Blends,101,Tuscany,$99.99,"Tuscany, Italy",1153652,C/I: Exception,In Stock,WBO30296412_2020,Tua Rita  Winery Image,Wine:Product Detail:Tua Rita Giusto di Notri 2020,NY,PA,USD,99.99,5,1,,,winery-image,2019-02-28T22:44:30+0000,750,15.5,97.0,93,,,,,,,,,,,
w623,Barrels,https://www.wine.com/product/product/charles-de-cazanove-brut-rose/154788,Sparkling Rosé,643,Champagne,$41.99,"Champagne, France",154788,C/I: Long Tail,In Stock,TON26022_NV_0,"Considered the unofficial capital of France’s Champagne region, the historic city of Reims is celebrated for its abundance of Champagne houses and vineyards, as well as its rich heritage.",Wine:Product Detail:Charles de Cazanove Brut Rose,NY,PA,USD,41.99,5,1,5,1,winery-image,2022-12-01T00:14:36+0000,750,12,,91,92,,,,,90,,,,,
w624,Quinta de Chocapalha  Winery Image,https://www.wine.com/product/product/quinta-de-chocapalha-vinha-mae-2016/1060897,Other Red Blends,7,Portugal,$54.99,Portugal,1060897,C/I: Long Tail,In Stock,WBO30283531_2016,Quinta de Chocapalha  Winery Image,Wine:Product Detail:Quinta de Chocapalha Vinha Mae 2016,NY,PA,USD,54.99,5,1,,,winery-image,2019-03-22T18:57:31+0000,750,14.5,,92,,,,,94,93,,,,,
w625,Stéphanie de Boüard-Rivoal,https://www.wine.com/product/product/chateau-angelus-2016/202241,Bordeaux Red Blends,4,St. Emilion,$439.99,"St. Emilion, Bordeaux, France",202241,C/I: Luxury BDX,In Stock,FNY202241_2016,"Angélus is now run by Stéphanie de Boüard-Rivoal, joined by her cousin Thierry Grenié de Boüard. Both represent the eighth generation of their families.  Stéphanie is the third woman to preside over this estate, where she was born and grew up.",Wine:Product Detail:Chateau Angelus 2016,NY,PA,USD,439.99,5,1,5,1,winery-image,2018-04-20T18:11:38+0000,750,14.5,99.0,96,,97,,,100,98,97,,,,
w626,Priest Ranch Winery Image,https://www.wine.com/product/product/priest-ranch-coach-gun-2015/657372,Bordeaux Red Blends,36,Napa Valley,$89.99,"Napa Valley, California",657372,C/I: Long Tail,In Stock,WBO30273235_2015,Priest Ranch Winery Image,Wine:Product Detail:Priest Ranch Coach Gun 2015,NY,PA,USD,89.99,5,1,,,winery-image,2018-02-01T23:41:28+0000,750,16,93.0,92,,,,,92,,,,,,
w627,The Family of Pio Cesare,https://www.wine.com/product/product/pio-cesare-il-bricco-barbaresco-2017/1177105,Nebbiolo,2,Barbaresco,$149.99,"Barbaresco, Piedmont, Italy",1177105,C/I: Popular,In Stock,LIM722840_2017,"Left to Right: Cesare Benvenuto (nephew of Pio Boffa), Federica Rosay (daughter of Pio Boffa), Pio Boffa (4th generation owner), Augusto (cousin of Pio Boffa)",Wine:Product Detail:Pio Cesare Il Bricco Barbaresco 2017,NY,PA,USD,149.99,5,1,,,winery-image,2019-04-11T21:08:57+0000,750,0,97.0,92,,,,93,,93,,,,,
w628,Fonseca Port Aging Vat,https://www.wine.com/product/product/fonseca-20-year-old-tawny/1520,Port,272,Douro,$59.99,"Douro, Portugal",1520,C/I: Long Tail,In Stock,CGM56324_0,Fonseca Fonseca Port Aging Vat Winery Image,Wine:Product Detail:Fonseca 20 Year Old Tawny,NY,PA,USD,59.99,5,1,5,1,winery-image,2018-03-03T22:51:11+0000,750,20,,92,,95,,92,94,92,,,,,
w629,Sean and Nicole Minor,https://www.wine.com/product/product/sean-minor-sonoma-coast-pinot-noir-2021/1078915,Pinot Noir,70,Sonoma Coast,$25.99,"Sonoma Coast, Sonoma County, California",1078915,C/I: Long Tail,In Stock,SKRUSSMI2021_2021,Sean Minor Sean and Nicole Minor Winery Image,Wine:Product Detail:Sean Minor Sonoma Coast Pinot Noir 2021,NY,PA,USD,25.99,5,1,5,1,winery-image,2020-05-18T06:01:18+0000,750,14.5,,91,91,,,,92,,,,,,
w630,Penfolds Chief Winemaker Peter Gago ,https://www.wine.com/product/product/penfolds-club-tawny-port/1572,Port,27,South Australia,$14.99,"South Australia, Australia",1572,C/I: Popular,In Stock,CGM27297_0,In 2002 Peter became the fourth ever Chief Winemaker for Penfolds.,Wine:Product Detail:Penfolds Club Tawny Port,NY,PA,USD,14.99,5,1,5,1,winery-image,2020-10-30T19:20:10+0000,750,18,,89,89,,,,,,,,,,
w631,The Adobe at Bien Nacido,https://www.wine.com/product/product/bien-nacido-estate-chardonnay-2020/1145669,Chardonnay,18,Santa Maria Valley,$68.99,"Santa Maria Valley, Central Coast, California",1145669,C/I: Long Tail,In Stock,TNSDN3809_2020,Bien Nacido Estate The Adobe at Bien Nacido Winery Image,Wine:Product Detail:Bien Nacido Estate Chardonnay 2020,NY,PA,USD,68.99,5,1,,,winery-image,2019-11-13T18:31:37+0000,750,13.5,,93,,,,94,92,94,,,,,
w632,La Morra and Verduno Estate,https://www.wine.com/product/product/ascheri-barolo-2018/1288922,Nebbiolo,23,Barolo,$43.99,"Barolo, Piedmont, Italy",1288922,C/I: Long Tail,In Stock,MSE450326_2018,Ascheri La Morra and Verduno Estate Winery Image,Wine:Product Detail:Ascheri Barolo 2018,NY,PA,USD,43.99,5,1,,,winery-image,2020-01-07T17:58:01+0000,750,14.5,,93,,,,,90,92,,,,,
w633,Carpineto Winery Image,https://www.wine.com/product/product/carpineto-brunello-di-montalcino-2017/1077737,Sangiovese,120,Montalcino,$68.99,"Montalcino, Tuscany, Italy",1077737,C/I: Long Tail,In Stock,OPI19959_2017,Carpineto Winery Image,Wine:Product Detail:Carpineto Brunello di Montalcino 2017,NY,PA,USD,68.99,5,1,,,winery-image,2019-06-10T18:51:11+0000,750,15,92.0,91,,90,,,90,,,,,,
w634,Domaine Tollot-Beaut Winery Image,https://www.wine.com/product/product/domaine-tollot-beaut-chorey-les-beaune-375ml-half-bottle-2020/1127150,Pinot Noir,23,Chorey-les-Beaune,$35.99,"Chorey-les-Beaune, Cote de Beaune, Cote d'Or, Burgundy, France",1127150,C/I: Exception,In Stock,WBO30294215_2020,Domaine Tollot-Beaut Winery Image,Wine:Product Detail:Domaine Tollot-Beaut Chorey-Les-Beaune (375ML half-bottle) 2020,NY,PA,USD,35.99,5,1,,,winery-image,2019-03-05T20:23:57+0000,375,14.5,,91,,,,,,,,,,,
w635,Tenuta Pederzana Winery Image,https://www.wine.com/product/product/pederzana-il-grasparossa-della-tradizione-lambrusco-2021/1202356,Red Sparkling Wine,439,Emilia-Romagna,$21.99,"Emilia-Romagna, Italy",1202356,C/I: Long Tail,In Stock,VIYITPDLAM7521_2021,Tenuta Pederzana Winery Image,Wine:Product Detail:Pederzana Il Grasparossa Della Tradizione Lambrusco 2021,NY,PA,USD,21.99,5,1,,,winery-image,2018-02-01T23:41:24+0000,750,11.5,,90,,,,,,,,,,,
w636,Belguardo Harvest,https://www.wine.com/product/product/belguardo-maremma-toscana-2015/523146,Cabernet Sauvignon,139,Tuscany,$59.99,"Tuscany, Italy",523146,C/I: Long Tail,In Stock,PIN476975_2015,Belguardo Belguardo Harvest Winery Image,Wine:Product Detail:Belguardo Maremma Toscana 2015,NY,PA,USD,59.99,5,1,5,1,winery-image,2018-05-10T17:34:11+0000,750,14.65,95.0,91,,,,,,93,,,,,
w637,Lechuza owls,https://www.wine.com/product/product/finca-decero-remolinos-vineyard-malbec-2018/806230,Malbec,54,Mendoza,$16.99,"Mendoza, Argentina",806230,C/I: Long Tail,In Stock,VNT01300118_01_2018,"Perched atop vineyard posts, they keep a watchful eye over the vines, protecting against pests – both real and imagined.",Wine:Product Detail:Finca Decero Remolinos Vineyard Malbec 2018,NY,PA,USD,16.99,5,1,5,1,winery-image,2018-12-05T20:08:26+0000,750,14.5,93.0,90,,,,,,91,,,,,
w638,Dutton Goldfield Vineyard,https://www.wine.com/product/product/dutton-goldfield-fox-den-vineyard-pinot-noir-2019/1306211,Pinot Noir,37,Green Valley,$84.99,"Green Valley, Russian River, Sonoma County, California",1306211,C/I: Long Tail,In Stock,TON72348_19_6PK_2019,Dutton-Goldfield Dutton Goldfield Vineyard Winery Image,Wine:Product Detail:Dutton-Goldfield Fox Den Vineyard Pinot Noir 2019,NY,PA,USD,84.99,5,1,5,1,winery-image,2018-04-16T16:58:21+0000,750,14.1,,93,,,,94,94,,,,,92,
w639,Sustainable Farming,https://www.wine.com/product/product/lecole-41-walla-walla-valley-estate-merlot-2019/971273,Merlot,44,Walla Walla Valley,$42.99,"Walla Walla Valley, Columbia Valley, Washington",971273,C/I: Long Tail,In Stock,WBO30292439_2019,"Today we are at the forefront of sustainable farming in the Walla Walla Valley, notably with our Estate Ferguson and Estate Seven Hills Vineyards, both of which are certified sustainable and certified Salmon Safe.",Wine:Product Detail:L'Ecole 41 Walla Walla Valley Estate Merlot 2019,NY,PA,USD,42.99,5,1,5,1,winery-image,2018-04-27T22:55:25+0000,750,14.5,94.0,90,,,,90,92,,90,,,,
w640,Rheingau Vineyard Classification Map,https://www.wine.com/product/product/robert-weil-kiedrich-grafenberg-riesling-auslese-375ml-half-bottle-2020/834550,Riesling,6,Rheingau,$79.99,"Rheingau, Germany",834550,C/I: Exception,In Stock,WBO30285480_2020,Robert Weil Rheingau Vineyard Classification Map Winery Image,Wine:Product Detail:Robert Weil Kiedrich Grafenberg Riesling Auslese (375ML half-bottle) 2020,NY,PA,USD,79.99,5,1,,,winery-image,2019-08-13T20:08:23+0000,375,8.5,97.0,94,,,,97,,97,,,,,
w641,Broadbent Winery Image,https://www.wine.com/product/product/broadbent-madeira-colheita-1999/167022,Madeira,55,Madeira,$79.99,"Madeira, Portugal",167022,C/I: Long Tail,In Stock,WBO30124286_1999,Casks of Madeira Wine aging in the Canteiro Method,Wine:Product Detail:Broadbent Madeira Colheita 1999,NY,PA,USD,79.99,5,1,5,1,winery-image,2020-08-14T19:28:15+0000,750,19,,92,,,,,,91,,,,,
w642,Jules Taylor Vineyards,https://www.wine.com/product/product/jules-taylor-pinot-noir-2019/678201,Pinot Noir,641,Marlborough,$22.99,"Marlborough, New Zealand",678201,C/I: Long Tail,In Stock,WBO30276986_2019,Jules Taylor Jules Taylor Vineyards Winery Image,Wine:Product Detail:Jules Taylor Pinot Noir 2019,NY,PA,USD,22.99,5,1,5,1,winery-image,2020-06-22T17:35:37+0000,750,13.5,,92,91,,,,,,,,,,
w643,The Corton Grancey Cuverie ,https://www.wine.com/product/product/louis-latour-aloxe-corton-les-chaillots-premier-cru-2019/982009,Pinot Noir,35,Aloxe-Corton,$129.99,"Aloxe-Corton, Cote de Beaune, Cote d'Or, Burgundy, France",982009,C/I: Long Tail,In Stock,TONLA05_19_2019,Construction of the Cuverie began in 1832 and it is where all of Domaine Louis Latour wines are made and aged. It is built over five levels into the hill which allows the entire winemaking process to be carried by gravity.,Wine:Product Detail:Louis Latour Aloxe-Corton Les Chaillots Premier Cru 2019,NY,PA,USD,129.99,5,1,5,1,winery-image,2018-08-21T23:35:08+0000,750,13.5,93.0,92,94,,,,94,,,,,,
w644,Haras de Pirque Winery Image,https://www.wine.com/product/product/haras-de-pirque-albis-2016/527934,Bordeaux Red Blends,40,Maipo Valley,$51.99,"Maipo Valley, Chile",527934,C/I: Long Tail,In Stock,PIN928055_2016,Haras de Pirque Winery Image,Wine:Product Detail:Haras de Pirque Albis 2016,NY,PA,USD,51.99,5,1,5,1,winery-image,2020-04-06T19:22:34+0000,750,14,92.0,93,,90,,,91,,,,,,
w645,Two Barns Vineyard,https://www.wine.com/product/product/domaine-serene-evenstad-reserve-pinot-noir-15-liter-magnum-2018/820324,Pinot Noir,26,Willamette Valley,$169.99,"Willamette Valley, Oregon",820324,C/I: Exception,In Stock,WBO30289218_2018,"Unique to the Dundee Hills AVA, this site occupies a geologic zone that transitions from sedimentary Willakenzie soil to volcanic Jory soil. ",Wine:Product Detail:Domaine Serene Evenstad Reserve Pinot Noir (1.5 Liter Magnum) 2018,NY,PA,USD,169.99,5,1,,,winery-image,2022-09-08T20:02:24+0000,1500,14.5,,94,,,,,92,93,,,93,,
w646,"Luc Pays, Vineyard Manager",https://www.wine.com/product/product/chateau-coutet-2019/752271,Other Dessert,32,Barsac,$45.99,"Barsac, Bordeaux, France",752271,C/I: Luxury BDX,In Stock,FNY752271_2019,"Luc has been working at Château Coutet since 2002. As a great lover of Château Coutet’s wines, Luc reserves the first Grand Cru Classé for special occasions.",Wine:Product Detail:Chateau Coutet 2019,NY,PA,USD,45.99,5,1,,,winery-image,2019-06-21T17:17:18+0000,750,13.5,,92,,,,,,,,,93,,
w647,Robotic Lagar,https://www.wine.com/product/product/grahams-vintage-port-2017/534534,Port,40,Douro,$149.99,"Douro, Portugal",534534,C/I: Long Tail,In Stock,PIN946704_2017,Graham's Robotic Lagar Winery Image,Wine:Product Detail:Graham's Vintage Port 2017,NY,PA,USD,149.99,5,1,,,winery-image,2019-05-28T22:45:39+0000,750,20,97.0,97,,98,,93,97,97,,,,,
w648,Pepe Raventos Working in the Vineyard,https://www.wine.com/product/product/raventos-i-blanc-blanc-de-blancs-2020/991784,Vintage Sparkling Wine,35,Penedes,$23.99,"Penedes, Spain",991784,C/I: Long Tail,In Stock,SKRESRAV0120_2020,Raventos i Blanc Pepe Raventos Working in the Vineyard Winery Image,Wine:Product Detail:Raventos i Blanc Blanc de Blancs 2020,NY,PA,USD,23.99,5,1,5,1,winery-image,2020-06-25T15:16:04+0000,750,12.2,,91,,,,,,92,,,,,
w649,Robotic Lagar,https://www.wine.com/product/product/grahams-10-year-old-tawny-port/5972,Port,512,Douro,$42.99,"Douro, Portugal",5972,C/I: KVI,In Stock,PIN360927_0,Graham's Robotic Lagar Winery Image,Wine:Product Detail:Graham's 10 Year Old Tawny Port,NY,PA,USD,42.99,5,1,5,1,winery-image,2019-05-28T22:45:39+0000,750,20,93.0,90,,90,,,91,,,,,,
w650,2021 Sauvignon Blanc,https://www.wine.com/product/product/duck-hunter-sauvignon-blanc-2021/955214,Sauvignon Blanc,95,Marlborough,$22.99,"Marlborough, New Zealand",955214,C/I: Long Tail,In Stock,PIN536404_2021,"Duck Hunter Sauvignon Blanc 2021 from Marlborough, New Zealand - The 2021 Sauvignon Blanc is the palest straw color with hints of green and gold. On the nose, aromas of Meyer lemon, white peach, green mango, hints of gooseber...",Wine:Product Detail:Duck Hunter Sauvignon Blanc 2021,NY,PA,USD,22.99,5,1,5,1,,,750,12.5,,90,,,,,,,,,,,
w651,Paula Kornell ,https://www.wine.com/product/product/paula-kornell-california-brut/617836,Non-Vintage Sparkling Wine,133,California,$19.99,California,617836,C/I: Long Tail,In Stock,ASWPKBRUTNV_0,"Reviving a Napa Valley tradition begun by her father, pioneering winemaker Hanns Kornell of Kornell Champagne Cellars, Paula Kornell is carrying on the family legacy in her own inimitable way with Paula Kornell sparkling wines.",Wine:Product Detail:Paula Kornell California Brut,NY,PA,USD,19.99,5,1,5,1,winery-image,2020-05-16T05:46:23+0000,750,12,,89,,,,,94,,,,,,92
w652,The Castello at Dawn,https://www.wine.com/product/product/banfi-brunello-di-montalcino-poggio-alle-mura-riserva-2016/1224168,Sangiovese,1,Montalcino,$149.99,"Montalcino, Tuscany, Italy",1224168,C/I: Long Tail,In Stock,CGM55114_2016,Castello Banfi The Castello at Dawn Winery Image,Wine:Product Detail:Banfi Brunello di Montalcino Poggio Alle Mura Riserva 2016,NY,PA,USD,149.99,5,1,,,winery-image,2020-04-14T18:04:16+0000,750,14.5,97.0,98,,,,,,95,,,,,
w653,Fontanafredda in Winter,https://www.wine.com/product/product/fontanafredda-barolo-vigna-la-rosa-2013/630492,Nebbiolo,54,Barolo,$129.99,"Barolo, Piedmont, Italy",630492,C/I: Long Tail,In Stock,EDV110744_2013_2013,Fontanafredda Fontanafredda in Winter Winery Image,Wine:Product Detail:Fontanafredda Barolo Vigna La Rosa 2013,NY,PA,USD,129.99,5,1,,,winery-image,2018-09-05T18:50:27+0000,750,13.5,93.0,92,,,,,92,93,,,,,
w654,Winemaker Shane Moore,https://www.wine.com/product/product/zena-crown-vineyard-the-sum-pinot-noir-2018/877416,Pinot Noir,25,Eola-Amity Hills,$79.99,"Eola-Amity Hills, Willamette Valley, Oregon",877416,C/I: Long Tail,In Stock,EDV130810_2018_2018,Zena Crown Vineyard Winemaker Shane Moore Winery Image,Wine:Product Detail:Zena Crown Vineyard The Sum Pinot Noir 2018,NY,PA,USD,79.99,5,1,,,winery-image,2018-04-04T00:22:26+0000,750,13.7,,94,,,,,,97,,,94,,
w655,2019 Beaune Les Vignes Franches Premier Cru,https://www.wine.com/product/product/pierre-meurgey-beaune-les-vignes-franches-premier-cru-2019/950419,Pinot Noir,19,Beaune,$84.99,"Beaune, Cote de Beaune, Cote d'Or, Burgundy, France",950419,C/I: Long Tail,In Stock,BJWBJ05269_2019,"Pierre Meurgey Beaune Les Vignes Franches Premier Cru 2019 from Beaune, Cote de Beaune, Cote d'Or, Burgundy, France - Les Vignes Franches is located at the southern end of Beaune's belt of Premier Cru sites, near the commune's boundary with Pommard. The grapes for this wine are...",Wine:Product Detail:Pierre Meurgey Beaune Les Vignes Franches Premier Cru 2019,NY,PA,USD,84.99,5,1,,,,,750,13.5,,92,,,91,,94,,,,,,
w656,The Barrel Room,https://www.wine.com/product/product/famille-perrin-chateauneuf-du-pape-les-sinards-blanc-2021/1122933,Rhone White Blends,15,Chateauneuf-du-Pape,$44.99,"Chateauneuf-du-Pape, Rhone, France",1122933,C/I: Long Tail,In Stock,VBDPER180621_2021,Famille Perrin The Barrel Room Winery Image,Wine:Product Detail:Famille Perrin Chateauneuf-du-Pape Les Sinards Blanc 2021,NY,PA,USD,44.99,5,1,,,winery-image,2018-08-14T23:35:29+0000,750,14,,90,,,,,91,,,,,,
w657,Domaine Laroche Winery Image,https://www.wine.com/product/product/domaine-laroche-chablis-les-vaudevey-premier-cru-2020/948160,Chardonnay,1,Chablis,$61.99,"Chablis, Burgundy, France",948160,C/I: Long Tail,In Stock - Last Call,WDW10000220202420_2020,Domaine Laroche Winery Image,Wine:Product Detail:Domaine Laroche Chablis Les Vaudevey Premier Cru 2020,NY,PA,USD,61.99,5,1,,,winery-image,2019-03-29T21:53:32+0000,750,12.5,,91,,,,,,,,,,,
w658,Rocca di Frassinello Winery Image,https://www.wine.com/product/product/rocca-di-frassinello-le-sughere-di-frassinello-2019/1172905,Tuscan Blends,1001,Tuscany,$28.99,"Tuscany, Italy",1172905,C/I: Popular,In Stock,VIYITFRASU7519_2019,Rocca di Frassinello Winery Image,Wine:Product Detail:Rocca di Frassinello Le Sughere di Frassinello 2019,NY,PA,USD,28.99,5,1,5,1,winery-image,2018-02-01T23:41:35+0000,750,14.5,92.0,90,,,,,,,,,,,
w659,The Barrel Cellar,https://www.wine.com/product/product/chateau-cos-destournel-blanc-2019/583643,Bordeaux White Blends,10,St. Estephe,$179.99,"St. Estephe, Bordeaux, France",583643,C/I: Luxury BDX,In Stock,FNY583643_2019,"The imposing barrel cellar, with its glass and stone footbridge, provides a magnificent setting for fifteen hundred perfectly aligned wooden barrels. Its pure, contemporary lines and contrasting materials reveal themselves under gently emanating light.",Wine:Product Detail:Chateau Cos d'Estournel Blanc 2019,NY,PA,USD,179.99,5,1,,,winery-image,2018-04-06T22:19:08+0000,750,14.4,98.0,93,,97,,,94,92,96,,,,
w660,Filtering wine with egg whites,https://www.wine.com/product/product/bodegas-muga-torre-muga-2019/1186152,Tempranillo,49,Rioja,$129.99,"Rioja, Spain",1186152,C/I: Exception,In Stock,WDW10500220402419_2019,Bodegas Muga Filtering wine with egg whites Winery Image,Wine:Product Detail:Bodegas Muga Torre Muga 2019,NY,PA,USD,129.99,5,1,,,winery-image,2019-03-27T16:11:56+0000,750,14.5,97.0,93,,,,,,95,98,,,,
w661,2015 Oakville Cabernet Sauvignon,https://www.wine.com/product/product/hoopes-oakville-cabernet-sauvignon-2015/781255,Cabernet Sauvignon,151,Oakville,$119.99,"Oakville, Napa Valley, California",781255,C/I: Long Tail,In Stock,TON72695_15_2015,"Hoopes Oakville Cabernet Sauvignon 2015 from Oakville, Napa Valley, California - The 2015 Oakville Cabernet Sauvignon is a dark, concentrated and brooding wine. Those familiar with Hoopes Vineyard wines will recognize the signature aromas an...",Wine:Product Detail:Hoopes Oakville Cabernet Sauvignon 2015,NY,PA,USD,119.99,5,1,5,1,,,750,14.9,92.0,92,92,,,91,90,,,,,,
w662,Milbrandt Winery Image,https://www.wine.com/product/product/milbrandt-family-grown-cabernet-sauvignon-2019/847737,Cabernet Sauvignon,84,Columbia Valley,$16.99,"Columbia Valley, Washington",847737,C/I: Popular,In Stock,WLD18403_2019,Milbrandt Winery Image,Wine:Product Detail:Milbrandt Family Grown Cabernet Sauvignon 2019,NY,PA,USD,16.99,5,1,5,1,winery-image,2018-02-01T23:41:37+0000,750,14,91.0,90,,,,,,,,,,,
w663,The Steep Vineyards of Pritchard Hill,https://www.wine.com/product/product/chappellet-pritchard-hill-estate-vineyard-cabernet-sauvignon-2019/1140471,Cabernet Sauvignon,55,Napa Valley,$299.99,"Napa Valley, California",1140471,C/I: MAP,In Stock,WDW10517100152419_2019,Oat seed is spread as a cover crop to hold soil on steep terraces and add nutriments.,Wine:Product Detail:Chappellet Pritchard Hill Estate Vineyard Cabernet Sauvignon 2019,NY,PA,USD,299.99,5,1,5,1,winery-image,2018-04-04T19:02:37+0000,750,14.5,98.0,94,99,,,,,99,98,,,,
w664,Careful Attention To The Grapes,https://www.wine.com/product/product/lions-head-panthera-pinot-noir-2019/710018,Pinot Noir,5,Sonoma Coast,$43.99,"Sonoma Coast, Sonoma County, California",710018,C/I: Long Tail,In Stock,CGM50284_2019,"Sourcing from smaller vineyards, the Lions Head winemaking team uses smaller fermentation tanks. The fruits and flavors from each vineyard are able to be showcased with this method.",Wine:Product Detail:Lions Head Panthera Pinot Noir 2019,NY,PA,USD,43.99,5,1,,,winery-image,2023-05-03T14:34:51+0000,750,14.4,91.0,91,91,,,,90,,,,,,
w665,Tasting in the Library,https://www.wine.com/product/product/bethel-heights-estate-pinot-noir-2021/1099772,Pinot Noir,94,Eola-Amity Hills,$35.99,"Eola-Amity Hills, Willamette Valley, Oregon",1099772,C/I: Popular,In Stock,WLD19827_2021,Bethel Heights Tasting in the Library Winery Image,Wine:Product Detail:Bethel Heights Estate Pinot Noir 2021,NY,PA,USD,35.99,5,1,5,1,winery-image,2018-04-13T23:24:31+0000,750,13.2,93.0,93,,,,,,92,,,,,
w666,Louisa Rose,https://www.wine.com/product/product/jansz-premium-rose-special-release-label/1198839,Sparkling Rosé,353,Tasmania,$25.99,"Tasmania, Australia",1198839,C/I: Long Tail,In Stock,WBO30295891_0,Jansz Louisa Rose Winery Image,Wine:Product Detail:Jansz Premium Rose Special Release Label,NY,PA,USD,25.99,5,1,5,1,winery-image,2020-01-03T19:33:52+0000,750,12.5,91.0,91,92,92,,90,91,,,,,,
w667,Dona Angeles Vineyard,https://www.wine.com/product/product/antigal-uno-malbec-2019/1337920,Malbec,1017,Mendoza,$21.99,"Mendoza, Argentina",1337920,C/I: Popular,In Stock,PIN557784_2019,"Located in Uco Valley, one of the most important wine regions in Argentina.",Wine:Product Detail:Antigal Uno Malbec 2019,NY,PA,USD,21.99,5,1,,,winery-image,2021-03-19T22:19:38+0000,750,13.9,90.0,90,91,,,,90,,,,,,92
w668,Thale's Vineyard,https://www.wine.com/product/product/macrostie-sonoma-coast-chardonnay-375ml-half-bottle-2020/1210931,Chardonnay,227,Sonoma Coast,$15.99,"Sonoma Coast, Sonoma County, California",1210931,C/I: Exception,In Stock,WBO30307286_2020,MacRostie’s stunning 13-acre estate Pinot Noir vineyard on Westside Road is also the home of the winery’s new tasting facility and purpose-built winery.,Wine:Product Detail:MacRostie Sonoma Coast Chardonnay (375ML half-bottle) 2020,NY,PA,USD,15.99,5,1,,,winery-image,2018-04-05T21:55:39+0000,375,14.5,,92,,,,,91,,,,,,93
w669,2017 Special Club Brut Blanc de Noirs,https://www.wine.com/product/product/mousse-fils-special-club-brut-blanc-de-noirs-2017/1166754,Vintage Sparkling Wine,2,Champagne,$114.99,"Champagne, France",1166754,C/I: Long Tail,In Stock,SKRFRKMS4017_2017,"Mousse Fils Special Club Brut Blanc de Noirs 2017 from Champagne, France - 100% Pinot Meunier. Village/vineyard: Cuisles - 4 parcels from the lieu-dit ‘Les Fortes Terres’. Illite (green clay) soils. Elevage in stainless steel. Aged sur...",Wine:Product Detail:Mousse Fils Special Club Brut Blanc de Noirs 2017,NY,PA,USD,114.99,5,1,,,,,750,0,,92,,,,,,,95,,,,
w670,Emilio Hidalgo Winery Image,https://www.wine.com/product/product/emilio-hidalgo-morenita-cream-sherry/165570,Sherry,35,Jerez,$12.99,"Jerez, Spain",165570,C/I: Long Tail,In Stock,WBO30061930_0,Emilio Hidalgo Winery Image,Wine:Product Detail:Emilio Hidalgo Morenita Cream Sherry,NY,PA,USD,12.99,5,1,5,1,winery-image,2018-02-01T23:41:15+0000,750,17,,91,,,,,90,,,,,,
w671,Winemaker Heidi Von Der Mehden,https://www.wine.com/product/product/merry-edwards-russian-river-pinot-noir-2020/1172856,Pinot Noir,63,Russian River,$79.99,"Russian River, Sonoma County, California",1172856,C/I: Long Tail,In Stock,WLD20576_2020,Merry Edwards Winemaker Heidi Von Der Mehden Winery Image,Wine:Product Detail:Merry Edwards Russian River Pinot Noir 2020,NY,PA,USD,79.99,5,1,,,winery-image,2020-04-06T17:58:58+0000,750,14.5,,92,,,,,,90,93,,,,
w672,"Apalta, Colchagua Valley",https://www.wine.com/product/product/primus-cabernet-sauvignon-2019/824730,Cabernet Sauvignon,862,Maipo Valley,$25.99,"Maipo Valley, Chile",824730,C/I: Long Tail,In Stock,PIN558188_2019,The Apalta vineyards are located on old alluvial riverbeds of the Tinguiririca.,Wine:Product Detail:Primus Cabernet Sauvignon 2019,NY,PA,USD,25.99,5,1,,,winery-image,2020-02-03T21:45:19+0000,750,13.5,91.0,90,,,,,,,,,,,
w673,Chateau Branaire-Ducru Winery Image,https://www.wine.com/product/product/chateau-branaire-ducru-2019/582271,Bordeaux Red Blends,70,St-Julien,$59.99,"St-Julien, Bordeaux, France",582271,C/I: Luxury BDX,In Stock,FNY582271_2019,Chateau Branaire-Ducru Winery Image,Wine:Product Detail:Chateau Branaire-Ducru 2019,NY,PA,USD,59.99,5,1,5,1,winery-image,2018-02-01T23:41:38+0000,750,13.7,95.0,94,,93,,,96,95,96,,,,
w674,Dentelles de Montmirail,https://www.wine.com/product/product/chateau-de-saint-cosme-cotes-du-rhone-2021/974712,Rhone Red Blends,1710,Cotes du Rhone,$19.99,"Cotes du Rhone, Rhone, France",974712,C/I: Popular,In Stock,WBO30291427_2021,Chateau de Saint Cosme Dentelles de Montmirail Winery Image,Wine:Product Detail:Chateau de Saint Cosme Cotes-du-Rhone 2021,NY,PA,USD,19.99,5,1,5,1,winery-image,2019-10-10T19:13:52+0000,750,14.4,,89,,,,,,,,,,,
w675,Domaine Roux Pere & Fils  Winery Image,https://www.wine.com/product/product/domaine-roux-pere-and-fils-st-aubin-les-frionnes-premier-cru-rouge-2020/1340082,Pinot Noir,180,St-Aubin,$59.99,"St-Aubin, Cote de Beaune, Cote d'Or, Burgundy, France",1340082,C/I: Long Tail,In Stock,TON14706_20_2020,Domaine Roux is situated in the Saint Aubin village of the Côte de Beaune.,Wine:Product Detail:Domaine Roux Pere & Fils St-Aubin Les Frionnes Premier Cru Rouge 2020,NY,PA,USD,59.99,5,1,5,1,winery-image,2021-07-15T22:24:17+0000,750,0,93.0,90,,,,,,,,,,,
w676,La Guita Manzanilla,https://www.wine.com/product/product/hijos-de-rainera-perez-marin-la-guita-manzanilla/125866,Sherry,24,Jerez,$16.99,"Jerez, Spain",125866,C/I: Long Tail,In Stock,VNT10600100NV_01_0,"Hijos de Rainera Perez Marin La Guita Manzanilla from Jerez, Spain - #30 Wine Spectator Top 100 of 2017 The color is a lemon golden yellow.  It is clear and fresh on the nose, with aromas indicating a very good biological aging, ...",Wine:Product Detail:Hijos de Rainera Perez Marin La Guita Manzanilla,NY,PA,USD,16.99,5,1,5,1,,,750,15,94.0,91,92,,,91,,90,,,,,
w677,Croft Quinta da Roêda Vineyards,https://www.wine.com/product/product/croft-vintage-port-2017/539516,Port,3,Douro,$95.00,"Douro, Portugal",539516,C/I: Exception,In Stock,CGM43709_2017,Croft Croft Quinta da Roêda Vineyards Winery Image,Wine:Product Detail:Croft Vintage Port 2017,NY,PA,USD,95.0,5,1,5,1,winery-image,2020-09-11T18:28:20+0000,750,20,97.0,97,,96,,95,93,95,,,,,
w678,"La Grande Dame, the Glory of Pinot Noir",https://www.wine.com/product/product/veuve-clicquot-la-grande-dame-by-paola-paronetto-with-gift-box-2015/1153210,Vintage Sparkling Wine,387,Champagne,$239.97,"Champagne, France",1153210,C/I: Long Tail,In Stock,CGM55418_2015,"More than 200 years ago, Madame Clicquot was already particularly fond of this grape variety. The predominance of Pinot Noir marks out the style of Veuve Clicquot, and has become the signature of the House.​",Wine:Product Detail:Veuve Clicquot La Grande Dame by Paola Paronetto with Gift Box 2015,NY,PA,USD,239.97,5,1,,,winery-image,2022-07-19T00:16:26+0000,750,12.5,,95,96,,,,,,,,,,
w679,Gauggiole Vineyard ,https://www.wine.com/product/product/castiglion-del-bosco-brunello-di-montalcino-millecento-riserva-2016/1204289,Sangiovese,2,Montalcino,$259.99,"Montalcino, Tuscany, Italy",1204289,C/I: Long Tail,In Stock,CGM53893_2016,"Located in the northern part of the estate, next to the golf course and just below one of Castiglion del Bosco's most sumptuous villas.",Wine:Product Detail:Castiglion del Bosco Brunello di Montalcino Millecento Riserva 2016,NY,PA,USD,259.99,5,1,,,winery-image,2020-07-10T16:02:19+0000,750,15,97.0,97,,,,95,,,,,,,
w680,Winemaker Matthew Day,https://www.wine.com/product/product/klein-constantia-estate-red-blend-2018/937196,Bordeaux Red Blends,116,Constantia,$31.99,"Constantia, South Africa",937196,C/I: Long Tail,In Stock,WLD17321_2018,Klein Constantia Winemaker Matthew Day Winery Image,Wine:Product Detail:Klein Constantia Estate Red Blend 2018,NY,PA,USD,31.99,5,1,5,1,winery-image,2018-09-07T22:31:32+0000,750,13.98,,91,,,,,,,,,92,,
w95,,https://www.wine.com/product/product/moet-and-chandon-imperial-brut-with-red-velvet-gift-bag/535391,Mixed Collections,655,Other,$74.97,Other,535391,,In Stock,PDX535391NY_0,"Moet & Chandon Imperial Brut with Red Velvet Gift Bag from Other - The perfect way to gift this fantastic Champagne from France is in our gorgeous, luxury red velvet gift bag.  Sure to WOW your recipient!Wine Gift Set Includes:...",Wine Collections:Product Detail:Moet & Chandon Imperial Brut with Red Velvet Gift Bag,NY,PA,USD,74.97,5,1,,,,,750,0,,90,,90,,90,,,,,,,92
w117,,https://www.wine.com/product/product/veuve-clicquot-and-viski-hammered-ice-bucket/126257,Mixed Collections,111,Champagne,$119.97,"Champagne, France",126257,C/I: Direct Import,In Stock,PDX126257NJ_0,"Veuve Clicquot & Viski Hammered Ice Bucket from Champagne, France - Veuve Clicquot's signature brut non-vintage is loved the world over for its crisp, full flavors, consistent quality and celebratory yellow label. The predominan...",Wine Collections:Product Detail:Veuve Clicquot & Viski Hammered Ice Bucket,NY,PA,USD,119.97,5,1,,,,,0,0,92.0,90,92,,,,,,,,,,
w131,,https://www.wine.com/product/product/bollinger-brut-special-cuvee-with-red-velvet-gift-bag/567336,Mixed Collections,121,Champagne,$94.99,"Champagne, France",567336,,In Stock,PDX567336NY_0,"Bollinger Brut Special Cuvee with Red Velvet Gift Bag from Champagne, France - The perfect way to gift this fantastic Champagne from France is in our gorgeous, luxury red velvet gift bag.  Sure to WOW your recipient!Wine Gift Set Includes:...",Wine Collections:Product Detail:Bollinger Brut Special Cuvee with Red Velvet Gift Bag,NY,PA,USD,94.99,5,1,,,,,750,0,92.0,93,94,90,,91,92,91,93,,,,
w213,,https://www.wine.com/product/product/gh-mumm-brut-grand-cordon-with-red-velvet-gift-bag/535397,Mixed Collections,632,Other,$59.99,Other,535397,,In Stock,PDX535397NY_0,"G.H. Mumm Brut Grand Cordon with Red Velvet Gift Bag from Other - The perfect way to gift this fantastic Champagne is in our gorgeous, luxury red velvet gift bag.  Sure to WOW your recipient!Wine Gift Set Includes:G.H. Mumm Br...",Wine Collections:Product Detail:G.H. Mumm Brut Grand Cordon with Red Velvet Gift Bag,NY,PA,USD,59.99,5,1,,,,,750,0,91.0,90,,,,,,,,,,,
